Portal,Título,Resumo,Data,URL
Joven Pan,Fortes chuvas voltam a atingir o país; veja previsão para SP,"O sistema intensificou a entrada de umidade e mantém a atmosfera instável, favorecendo a formação de áreas de chuva entre Minas Gerais e Rio de Janeiro",2026-05-21 14:00:02,https://jovempan.com.br/noticias/brasil/fortes-chuvas-voltam-a-atingir-o-pais-veja-previsao-para-sp.html
Joven Pan,"Frente fria avança sobre SP e traz chuva, ventos fortes e queda nas temperaturas","Na capital paulista, os termômetros devem chegar a 12°C durante as madrugadas",2026-05-09 09:05:07,https://jovempan.com.br/noticias/brasil/frente-fria-avanca-sobre-sp-e-traz-chuva-ventos-fortes-e-queda-nas-temperaturas.html
Joven Pan,Justiça inglesa rejeita recurso da BHP e mantém condenação pelo desastre de Mariana,Tribunal de Apelação encerra última via recursal comum no Reino Unido; processo agora avança para a fase de cálculo das indenizações às vítimas da tragédia,2026-05-06 09:00:03,https://jovempan.com.br/noticias/brasil/justica-inglesa-rejeita-recurso-da-bhp-e-mantem-condenacao-pelo-desastre-de-mariana.html
Joven Pan,Inmet emite alerta de perigo para chuvas intensas em áreas da Região Norte,A previsão do Inmet é de chuva entre 30 e 60 milímetros (mm) e ventos que podem chegar a 100 quilômetros por hora (km/h),2026-05-03 16:03:05,https://jovempan.com.br/noticias/brasil/inmet-emite-alerta-de-perigo-para-chuvas-intensas-em-areas-da-regiao-norte.html
Joven Pan,Governo da Paraíba decreta estado de calamidade pública após fortes chuvas,"De acordo com o Ministério da Integração e do Desenvolvimento Regional, o estado tem mais de 16 mil afetados pelas chuvas; duas pessoas morreram",2026-05-03 14:05:00,https://jovempan.com.br/noticias/brasil/governo-da-paraiba-decreta-estado-de-calamidade-publica-apos-fortes-chuvas.html
Joven Pan,Chuvas no Nordeste causam 8 mortes e afetam mais de 10 mil pessoas,"Entre as vítimas estão um bebê de seis meses, outro de um ano e uma criança de 7 anos; tempestades provocaram danos em pelo menos 27 municípios do Pernambuco",2026-05-03 11:04:00,https://jovempan.com.br/noticias/brasil/chuvas-no-nordeste-causam-8-mortes-e-afetam-mais-de-10-mil-pessoas.html
Joven Pan,SP deve registrar queda de temperatura com chuva forte neste domingo,"A mudança do tempo é causada pelo avanço de uma frente fria mais ativa pelo oceano, o que provoca aumento significativo de instabilidade",2026-05-03 08:03:00,https://jovempan.com.br/noticias/brasil/sao-paulo-deve-registrar-queda-de-temperatura-com-chuva-forte-neste-domingo.html
Joven Pan,Inmet emite alerta após chuvas no Nordeste deixarem pelo menos 6 mortos,"De acordo com o órgão, a previsão é de temporais entre 50 e 100mm no dia e ventos intensos entre 60 e 100 km/h, com risco de corte de energia elétrica e alagamentos",2026-05-02 12:01:02,https://jovempan.com.br/noticias/brasil/inmet-emite-alerta-apos-chuvas-no-nordeste-deixarem-pelo-menos-6-mortos.html
Joven Pan,Chuvas fortes deixam ao menos 4 mortos e mais de 1 mil desalojados em Pernambuco,A Defesa Civil estadual também registra cinco feridos,2026-05-01 19:05:06,https://jovempan.com.br/noticias/brasil/chuvas-fortes-deixam-mortos-em-pernambuco.html
Joven Pan,Chuvas: Governo envia Defesa Civil para Pernambuco e Paraíba,Fortes chuvas atingem hoje as regiões,2026-05-01 19:00:07,https://jovempan.com.br/noticias/brasil/chuvas-governo-envia-defesa-civil-para-pernambuco-e-paraiba.html
Joven Pan,"SP e RJ terão sol e calor, mas frente fria traz chuva no domingo","Feriado prolongado de 1º de maio terá tempo firme em grande parte do Brasil, mas a passagem de uma massa fria atinge o sul e o sudeste",2026-04-30 09:04:01,https://jovempan.com.br/noticias/brasil/sp-e-rj-terao-sol-e-calor-mas-frente-fria-traz-chuva-no-domingo.html
Joven Pan,Frente fria provoca chuvas e derruba temperaturas no centro-sul,"Alerta inclui ventos fortes, ressaca e risco de geada",2026-04-28 06:05:02,https://jovempan.com.br/noticias/brasil/frente-fria-provoca-chuvas-e-derruba-temperaturas-no-centro-sul.html
Joven Pan,Seguro auto cobre enchente? O que a sua apólice realmente diz,"Análise detalhada das coberturas, exclusões e procedimentos para acionar o seguro em caso de danos por água",2026-04-28 05:03:09,https://jovempan.com.br/noticias/seguro-auto-cobre-enchente-o-que-a-sua-apolice-realmente-diz.html
Joven Pan,"El Niño deve entrar em ação em maio e afetar chuvas no Brasil, diz entidade internacional","Segundo a Organização Meteorológica Mundial, as temperaturas da superfície do mar no Pacífico Equatorial estão subindo rapidamente após um período de neutralidade no início do ano",2026-04-27 14:01:09,https://jovempan.com.br/noticias/brasil/el-nino-deve-entrar-em-acao-em-maio-e-afetar-chuvas-no-brasil-diz-entidade-internacional.html
Joven Pan,Brasil tem alertas de tempestade e baixa umidade nesta quarta-feira,"Norte e Nordeste estão sob alerta para chuvas intensas até quinta (23), com avisos laranja e amarelo do Inmet",2026-04-22 12:00:00,https://jovempan.com.br/noticias/brasil/brasil-tem-alertas-de-tempestade-e-baixa-umidade-nesta-quarta-feira.html
Joven Pan,Pane elétrica na chuva: entenda as causas e como evitar o problema,Análise técnica dos componentes vulneráveis à água e guia de manutenção preventiva para dirigir com segurança em alagamento,2026-04-19 03:05:00,https://jovempan.com.br/noticias/brasil/pane-eletrica-na-chuva-entenda-as-causas-e-como-evitar-o-problema.html
Joven Pan,Guia para dirigir à noite com chuva: visibilidade e segurança,"Técnicas de condução, manutenção preventiva e tecnologias para máxima segurança sob baixa visibilidade",2026-04-19 02:00:01,https://jovempan.com.br/noticias/brasil/guia-para-dirigir-a-noite-com-chuva-visibilidade-e-seguranca.html
Joven Pan,Chegada de frente fria no litoral deve causar chuva e queda de temperatura em SP,"O Centro de Gerenciamento de Emergências (CGE) alerta que, ao longo da semana, o tempo deve mudar a partir da tarde, com previsão de pancadas de chuva generalizadas",2026-04-06 13:01:08,https://jovempan.com.br/noticias/brasil/chegada-de-frente-fria-no-litoral-deve-causar-chuva-e-queda-de-temperatura-em-sp.html
Joven Pan,Inmet emite alerta de tempestades para maior parte do Brasil até terça,"Apesar dos avisos, por ora, o instituto avalia haver baixo risco de alagamentos, queda de galhos, corte de energia e estragos em plantações",2026-04-05 17:00:09,https://jovempan.com.br/noticias/brasil/inmet-emite-alerta-de-tempestades-para-maior-parte-do-brasil-ate-terca.html
Joven Pan,Domingo de Páscoa terá calor e pancadas de chuva,"Neste sábado, os termômetros na capital paulista chegaram a registrar 32°C na região da Avenida Paulista",2026-04-04 17:04:01,https://jovempan.com.br/noticias/brasil/domingo-de-pascoa-tera-calor-e-pancadas-de-chuva.html
Joven Pan,Chegada de ciclone e frente fria aumenta a chance de chuvas no país,Primeira semana do outono começa com mudanças no tempo em diferentes regiões,2026-03-24 11:05:04,https://jovempan.com.br/noticias/brasil/chegada-de-ciclone-e-frente-fria-aumenta-a-chance-de-chuvas-no-pais.html
Joven Pan,"Chuva dá trégua em SP nesta sexta, mas Sudeste segue em alerta","Temperatura em São Paulo sobe, com máxima prevista de 26ºC; instabilidades são esperadas no Norte e Centro-Oeste",2026-03-13 08:01:04,https://jovempan.com.br/programas/jornal-da-manha/chuva-da-tregua-em-sp-nesta-sexta-mas-sudeste-segue-em-alerta.html
Joven Pan,Cidade de SP entra em alerta vermelho para fortes chuvas e alagamentos,Inmet informou que há risco de precipitação superior a 60 milímetros por hora ou acima de 100 milímetros por dia,2026-03-12 10:01:06,https://jovempan.com.br/noticias/brasil/cidade-de-sp-entra-em-alerta-vermelho-para-fortes-chuvas-e-alagamentos.html
Joven Pan,São Paulo pode receber mais da metade da chuva prevista para março nos próximos quatro dias,Gabinete de Crise da Defesa Civil segue monitorando; cenário é de atenção para o estado paulista,2026-03-09 21:05:06,https://jovempan.com.br/noticias/brasil/sao-paulo-pode-receber-mais-da-metade-da-chuva-prevista-para-marco-nos-proximos-dias.html
Joven Pan,Defesa Civil emite alerta para chuvas intensas em São Paulo até quarta-feira,"Órgão informou que a previsão para os próximos dias é de tempestades, rajadas de vento e raios em diferentes regiões do estado",2026-03-09 12:03:02,https://jovempan.com.br/noticias/brasil/defesa-civil-emite-alerta-para-chuvas-intensas-em-sao-paulo-para-ate-quarta-feira.html
Joven Pan,Fortes chuvas destroem academia de crossfit na Zona Sul de SP,"Em entrevista à Jovem Pan, o responsável pelo local, Ricardo Tost, afirmou que prejuízo estimado ultrapassa a marca dos R$ 100 mil",2026-03-09 11:01:02,https://jovempan.com.br/programas/jornal-da-manha/fortes-chuvas-destroem-academia-de-crossfit-na-zona-sul-de-sp.html
Joven Pan,"Forte chuva derruba parte de muro do Aeroporto de Congonhas, em São Paulo","Apesar do incidente, não houve registro de feridos e as operações do local não foram afetadas",2026-03-08 22:00:04,https://jovempan.com.br/noticias/brasil/forte-chuva-derruba-parte-de-muro-do-aeroporto-de-congonhas-em-sao-paulo.html
Joven Pan,Chuvas provocam duas mortes em SP neste sábado,Previsão para o domingo é de mais chuvas com rajadas de ventos,2026-03-08 11:01:09,https://jovempan.com.br/noticias/brasil/chuvas-provocam-morte-de-duas-pessoas-em-sp.html
Joven Pan,Inmet emite alerta laranja para ventos e tempestades no Sul e Sudeste,"No Rio Grande do Sul a chuva deve alcançar entre 50 e 10 milímetros por dia, com ventos que podem chegar a 100 quilômetros por hora",2026-03-07 11:03:09,https://jovempan.com.br/noticias/brasil/inmet-emite-alerta-laranja-para-ventos-e-tempestades-no-sul-e-sudeste.html
Joven Pan,Forte chuva coloca regiões de São Paulo em estado de atenção para alagamentos,"Temporal na manhã deste sábado (7) atinge zonas norte, oeste e centro da capital, além da Marginal Tietê, menos de 24 horas após outra chuva causar estragos na cidade",2026-03-07 09:02:08,https://jovempan.com.br/noticias/brasil/forte-chuva-coloca-regioes-de-sao-paulo-em-estado-de-atencao-para-alagamentos.html
Joven Pan,Cidade de SP entra em estado de atenção para alagamentos; Defesa Civil emite alerta,"Imagens do radar meteorológico do CGE da Prefeitura de São Paulo mostram chuva nas zonas Norte, Oeste e Leste",2026-03-06 13:04:05,https://jovempan.com.br/noticias/brasil/cidade-de-sp-entra-em-estado-de-atencao-para-alagamentos-defesa-civil-emite-alerta.html
Joven Pan,Inmet emite alertas laranja e amarelo para chuvas em SP e outros estados,"No domingo (8), a aproximação de uma frente fria muda o tempo na cidade de São Paulo",2026-03-06 13:02:01,https://jovempan.com.br/noticias/brasil/inmet-emite-alertas-laranja-e-amarelo-para-chuvas-em-sp-e-outros-estados.html
Joven Pan,Sobe para 72 o número de mortos nas chuvas em Minas Gerais,"Uma pessoa continua desaparecida em Ubá, segundo Polícia Civil",2026-03-01 10:03:08,https://jovempan.com.br/noticias/brasil/sobe-para-72-o-numero-de-mortos-nas-chuvas-em-minas-gerais.html
Joven Pan,"Minas Gerais, Rio de Janeiro e outros estados seguem com alerta vermelho para chuvas",O alerta vermelho para acúmulo de chuva indica precipitação superior a 60 mm/h ou acima de 100 mm/dia,2026-02-27 12:02:01,https://jovempan.com.br/noticias/brasil/minas-gerais-rio-de-janeiro-e-outros-estados-seguem-com-alerta-vermelho-para-chuvas.html
Joven Pan,Chuvas em Minas Gerais: Sobe para 64 número de mortos,"Temporais que atingiram Juiz de Fora, Ubá e outros municípios da Zona da Mata também deixaram desaparecidos e centenas de pessoas foram resgatadas na região",2026-02-26 09:04:00,https://jovempan.com.br/noticias/brasil/chuvas-minas-gerais-numero-de-mortos.html
Joven Pan,Chuvas deixam desabrigados e cenário de incerteza em Juiz de Fora,Mais de 3 mil pessoas estão sem moradia fixa desde segunda-feira (23),2026-02-26 06:03:03,https://jovempan.com.br/noticias/brasil/chuvas-deixam-desabrigados-e-cenario-de-incerteza-em-juiz-de-fora.html
Joven Pan,Juiz de Fora volta a registrar chuvas fortes; veja vídeos,"Município está em estado de calamidade desde a passagem de um temporal na Zona da Mata mineira, na segunda-feira (23)",2026-02-25 23:03:02,https://jovempan.com.br/noticias/brasil/juiz-de-fora-volta-a-registrar-chuvas-fortes-veja-videos.html
Joven Pan,"Minas tem risco de novas chuvas nesta semana, diz Inmet","Segundo instituto, a precipitação será superior a 60 milímetros por hora ou acima de 100 mm/dia; fevereiro é um dos meses mais chuvosos dos últimos anos no estado",2026-02-25 11:02:06,https://jovempan.com.br/noticias/brasil/minas-tem-risco-de-novas-chuvas-nesta-semana-diz-inmet.html
Joven Pan,Chuvas em Minas Gerais: número de mortos sobe para 49,"Chuvas que atingiram Juiz de Fora, Ubá e outros municípios da Zona da Mata também deixaram desaparecidos e centenas de pessoas resgatadas na região",2026-02-25 08:04:05,https://jovempan.com.br/noticias/brasil/chuvas-em-minas-gerais-numero-de-mortos-sobe-para-36.html
Joven Pan,"Entenda o que é ‘supercélula’, fenômeno que causou chuva extrema em MG","O evento climático pode gerar ventos fortes, granizo, chuvas intensas e tornados",2026-02-24 14:04:08,https://jovempan.com.br/noticias/brasil/entenda-o-que-e-supercelula-fenomeno-que-causou-chuva-extrema-em-mg.html
Joven Pan,Tempestade deixa mais de 300 pessoas desabrigadas no litoral de São Paulo,"Peruíbe é o município mais atingido, com 56 milímetros de água acumulados em um dia; não foram registradas vítimas",2026-02-24 11:02:02,https://jovempan.com.br/noticias/brasil/chuvas-litoral-sao-paulo.html
Joven Pan,Chuvas deixam ao menos 30 mortos em Minas Gerais; Juiz de Fora decreta calamidade,"Vinte e quatro mortes aconteceram em Juiz de Fora, e seis no município de Ubá",2026-02-24 08:01:02,https://jovempan.com.br/noticias/brasil/chuvas-deixam-mortes-na-zona-da-mata-juiz-de-fora-decreta-estado-de-calamidade.html
Joven Pan,Ubatuba decreta situação de emergência após chuvas no fim de semana,"Neste domingo, 15 famílias ficaram desabrigadas e outras 15 foram desalojadas",2026-02-23 14:00:06,https://jovempan.com.br/noticias/brasil/ubatuba-decreta-situacao-de-emergencia-apos-chuvas-no-fim-de-semana.html
Joven Pan,Defesa Civil instala gabinete de crise para enfrentar chuvas no litoral de SP,"Últimas 48 horas foram marcadas por altos índices de temporais, com destaque para Peruíbe, com 271 mm, e Ubatuba, com 235 mm",2026-02-23 09:02:01,https://jovempan.com.br/noticias/brasil/defesa-civil-instala-gabinete-de-crise-para-enfrentar-chuvas-no-litoral-de-sp.html
Joven Pan,Naufrágio provocado por chuva forte deixa dois mortos em Ubatuba,"Outras três pessoas foram resgatadas com vida próximo ao bairro de Ponta Grossa, segundo o Grupamento de Bombeiros Marítimo",2026-02-22 14:00:00,https://jovempan.com.br/noticias/brasil/naufragio-provocado-por-chuva-forte-deixa-dois-mortos-em-ubatuba.html
Joven Pan,Frente fria coloca estado de SP em alerta para chuvas fortes e risco de alagamentos,"De acordo com a Defesa Civil, previsão é de risco de granizo, alagamentos e deslizamentos entre essa quarta (18) e quinta-feira (19)",2026-02-18 08:03:06,https://jovempan.com.br/noticias/brasil/frente-fria-coloca-estado-de-sp-em-alerta-para-chuvas-fortes-e-risco-de-alagamentos.html
Joven Pan,Carnaval deve ter chuva e calor em grande parte do país,"Previsão indica chuva localizada principalmente à tarde, com temperaturas em elevação ao longo do dia",2026-02-13 13:03:09,https://jovempan.com.br/noticias/brasil/carnaval-deve-ter-chuva-e-calor-em-grande-parte-do-pais.html
Joven Pan,Defesa Civil coloca 45 cidades de SP em atenção para deslizamentos,Chuvas intensas nas últimas 72 horas saturaram o solo e elevaram o risco em áreas de encosta no estado,2026-02-10 12:04:08,https://jovempan.com.br/noticias/brasil/defesa-civil-coloca-45-cidades-de-sp-em-atencao-para-deslizamentos.html
Joven Pan,Inmet emite alerta de chuvas intensas para todas as regiões do Brasil,"De acordo com o instituto, em algumas áreas, o volume de precipitação pode chegar a 100 milímetros em 24 horas nesta segunda-feira (9)",2026-02-09 08:01:08,https://jovempan.com.br/noticias/brasil/inmet-emite-alerta-de-chuvas-intensas-para-todas-as-regioes-do-brasil.html
Joven Pan,Defesa Civil de SP mobiliza gabinete de crise após tempestades no estado,"Em São Carlos, em 24 horas, choveu o volume esperado para 24 dias; previsão indica manutenção do risco de alagamentos e deslizamentos entre este domingo (8) e segunda-feira (9)",2026-02-08 13:03:08,https://jovempan.com.br/noticias/brasil/defesa-civil-de-sp-mobiliza-gabinete-de-crise-tempestades-no-estado.html
Joven Pan,Defesa Civil de SP alerta para risco de chuvas ‘fortes e persistentes’,"Alerta indica que, entre sábado (7) e segunda-feira (9), a previsão é de chuva persistente em todo o Estado e Gabinete de Crise será instalado em formato remoto.",2026-02-07 11:00:00,https://jovempan.com.br/noticias/brasil/defesa-civil-de-sp-alerta-para-risco-de-chuvas-fortes-e-persistentes.html
Joven Pan,Inmet divulga alerta de perigo sobre chuvas intensas na Paraíba,"Em João Pessoa, na capital do estado, o registro foi de chuva acima da média histórica para todo o mês de fevereiro",2026-02-06 21:03:06,https://jovempan.com.br/noticias/brasil/inmet-divulga-alerta-de-perigo-sobre-chuvas-intensas-na-paraiba.html
Joven Pan,Frente fria provoca chuva e queda de temperaturas em SP e em outros Estados,"De acordo com informações da Climatempo, a combinação entre calor, umidade elevada e a aproximação da frente fria irão favorecer a ocorrência de pancadas de chuva moderadas a fortes, principalmente no período da tarde e da noite",2026-02-05 10:04:00,https://jovempan.com.br/noticias/brasil/frente-fria-provoca-chuva-e-queda-de-temperaturas-em-sp-e-em-outros-estados.html
Joven Pan,Defesa Civil de SP alerta para risco de tempestades nesta segunda-feira,"Alerta indica que a previsão é de pancadas de chuva persistentes, acompanhadas por raios, ventos e possibilidade de granizo até terça-feira (3)",2026-02-02 06:03:05,https://jovempan.com.br/noticias/brasil/defesa-civil-de-sp-alerta-para-risco-de-tempestades-nesta-segunda-feira.html
Joven Pan,Ciclone extratropical intensifica chuvas em São Paulo nesta sexta-feira,Defesa Civil coloca em prática um plano de contingência e alerta para o risco de alagamentos e deslizamentos de terra,2026-01-30 10:01:04,https://jovempan.com.br/noticias/brasil/ciclone-extratropical-intensifica-chuvas-em-sao-paulo-nesta-sexta-feira.html
Joven Pan,SP entra em alerta para tempestades e risco de alagamentos nesta quinta-feira,"Previsão aponta chuva forte, granizo e rajadas de vento a partir da tarde; temperatura máxima deve cair para 25ºC na sexta-feira (30)",2026-01-29 13:00:01,https://jovempan.com.br/noticias/brasil/sp-entra-em-alerta-para-tempestades-e-risco-de-alagamentos-nesta-quinta-feira.html
Joven Pan,Como escolher o melhor app para monitorar raios e chuvas no verão,Ferramentas digitais baseadas em dados de radar e satélite para a segurança meteorológica em tempo real.,2026-01-28 02:00:00,https://jovempan.com.br/noticias/brasil/como-escolher-o-melhor-app-para-monitorar-raios-e-chuvas-no-verao.html
Joven Pan,São Paulo entra em estado de atenção para chuva; 80 mil estão sem luz,"Segundo o CGE, as marginais Pinheiros e Tietê estão em estado de atenção para alagamentos",2026-01-27 16:01:08,https://jovempan.com.br/noticias/brasil/t-sao-paulo-entra-em-estado-de-atencao-para-chuva-80-mil-estao-sem-luz.html
Joven Pan,"Após morte e transtornos no fim de semana, SP tem previsão de mais chuva nos próximos dias",Mesmo com temperaturas em elevação a semana também será marcada por volumes de chuva,2026-01-26 08:04:06,https://jovempan.com.br/noticias/brasil/apos-morte-e-transtornos-no-fim-de-semana-sp-tem-previsao-de-mais-chuva-nos-proximos-dias.html
Joven Pan,"Sete anos após tragédia de Brumadinho, Justiça prepara início das audiências para fevereiro",Juíza Federal define cronograma que começa dia 23 do próximo mês; sessões vão julgar crimes ambientais e as responsabilidades pelas 270 mortes,2026-01-25 08:00:01,https://jovempan.com.br/noticias/brasil/sete-anos-apos-tragedia-de-brumadinho-justica-prepara-inicio-das-audiencias-para-fevereiro.html
Joven Pan,Inmet emite alertas para chuvas no Brasil; saiba estados afetados,"Das cinco regiões, apenas os Estados do Sul estão fora dos alertas, que valem até o próximo sábado",2026-01-22 13:00:02,https://jovempan.com.br/noticias/brasil/inmet-emite-alertas-para-chuvas-no-brasil-saiba-estados-afetatos.html
Joven Pan,Semana começa com risco de chuva extrema em várias partes do Brasil: ‘Grande perigo’,,2026-01-18 19:00:06,https://jovempan.com.br/noticias/brasil/semana-comeca-com-risco-de-chuva-extrema-em-varias-partes-do-brasil-grande-perigo.html
Joven Pan,Chuvas fortes devem atingir SP novamente neste domingo,Frente fria deve derrubar as temperaturas a partir de segunda-feira (19),2026-01-18 10:05:07,https://jovempan.com.br/noticias/brasil/chuvas-fortes-devem-atingir-sp-novamente-neste-domingo.html
Joven Pan,Chuvas abaixo da média tendem a persistir e agravar seca em São Paulo,"Situação se deve à dificuldade de avanço de frentes frias e da umidade, condições que têm relação com a alta anômala causada pela persistência do fenômeno La Niña no Oceano Pacífico",2026-01-17 10:02:01,https://jovempan.com.br/noticias/brasil/chuvas-abaixo-da-media-tendem-a-persistir-e-agravar-seca-em-sao-paulo.html
Joven Pan,Chuva em São Paulo provoca transbordamento de córregos e alagamentos,"CGE também colocou os distritos de Sapopemba e Guaianases, ambos na zona leste, com o status de alerta (cor vermelha, a mais grave)",2026-01-16 21:00:03,https://jovempan.com.br/noticias/brasil/chuva-em-sao-paulo-provoca-transbordamento-de-corregos-e-alagamentos.html
Joven Pan,Chuva deixa cidade de SP em estado de atenção para alagamentos,"Há potencial para rajadas de vento, descargas elétricas (raios) e eventuais quedas de granizo, bem comum nesta época do ano, em função dos fortes temporais nos fins de tarde",2026-01-15 17:03:06,https://jovempan.com.br/noticias/brasil/chuva-deixa-cidade-de-sp-em-estado-de-atencao-para-alagamentos.html
Joven Pan,Queda de árvore mata mulher e SP chega a dez mortes por causa das chuvas,"Vítima de 35 anos estava na Rodovia Oswaldo Cruz, em Taubaté, nesta quarta (14); segundo ocupante do veículo ficou preso às ferragens e foi socorrido consciente",2026-01-15 11:01:04,https://jovempan.com.br/noticias/brasil/queda-de-arvore-mata-mulher-e-sp-chega-a-dez-mortes-por-causa-das-chuvas.html
Joven Pan,São Paulo entra em estado de atenção após chuva intensa,"Previsão é que a cidade enfrente dias mais chuvosos nesta semana, em razão da propagação de áreas de instabilidade oriundas do interior paulista e associadas ao calor e umidade nos finais de tarde",2026-01-14 16:00:09,https://jovempan.com.br/noticias/brasil/sao-paulo-entra-em-estado-de-atencao-apos-chuva-intensa.html
Joven Pan,"São Paulo entra em estado de atenção após forte chuva, ventania e queda de granizo",Centro de Gerenciamento de Emergências Climáticas (CGE) informou que todas as regiões da capital entraram em estado de atenção para alagamentos,2026-01-13 20:05:05,https://jovempan.com.br/noticias/brasil/sao-paulo-entra-em-estado-de-atencao-apos-forte-chuva-ventania-e-queda-de-granizo.html
Joven Pan,Calor e alta umidade favorecem pancadas de chuva isoladas em São Paulo nesta terça,"Sol entre nuvens mantém sensação de abafamento, e instabilidades podem provocar chuva forte, raios e rajadas de vento em pontos do estado",2026-01-13 06:04:05,https://jovempan.com.br/noticias/brasil/calor-e-alta-umidade-favorecem-pancadas-de-chuva-isoladas-em-sao-paulo-nesta-terca.html
Joven Pan,Inmet emite alerta amarelo para temporais e chuvas intensas em diversas regiões do país,Avisos desta segunda-feira (12) atingem do Sul ao Nordeste; ciclone que provocou estragos no fim de semana perde força e se afasta da costa,2026-01-12 09:05:06,https://jovempan.com.br/noticias/brasil/inmet-emite-alerta-amarelo-para-temporais-e-chuvas-intensas-em-diversas-regioes-do-pais.html
Joven Pan,Primeiro ciclone de 2026 atinge centro-sul do país; leia estados afetados,"Rio Grande do Sul, Santa Catarina, Paraná, São Paulo e Mato Grosso do Sul vão sentir os efeitos do fenômeno",2026-01-09 19:03:07,https://jovempan.com.br/noticias/brasil/primeiro-ciclone-de-2026-atinge-centro-sul-do-pais-leia-estados-afetados.html
Joven Pan,Chuva em SP provoca transbordamento de córregos e deixa toda a cidade em estado de atenção,"Por volta das 16h, a Defesa Civil emitiu alerta severo para a zona leste, zona sul, Mogi das Cruzes, Ferraz de Vasconcelos, Santo André e São Caetano do Sul",2026-01-08 17:01:04,https://jovempan.com.br/noticias/brasil/chuva-em-sp-provoca-transbordamento-de-corregos-e-deixa-toda-a-cidade-em-estado-de-atencao.html
Joven Pan,Árvore que caiu no Ibirapuera pode ter tido raízes afetadas por ciclone,"Segundo a Urbia, concessionária responsável pela gestão do parque, a hipótese técnica preliminar é de que o sistema radicular da árvore tenha sido afetado pelo ciclone extratropical que atingiu São Paulo em 10 de dezembro de 2025",2026-01-06 06:05:03,https://jovempan.com.br/noticias/brasil/arvore-que-caiu-no-ibirapuera-pode-ter-tido-raizes-afetadas-por-ciclone.html
Joven Pan,Calor e chuvas; veja a previsão do tempo para a 1ª semana útil do ano?,"O calorão dará uma trégua na cidade de São Paulo até segunda-feira, mas volta na terça",2026-01-04 19:04:07,https://jovempan.com.br/noticias/brasil/calor-e-chuvas-veja-a-previsao-do-tempo-para-a-1a-semana-util-do-ano.html
Joven Pan,Chuvas no litoral paulista provocam interdição da Serra Mogi-Bertioga,Volume de chuvas em Ubatuba já causa alagamentos,2026-01-04 13:02:02,https://jovempan.com.br/noticias/brasil/chuvas-no-litoral-paulista-provocam-interdicao-da-serra-mogi-bertioga.html
Joven Pan,Calor e chuvas: veja a previsão do tempo em SP e no resto do Brasil neste 1º de janeiro,Há previsão para pancadas isoladas de chuva a partir do meio da tarde até o início da noite,2026-01-01 13:05:04,https://jovempan.com.br/noticias/brasil/calor-e-chuvas-veja-a-previsao-do-tempo-em-sp-e-no-resto-do-brasil-neste-1o-de-janeiro.html
Joven Pan,Defesa Civil de SP prevê fim da onda de calor e alerta para chuvas fortes no começo de 2026,Passagem de frentes frias afasta onda de calor e aumenta o risco de chuvas fortes e temporais isolados; orientação para a população e motoristas é que redobrarem a atenção,2025-12-31 09:05:07,https://jovempan.com.br/noticias/brasil/defesa-civil-de-sp-preve-fim-da-onda-de-calor-e-alerta-para-chuvas-fortes-no-comeco-de-2026.html
Joven Pan,São Paulo emite alerta para tempestade nesta terça-feira,"Há possibilidade de ventos de até 100 km/hora, queda de granizo, derrubada de árvores, alagamentos e corte de energia elétrica; aviso de onda de calor permanece em nível vermelho e abrange todo o estado",2025-12-30 11:03:08,https://jovempan.com.br/noticias/brasil/sao-paulo-emite-alerta-para-tempestade-nesta-terca-feira.html
Joven Pan,São Paulo entra em estado de atenção para alagamentos após temporal,"Por volta das 18h10, a Defesa Civil do Estado disparou um alerta severo automático, informando sobre os temporais nas regiões da zona norte e central",2025-12-29 19:02:08,https://jovempan.com.br/noticias/brasil/sao-paulo-entra-em-estado-de-atencao-para-alagamentos-apos-temporal.html
Joven Pan,Inmet emite alerta para onda de calor tempestades nos últimos dias de 2025,O instituto prevê que a maior parte do Brasil deve apresentar chuvas durante a virada de ano,2025-12-29 16:00:00,https://jovempan.com.br/noticias/brasil/inmet-emite-alerta-para-onda-de-calor-tempestades-nos-ultimos-dias-de-2025.html
Joven Pan,Chuva forte deixa cidade de São Paulo em estado de atenção,143 mil pessoas estão sem energia na capital e na região metropolitana,2025-12-27 17:03:06,https://jovempan.com.br/noticias/brasil/chuva-forte-deixa-cidade-de-sao-paulo-em-estado-de-atencao.html
Joven Pan,Calorão ou chuva: veja a previsão do tempo para o réveillon no Brasil,"Para a última semana do ano no Sudeste, a previsão indica dias de sol entre nuvens, com pancadas de chuva à tarde",2025-12-27 11:01:09,https://jovempan.com.br/noticias/brasil/calorao-ou-chuva-veja-a-previsao-do-tempo-para-o-reveillon-no-brasil.html
Joven Pan,Inmet emite alerta para onda de calor e tempestades no Brasil; veja regiões afetadas,,2025-12-24 13:01:06,https://jovempan.com.br/noticias/brasil/inmet-emite-alerta-para-onda-de-calor-e-tempestades-no-brasil-veja-regioes-afetadas.html
Joven Pan,Veja quais regiões do Brasil devem registrar chuvas acima da média no verão,Previsão do Inmet indica maiores volumes no Norte e Sul e precipitação abaixo do histórico no Sudeste e Nordeste para a estação que começa neste domingo (21),2025-12-21 08:05:05,https://jovempan.com.br/noticias/brasil/veja-quais-regioes-do-brasil-devem-registrar-chuvas-acima-da-media-no-verao.html
Joven Pan,Verão começa neste domingo com previsão de calor e menos chuva,"Estação começa às 12h03, sem El Niño ou La Niña, mas sob influência de alta pressão",2025-12-21 07:00:00,https://jovempan.com.br/noticias/brasil/verao-comeca-neste-domingo-com-previsao-de-calor-e-menos-chuva.html
Joven Pan,Chuvas em SP já causaram oito mortes desde o início de dezembro,Defesa Civil localiza corpo de desaparecido em Guarulhos e alerta para instabilidade no tempo e risco de novos deslizamentos neste fim de semana,2025-12-20 12:01:08,https://jovempan.com.br/noticias/brasil/chuvas-em-sp-ja-causaram-oito-mortes-desde-o-inicio-de-dezembro.html
Joven Pan,Rio de Janeiro amanhece alagado; Castro aciona Comitê de Chuvas,"Defesa Civil emitiu um alerta para o estado até a tarde desta quarta, com previsão de ventos moderados e fortes",2025-12-17 12:02:02,https://jovempan.com.br/noticias/brasil/rio-de-janeiro-amanhece-alagado-castro-aciona-comite-de-chuvas.html
Joven Pan,Chuva em São Paulo provoca cancelamentos e lota Aeroporto de Congonhas,Chuva e ventos causaram transtornos na noite de terça-feira; passageiros foram orientados a checar voos antes de se dirigirem ao terminal,2025-12-17 11:04:07,https://jovempan.com.br/noticias/brasil/chuva-em-sao-paulo-provoca-cancelamentos-e-lota-aeroporto-de-congonhas.html
Joven Pan,Chuvas deixam mais de 46 mil imóveis sem energia em SP,Capital paulista concentra a maior parte dos desligamentos nesta quarta-feira (17); Ministério de Minas e Energia acionará a Aneel para iniciar processo de caducidade do contrato,2025-12-17 11:04:04,https://jovempan.com.br/noticias/brasil/chuvas-deixam-mais-de-46-mil-imoveis-sem-energia-em-sp.html
Joven Pan,São Paulo chega a 7 mortos devido às chuvas desde o início do mês,"Em Ilhabela, um morador morreu soterrado e outra vítima foi levada pela enxurrada; Operação Chuvas no estado vai até o dia 31 de março",2025-12-17 10:01:02,https://jovempan.com.br/programas/jornal-da-manha/sao-paulo-chega-a-7-mortos-devido-as-chuvas-desde-o-inicio-do-mes.html
Joven Pan,"Ciclone que causou apagão em SP foi ‘raro’ e não deve se repetir neste verão, dizem especialistas","Apesar de o fenômeno ser comum, a ocorrência dele durante o verão é improvável e meteorologistas afirmam  que os ventos em São Paulo foram históricos",2025-12-15 18:01:08,https://jovempan.com.br/noticias/brasil/ciclone-que-causou-apagao-em-sp-foi-raro-e-nao-deve-se-repetir-neste-verao-dizem-especialistas.html
Joven Pan,Paraná tem alerta de temporais e microexplosões nesta sexta-feira; São Paulo segue com calor e chuva,"Combinação de sistemas meteorológicos deve provocar chuvas acima de 100mm na região Sul; após ventos recordes, capital paulista não tem previsão de novos vendavais, mas deve registrar pancadas isoladas",2025-12-12 09:02:00,https://jovempan.com.br/noticias/brasil/parana-tem-alerta-de-temporais-e-microexplosoes-nesta-sexta-feira-sao-paulo-segue-com-calor-e-chuva.html
Joven Pan,689 mil imóveis seguem sem luz após passagem de ciclone em SP,Vendaval de quarta-feira (10) trouxe rajadas de 98 km/h e revive crise de apagões na concessão; empresa mobiliza 1.600 equipes para reconstrução da rede,2025-12-12 07:00:02,https://jovempan.com.br/noticias/brasil/830-mil-imoveis-seguem-sem-luz-apos-passagem-de-ciclone-em-sp.html
Joven Pan,"Grande SP tem 1,2 milhão de imóveis sem energia após passagem de ciclone","Capital paulista concentra mais de 1 milhão de clientes no escuro; ventos de quase 100 km/h derrubaram árvores, afetaram semáforos e levaram ao fechamento de parques municipais",2025-12-11 09:05:07,https://jovempan.com.br/noticias/brasil/grande-sp-tem-15-milhao-de-imoveis-sem-energia-apos-passagem-de-ciclone.html
Joven Pan,Ciclone extratropical se afasta e tempo volta a firmar no Sul e Sudeste nesta quinta-feira,"Após ventos de quase 100 km/h e centenas de voos cancelados, sistema avança para alto-mar; temperaturas sobem e chuvas fortes se concentram agora no Centro-Oeste e Norte",2025-12-11 08:01:01,https://jovempan.com.br/programas/jornal-da-manha/ciclone-extratropical-se-afasta-e-tempo-volta-a-firmar-no-sul-e-sudeste-nesta-quinta-feira.html
Joven Pan,Ciclone avança e traz mais chuva para SP,Autoridades locais estão em alerta máximo e recomendam que a população evite áreas de risco,2025-12-10 10:00:02,https://jovempan.com.br/programas/jornal-da-manha/ciclone-avanca-e-traz-mais-chuva-para-sp.html
Joven Pan,São Paulo bate recorde de congestionamento com greve de ônibus e chuva,Paralisação parcial inesperada de 15 empresas de ônibus pegou todo mundo de surpresa e afetou a vida de milhões de trabalhadores na volta para casa,2025-12-09 20:01:06,https://jovempan.com.br/noticias/brasil/sao-paulo-bate-recorde-de-congestionamento-com-greve-de-onibus-e-chuva.html
Joven Pan,Ventos de 90 km/h e granizo: ciclone extratropical ameaça novos estados,"Fenômeno climático, que atualmente se encontra na altura do Rio Grande do Sul, já causou estragos significativos na região",2025-12-09 10:02:00,https://jovempan.com.br/programas/jornal-da-manha/ventos-de-90-km-h-e-granizo-ciclone-extratropical-ameaca-novos-estados.html
Joven Pan,Defesa Civil de SP emite alerta de tempestades entre terça e quinta-feira,"O fenômeno é provocado pela formação de um ciclone extratropical na região Sul do país, que já influencia o tempo em São Paulo com queda de temperatura e garoa",2025-12-09 09:01:07,https://jovempan.com.br/noticias/brasil/defesa-civil-de-sp-emite-alerta-de-tempestades-entre-terca-e-quinta-feira.html
Joven Pan,Tempestade deixa mais de 130 mil consumidores sem eletricidade na Grande SP,"As chuvas, com presença de pequenos pedaços de granizo, atingiram a região do Butantã por volta das 13h30, indo na direção de Pinheiros",2025-12-09 06:05:03,https://jovempan.com.br/noticias/brasil/tempestade-deixa-mais-de-130-mil-consumidores-sem-eletricidade-na-grande-sp.html
Joven Pan,Defesa Civil emite alerta severo de chuva em SP,Nas Zonas Leste e Sudeste pode haver chuvas de granizo e formação de alagamentos,2025-12-08 14:01:05,https://jovempan.com.br/noticias/brasil/defesa-civil-emite-alerta-severo-de-chuva-em-sp.html
Joven Pan,Verão climático: semana começa com calor e chuvas intensas no Sudeste,"Estação mais quente do ano começa só dia 21, mas termômetros já sobem em boa parte do país; em São Paulo, a máxima pode atingir 31ºC nesta segunda-feira (8)",2025-12-08 11:01:04,https://jovempan.com.br/programas/jornal-da-manha/verao-climatico-semana-comeca-com-calor-e-chuvas-intensas-no-sudeste.html
Joven Pan,Ciclone extratropical intenso ameaça Sul do país com rajadas superiores a 100 km/h,"Fenômeno atmosférico de baixa pressão provoca instabilidade climática também no Sudeste e Centro-Oeste, elevando riscos de tempestades e transtornos estruturais até quinta-feira (11)",2025-12-08 10:02:06,https://jovempan.com.br/noticias/brasil/ciclone-extratropical-intenso-ameaca-sul-do-pais-com-rajadas-superiores-a-100-km-h.html
Joven Pan,Tempestades atingem cinco Estados do país neste fim de semana,"Espírito Santo, Minas Gerais, Bahia, Goiás e Mato Grosso podem registrar mais de 100 milímetros ao longo do período de atuação do Fenômeno ZCAS",2025-12-05 11:00:07,https://jovempan.com.br/noticias/brasil/tempestades-atingem-cinco-estados-do-pais-neste-fim-de-semana.html
Joven Pan,Defesa Civil de SP alerta para chuvas intensas e rajadas de vento nesta terça-feira,Fenômeno que passa pela costa da região Sudeste favorecerá a formação de tempestades e queda de granizo em diversas partes do Estado,2025-11-25 10:04:09,https://jovempan.com.br/noticias/brasil/defesa-civil-de-sp-alerta-para-chuvas-intensas-e-rajadas-de-vento-nesta-terca-feira.html
Joven Pan,Chuvas deixam mais de 100 desalojados em SC,Há previsão de formação de um ciclone extratropical no litoral do Paraná e Sudeste do Brasil,2025-11-24 19:05:03,https://jovempan.com.br/noticias/brasil/chuvas-deixam-mais-de-100-desalojados-em-sc.html
Joven Pan,São Paulo tem alerta laranja para tempestades nesta terça-feira,"Segundo CGE, há risco de inundações repentinas, queda de árvores, formação de alagamentos intransitáveis e até transbordamentos de córregos e rios, tanto na capital como em cidades vizinhas da Grande SP",2025-11-18 11:05:05,https://jovempan.com.br/noticias/brasil/sao-paulo-tem-alerta-laranja-para-tempestades-nesta-terca-feira.html
Joven Pan,São Paulo e outros 8 Estados têm alerta laranja para tempestades,"De acordo com o Inmet, são esperadas chuvas de até 100 mm/dia, ventos intensos de até 100 km/h e queda de granizo",2025-11-17 13:01:09,https://jovempan.com.br/noticias/brasil/sao-paulo-e-outros-8-estados-tem-alerta-laranja-para-tempestades.html
Joven Pan,Semana começa com possibilidade de chuvas fortes no Sul e Sudeste,A instabilidade é causada por uma frente fria que se desloca pelo país nos próximos dias,2025-11-17 09:00:05,https://jovempan.com.br/noticias/brasil/semana-comeca-com-possibilidade-de-chuvas-fortes-no-sul-e-sudeste.html
Joven Pan,Ciclone Extratropical traz tempestades e risco de tornados para três regiões do país,Fenômeno se aproxima da região e traz uma frente fria que deve impactar diversas áreas a partir da madrugada de sábado,2025-11-15 08:00:07,https://jovempan.com.br/programas/jornal-da-manha/ciclone-extratropical-traz-tempestades-e-risco-de-tornados-para-tres-regioes-do-pais.html
Joven Pan,Justiça britânica condena BHP por desastre de barragem de Mariana,"Mineradora informa que pretende recorrer da decisão e que continuará a se defender na ação; os pleitos dos atingidos serão analisados somente nas próximas etapas do julgamento, em 2028 ou 2029",2025-11-14 08:03:06,https://jovempan.com.br/noticias/brasil/justica-britanica-condena-bhp-por-desastre-de-barragem-de-mariana.html
Joven Pan,TCU diz que há 17 capitais sem preparo para recuperação de desastres climáticos,"Além disso, o relatório também indica que  24 estados possuem planos para redução do efeito estufa, mas apenas sete definiram metas concretas",2025-11-11 14:00:01,https://jovempan.com.br/noticias/brasil/tcu-diz-que-ha-17-capitais-sem-preparo-para-recuperacao-de-desastres-climaticos.html
Joven Pan,São Paulo registra calor antes de frente fria que trará chuvas,"A partir de quinta-feira (13), a expectativa é de pancadas chuvas mais fortes na cidade, principalmente entre o meio da tarde e o decorrer da noite",2025-11-11 13:03:03,https://jovempan.com.br/noticias/brasil/sao-paulo-registra-calor-antes-de-frente-fria-que-trara-chuvas.html
Joven Pan,Famílias atingidas por tempestade no Paraná vão receber até R$ 50 mil,"Segundo secretário estadual da Segurança Pública, Hudson Teixeira, valor total de R$ 50 milhões é do Fundo Estadual de Calamidade Pública (Fecap)",2025-11-10 13:02:09,https://jovempan.com.br/noticias/brasil/familias-atingidas-por-tempestade-no-parana-vao-receber-ate-r-50-mil.html
Joven Pan,Defesa Civil de SP encerra gabinete de crise montado para monitorar efeitos do ciclone extratropical,"De acordo com o órgão do estado, o fenômeno ‘já se afastou para o alto mar e não há mais risco de temporais severos’; até o momento, não há registro de vítimas",2025-11-09 09:04:08,https://jovempan.com.br/programas/jornal-da-manha/defesa-civil-de-sp-encerra-gabinete-de-crise-montado-para-monitorar-efeitos-do-ciclone-extratropical.html
Joven Pan,"Ciclone provoca ventos fortes, chuvas e quedas de árvores no Rio","Foram registradas 82 ocorrências envolvendo quedas de árvores pela cidade até as 17h, além de quedas de muro e poste",2025-11-08 21:00:05,https://jovempan.com.br/noticias/brasil/ciclone-provoca-ventos-fortes-chuvas-e-quedas-de-arvores-no-rio.html
Joven Pan,Sábado será de chuva fraca com possibilidade de ventania em SP,"Durante a noite, a temperatura cai, com mínima prevista de 16°C; Defesa Civil do Estado alerta para os riscos do ciclone extratropical, seguido por uma frente fria",2025-11-08 13:00:09,https://jovempan.com.br/noticias/brasil/sabado-sera-de-chuva-fraca-com-possibilidade-de-ventania-em-sp.html
Joven Pan,Enem é suspenso em Rio Bonito do Iguaçu após estragos causados por ciclone extratropical,"De acordo com o protocolo do Inep, todos os participantes afetados terão direito à reaplicação do exame em nova data, que será definida e informada após avaliação técnica das condições do município",2025-11-08 11:02:08,https://jovempan.com.br/noticias/brasil/enem-e-suspenso-em-rio-bonito-do-iguacu-apos-estragos-causados-por-ciclone-extratropical.html
Joven Pan,Seis pessoas morrem e mais de 400 ficam feridas após ciclone no Paraná,"Cerca de 10 mil pessoas foram impactadas pelos ventos; equipes da Defesa Civil, Corpo de Bombeiros, Polícia Militar e Secretaria de Saúde foram mobilizadas para o município de Rio Bonito do Iguaçu",2025-11-08 09:03:03,https://jovempan.com.br/noticias/brasil/cinco-pessoas-morrem-e-mais-de-400-ficam-feridas-apos-ciclone-no-parana.html
Joven Pan,Ciclone extratropical traz instabilidade para diversas regiões do Brasil,"Em algumas regiões dos estados de São Paulo, Rio de Janeiro e Minas Gerais, o sistema intensifica as instabilidades, com pancadas fortes e rajadas que podem ultrapassar 100 km/h",2025-11-08 07:00:00,https://jovempan.com.br/noticias/brasil/ciclone-extratropical-traz-instabilidade-para-diversas-regioes-do-brasil.html
Joven Pan,Ciclone extratropical coloca regiões do Brasil em alerta para temporal com ventos de até 100 km/h,"As áreas de maior risco incluem o norte do Rio Grande do Sul, o oeste de Santa Catarina e o sul do Paraná",2025-11-06 21:01:07,https://jovempan.com.br/noticias/brasil/ciclone-extratropical-coloca-regioes-do-brasil-em-alerta-para-temporal-com-ventos-de-ate-100-km-h.html
Joven Pan,Justiça vê omissão da prefeitura de São Paulo na prevenção de enchentes,"Segundo sentença do TJ-SP, a administração municipal tem apresentado deficiência grave e omissão continuada no enfrentamento dos problemas de drenagem urbana",2025-11-06 07:05:00,https://jovempan.com.br/noticias/brasil/justica-ve-omissao-da-prefeitura-de-sao-paulo-na-prevencao-de-enchentes.html
Joven Pan,Chuvas devem forçar ao menos cinco cidades de SP a decretarem situação de emergência,"Em Regente Feijó, um homem morreu e 58 pessoas ficaram feridas após o desabamento de uma estrutura metálica durante uma festa universitária no Aeropark Clube de Voo Desportivo",2025-11-03 12:02:01,https://jovempan.com.br/noticias/brasil/chuvas-devem-forcar-ao-menos-cinco-cidades-de-sp-a-decretar-situacao-de-emergencia.html
Joven Pan,São Paulo ainda tem mais de 45 mil imóveis sem luz devido às chuvas,"A tempestade que atingiu a cidade, na madrugada desta quarta-feira (29), causou alagamentos e queda de energia em várias regiões",2025-10-29 13:04:02,https://jovempan.com.br/noticias/brasil/sao-paulo-ainda-tem-mais-de-45-mil-imoveis-sem-luz-devido-as-chuvas.html
Joven Pan,São Paulo amanhece em estado de atenção para alagamentos em todas as regiões,"Segundo o CGE, há risco para rajadas de vento, pontos de alagamento intransitáveis e extravasamento de rios e córregos nesta quarta-feira (29)",2025-10-29 07:01:07,https://jovempan.com.br/programas/jornal-da-manha/sao-paulo-amanhece-em-estado-de-atencao-para-alagamentos-em-todas-as-regioes.html
Joven Pan,Operação contra o CV no RJ é sucesso ou tragédia para a segurança pública?,Ação é considerada a maior da história do Estado e mobiliza polícias civil e militar e ocorre em várias comunidades dominadas pela facção,2025-10-28 18:02:00,https://jovempan.com.br/noticias/brasil/operacao-contra-o-cv-no-rj-e-sucesso-ou-tragedia-para-a-seguranca-publica.html
Joven Pan,São Paulo tem início de semana gelado e com fortes chuvas,"A aproximação de um sistema frontal mantém o tempo nublado, limitando a elevação da temperatura",2025-10-27 09:03:00,https://jovempan.com.br/programas/jornal-da-manha/sao-paulo-tem-inicio-de-semana-gelado-e-com-fortes-chuvas.html
Joven Pan,"Semana em SP começa com queda na temperatura, ventos fortes e possibilidade de chuva",Defesa Civil do Estado emite alerta de frio intenso para os próximos dias; massa de ar polar mantém as manhãs geladas na capital paulista e região metropolitana,2025-10-20 10:04:00,https://jovempan.com.br/noticias/brasil/semana-em-sp-comeca-com-queda-na-temperatura-ventos-fortes-e-possibilidade-de-chuva.html
Joven Pan,Frente fria traz risco de tempestades para a maior parte de São Paulo neste sábado,"Previsão do Instituto Nacional de Meteorologia indica chuvas intensas, ventos de até 100 km/h e queda de granizo para 590 cidades, incluindo a capital; há risco de alagamentos e queda de árvores",2025-10-18 09:04:09,https://jovempan.com.br/noticias/brasil/frente-fria-traz-risco-de-tempestades-para-a-maior-parte-de-sao-paulo-neste-sabado.html
Joven Pan,Defesa Civil alerta para chuvas fortes e ventania em São Paulo nesta semana,Instabilidade é provocada pela chegada de uma frente fria que se desloca da região Sul do país e atinge áreas do Sudeste,2025-10-13 19:01:07,https://jovempan.com.br/noticias/brasil/defesa-civil-alerta-para-chuvas-fortes-e-ventania-em-sao-paulo-nesta-semana.html
Joven Pan,Frente fria chega a São Paulo a partir de segunda-feira com chuvas e rajadas de ventos,Defesa Civil municipal mantém toda a cidade em estado de atenção para baixas temperaturas no início da próxima semana,2025-10-12 09:01:02,https://jovempan.com.br/noticias/brasil/frente-fria-chega-a-sao-paulo-a-partir-de-segunda-feira-com-chuvas-e-rajadas-de-ventos.html
Joven Pan,Defesa Civil emite alerta severo para fortes chuvas em São Paulo,Centro de Gerenciamento de Emergências Climáticas (CGE) da Prefeitura colocou toda a cidade em estado de atenção para alagamentos às 16h15,2025-10-10 18:00:00,https://jovempan.com.br/noticias/brasil/defesa-civil-emite-alerta-severo-para-fortes-chuvas-em-sao-paulo.html
Joven Pan,São Paulo está em alerta amarelo para perigo de chuvas intensas nesta quinta-feira,"Além das precipitações e ventos intensos, o frio persiste na capital paulista e a defesa civil mantém cidade em estado de atenção para baixas temperaturas",2025-10-09 10:02:04,https://jovempan.com.br/noticias/brasil/sao-paulo-esta-em-alerta-amarelo-para-perigo-de-chuvas-intensas-nesta-quinta-feira.html
Joven Pan,São Paulo segue em atenção para queimadas; reservatórios estão em alerta,"Período crítico permanece até quarta-feira (8); combinação de baixa umidade e ventos constantes também favorece a propagação do fogo no Vale do Paraíba, na região Metropolitana de SP e no litoral sul",2025-10-06 06:03:08,https://jovempan.com.br/noticias/brasil/sao-paulo-segue-em-atencao-para-queimadas-reservatorios-estao-em-alerta.html
Joven Pan,Sudeste segue com baixas temperaturas e chuva nesta quinta,"Inmet emitiu alerta para rajadas de vento e raios em áreas centrais de Minas Gerais; em São Paulo, os termômetros devem registrar uma mínima de 12ºC e uma máxima de 16ºC",2025-09-25 11:00:06,https://jovempan.com.br/programas/jornal-da-manha/sudeste-segue-com-baixas-temperaturas-e-chuva-nesta-quinta.html
Joven Pan,Chuva intensa atinge o Sudeste nesta terça-feira,"Com tempo nublado e temporais, o início da semana foi marcado por transtornos no estado de São Paulo, que resultaram em 18 feridos e 20 desalojados",2025-09-23 09:01:00,https://jovempan.com.br/programas/jornal-da-manha/chuva-intensa-atinge-o-sudeste-nesta-terca-feira.html
Joven Pan,Defesa Civil de SP emite alerta para tempestades e ventos fortes,"Orientações incluem evitar a proximidade de árvores durante as tempestades, buscar abrigo em locais seguros e não praticar esportes aquáticos",2025-09-21 16:01:08,https://jovempan.com.br/noticias/brasil/defesa-civil-de-sp-emite-alerta-para-tempestades-e-ventos-fortes.html
Joven Pan,Governo de SP amplia controle de água em reservatórios por queda nos níveis e falta de chuvas,Medidas incluem ampliar de oito para dez horas o tempo de gestão de demanda noturna – agora das 19h às 5h – e o gerenciamento de pressão durante o dia,2025-09-20 08:02:09,https://jovempan.com.br/noticias/brasil/governo-de-sp-amplia-controle-de-agua-em-reservatorios-por-queda-nos-niveis-e-falta-de-chuvas.html
Joven Pan,Defesa Civil de São Paulo prevê semana crítica para queimadas no Estado,"Em razão da situação prevista, o órgão estadual vai mobilizar, pela primeira vez no ano, o Gabinete de Crise do período de estiagem, no Centro de Gerenciamento de Emergências (CGE), no Palácio dos Bandeirantes",2025-09-14 23:00:03,https://jovempan.com.br/noticias/brasil/defesa-civil-de-sao-paulo-preve-semana-critica-para-queimadas-no-estado.html
Joven Pan,Ciclone e frente fria levam temporais ao Sul e Sudeste,"No entanto, tempo seco e firme predomina na maior parte do Centro-Oeste e interior do país",2025-09-09 07:05:00,https://jovempan.com.br/programas/jornal-da-manha/ciclone-e-frente-fria-levam-temporais-ao-sul-e-sudeste.html
Joven Pan,Defesa Civil emite alerta para risco de queimadas no estado de SP,"Condição é considerada ‘crítica’ e a chance de fogo foi classificada como de ‘emergência’, o nível mais alto na escala de quatro classificações",2025-09-08 08:01:03,https://jovempan.com.br/programas/jornal-da-manha/defesa-civil-emite-alerta-para-risco-de-queimadas-no-estado-de-sp.html
Joven Pan,"Com chegada de nova frente fria, São Paulo deve registrar chuva e baixas temperaturas ao longo do fim de semana",O Instituto Nacional de Meteorologia (Inmet) emitiu alerta amarelo de perigo potencial à saúde em razão de declínios de temperaturas em ao menos sete Estados,2025-09-05 09:05:08,https://jovempan.com.br/programas/jornal-da-manha/com-chegada-de-nova-frente-fria-sao-paulo-deve-registrar-chuva-e-baixas-temperaturas-ao-longo-do-fim-de-semana.html
Joven Pan,Rio de Janeiro e São Paulo podem ter chuva nesta segunda-feira,"Previsão sugere uma redução nas incursões de ar polar, o que significa menos frentes frias e massas de ar polar no país ao longo do mês, que marca o fim do inverno",2025-09-01 10:02:02,https://jovempan.com.br/programas/jornal-da-manha/rio-de-janeiro-e-sao-paulo-podem-ter-chuva-nesta-segunda-feira.html
Joven Pan,Sudeste terá chuvas e ventos fortes nesta sexta-feira,"Temporais na região podem causar alagamentos e deslizamentos de terra, especialmente em áreas mais vulneráveis",2025-08-29 09:01:08,https://jovempan.com.br/programas/jornal-da-manha/sudeste-tera-chuvas-e-ventos-fortes-nesta-sexta-feira.html
Joven Pan,Nova frente fria traz chuva forte e derruba as temperaturas em São Paulo,"Variações nas cinco regiões refletem a diversidade do clima brasileiro, com condições distintas previstas nos próximos dias",2025-08-28 08:05:09,https://jovempan.com.br/programas/jornal-da-manha/nova-frente-fria-traz-chuva-forte-e-derruba-as-temperaturas-em-sao-paulo.html
Joven Pan,"São Paulo pode enfrentar chuva e região Sul, continua com baixas temperaturas nesta terça-feira","Previsão no Nordeste é de tempo firme, seco e com umidade relativa do ar muito baixa; no Norte, há chances de chuva em Roraima e Amazonas",2025-08-26 08:05:06,https://jovempan.com.br/programas/jornal-da-manha/capital-paulista-pode-enfrentar-chuva-e-regiao-sul-continua-com-baixas-temperaturas-nesta-terca-feira.html
Joven Pan,Calor segue no Sudeste e acumulado de chuva pode chegar a 60 mm no Norte nesta segunda-feira,"No Nordeste pode chover também, mas com menor intensidade, cerca de 15 milímetros; no Sul, a previsão é de tempo firme e temperatura baixas",2025-08-25 08:05:07,https://jovempan.com.br/programas/jornal-da-manha/calor-segue-no-sudeste-e-acumulado-de-chuva-pode-chegar-a-60-mm-no-norte-nesta-segunda-feira.html
Joven Pan,Ciclone e frente fria levam temporais e ventos fortes para a região Sul,"A partir desta quarta-feira (20), o veranico, período de calor e tempo seco em pleno inverno, começa a atuar sobre o país, elevando as temperaturas no Sudeste e Centro-Oeste",2025-08-20 09:02:09,https://jovempan.com.br/programas/jornal-da-manha/ciclone-e-frente-fria-levam-temporais-e-ventos-fortes-para-a-regiao-sul.html
Joven Pan,Chuva de meteoros ‘Perseidas’ terá pico nesta semana; saiba como e quando observar,"Chuva de meteoros Perseidas é visível anualmente de meados de julho até o fim de agosto, com duração de 17 de julho a 23 de agosto",2025-08-12 20:03:07,https://jovempan.com.br/noticias/brasil/chuva-de-meteoros-perseidas-tera-pico-nesta-semana-saiba-como-e-quando-observar.html
Joven Pan,Comissão no Congresso finaliza relatório da tragédia da VoePass e aponta negligência e ‘canibalização’,"Documento, obtido com exclusividade pela Jovem Pan, revela que a empresa praticava a reutilização irregular de peças entre aeronaves; Nelson Fernando Padovani, deputado federal e relator da comissão, informou que foi criado um projeto de lei",2025-08-09 19:02:00,https://jovempan.com.br/noticias/brasil/comissao-no-congresso-finaliza-relatorio-da-tragedia-da-voepass-e-aponta-negligencia-e-canibalizacao.html
Joven Pan,"Ato ecumênico da tragédia da Voepass é marcado por cartas de saudade, homenagens e orações","Evento, marcado por forte emoção e saudade, relembrou os 58 passageiros e 4 tripulantes que perderam a vida no acidente",2025-08-09 18:05:02,https://jovempan.com.br/noticias/brasil/ato-ecumenico-da-tragedia-da-voepass-e-marcado-por-cartas-de-saudade-homenagens-e-oracoes.html
Joven Pan,Voepass suspende operações após tragédia aérea e rotas são redistribuídas,Suspensão das atividades acontece após Anac revogar o Certificado de Operador Aéreo da empresa; companhia era a responsável pelo ATR 72-500 que se acidentou em Vinhedo e deixou 62 mortos,2025-08-09 07:00:04,https://jovempan.com.br/noticias/brasil/voepass-suspende-operacoes-apos-tragedia-aerea-e-rotas-sao-redistribuidas.html
Joven Pan,Ressaca causa alagamentos e interdições na orla de Santos,"Trechos críticos foram interditados, e recomendações foram emitidas para que os moradores evitassem trafegar nas áreas inundadas",2025-07-30 13:00:00,https://jovempan.com.br/programas/jornal-da-manha/ressaca-causa-alagamentos-e-interdicoes-na-orla-de-santos.html
Joven Pan,São Paulo registra a tarde mais seca do ano,"De acordo com o Inmet, umidade relativa do ar medida chegou a 14%; valor está significativamente abaixo do mínimo recomendado pela Organização Mundial da Saúde, que é de 60%",2025-07-30 09:01:02,https://jovempan.com.br/programas/jornal-da-manha/sao-paulo-registra-a-tarde-mais-seca-do-ano.html
Joven Pan,Ciclone extratropical deixa mais de 340 mil endereços sem luz no RS,"As cidades mais impactadas são Porto Alegre, Capão da Canoa, Viamão e Osório que concentram a maior parte das interrupções",2025-07-28 20:02:00,https://jovempan.com.br/noticias/brasil/ciclone-extratropical-deixa-mais-de-340-mil-enderecos-sem-luz-no-rs.html
Joven Pan,"Temperaturas despencam em São Paulo, com chance de chuva a qualquer hora do dia",Mudança climática é resultado da passagem de uma frente fria pela costa das regiões Sul e Sudeste; capital paulista deve registrar temperaturas máximas de 23ºC,2025-07-25 09:01:09,https://jovempan.com.br/programas/jornal-da-manha/temperaturas-despencam-em-sao-paulo-com-chance-de-chuva-a-qualquer-hora-do-dia.html
Joven Pan,Frente fria provoca queda de temperatura e pode trazer chuva a São Paulo,"Com umidade entre 55% e 95%, a qualidade do ar aumenta a partir de quinta-feira (23) na cidade, após recorde de tempo seco dias atrás",2025-07-23 09:04:07,https://jovempan.com.br/noticias/brasil/frente-fria-provoca-queda-de-temperatura-e-pode-trazer-chuva-a-sao-paulo.html
Joven Pan,"Brasil terá chuvas mais intensas e secas prolongadas até o fim do século, aponta estudo","De acordo com a pesquisa da Universidade de Oxford em parceria com o Met Office, até 2100, a probabilidade de tempestades será três vezes maior, enquanto a frequência das precipitações diminuirá em 30%",2025-07-23 09:02:07,https://jovempan.com.br/programas/jornal-da-manha/brasil-tera-chuvas-mais-intensas-e-secas-prolongadas-ate-o-fim-do-seculo-aponta-estudo.html
Joven Pan,"Com pouco de sol e sem chance de chuva, São Paulo terá um domingo frio, com máxima de 20°C","Cidade está sob alerta devido às baixas temperaturas, que devem subir gradualmente até quarta-feira (9)",2025-07-06 10:02:02,https://jovempan.com.br/noticias/brasil/com-pouco-de-sol-e-sem-chance-de-chuva-sao-paulo-tera-um-domingo-frio-com-maxima-de-20c.html
Joven Pan,Tarcísio destaca obras da Defesa Civil para enfrentar desastres: ‘Trabalho apaixonado e silencioso’,"Pacote para municípios inclui contenção de riscos, equipamentos e veículos; desde a tragédia no litoral norte, governo paulista tem aumentado os investimentos",2025-07-02 10:01:04,https://jovempan.com.br/noticias/brasil/tarcisio-destaca-obras-da-defesa-civil-para-enfrentar-desastres-trabalho-apaixonado-e-silencioso.html
Joven Pan,"Mais de 80% das cidades brasileiras sofreram desastres causados por chuvas nos últimos quatro anos, revela relatório","De acordo com Aliança Brasileira pela Cultura Oceânica, número de inundações, marés altas e deslizamentos de terra após episódios de precipitações intensas passou de 2.335 para 7.539 entre 2020 e o fim de 2023",2025-07-02 07:03:02,https://jovempan.com.br/noticias/brasil/mais-de-80-das-cidades-brasileiras-sofreram-desastres-causados-por-chuvas-nos-ultimos-quatro-anos-revela-relatorio.html
Joven Pan,Chegada de frente fria provoca chuva e baixas temperaturas em SP nesta terça-feira,"De acordo com a Defesa Civil do Estado, além do frio intenso em várias regiões paulistas, sistema meteorológico— com atuação até quinta-feira (3) — também deve reduzir os níveis de umidade do ar",2025-07-01 07:01:09,https://jovempan.com.br/noticias/brasil/chegada-de-frente-fria-provoca-chuva-e-baixas-temperaturas-em-sp-nesta-terca-feira.html
Joven Pan,Tragédia na Indonésia: Itamaraty informa que não poderá custear translado do corpo de Juliana Marins,"Ao todo, a operação de resgate da brasileira durou mais de 14 horas; em nota publicada nas redes sociais, o Parque Nacional do Monte Rinjani afirmou que o processo foi concluído com ‘extremo cuidado’",2025-06-25 15:04:09,https://jovempan.com.br/noticias/brasil/tragedia-na-indonesia-itamaraty-informa-que-nao-podera-custear-translado-do-corpo-de-juliana-marins.html
Joven Pan,Tragédias se repetem no Monte Rinjani: relembre acidentes antes da morte de Juliana Marins,"Entre 2020 e 2025, cinco pessoas já haviam perdido a vida no vulcão indonésio; terreno íngreme e trilhas desafiadoras elevam o risco de quedas",2025-06-24 19:00:06,https://jovempan.com.br/noticias/brasil/tragedias-se-repetem-no-monte-rinjani-relembre-acidentes-antes-da-morte-de-juliana-marins.html
Joven Pan,Lula lamenta tragédia com brasileira em vulcão na Indonésia,Ministra dos Direitos Humanos defende que sonhos femininos não sejam transformados em culpa após tragédia,2025-06-24 18:04:09,https://jovempan.com.br/noticias/brasil/dor-e-comocao-lula-lamenta-tragedia-com-brasileira-em-vulcao-na-indonesia.html
Joven Pan,"Defesa Civil alerta para frio, ventos e chuvas intensas em todo o Estado de São Paulo","Períodos mais críticos de frio estão previstos para as madrugadas de terça e quarta-feira; Abrigo Solidário na estação Pedro II, da Linha 3-Vermelha do Metrô, vai acolher pessoas em situação de rua",2025-06-22 16:02:00,https://jovempan.com.br/noticias/brasil/defesa-civil-alerta-para-frio-ventos-e-chuvas-intensas-em-todo-o-estado-de-sao-paulo.html
Joven Pan,Rio Grande do Sul libera R$ 60 milhões para cidades afetadas por chuvas intensas,"Dessa quantia, R$ 30 milhões serão direcionados ao Departamento Autônomo de Estradas de Rodagem (Daer), enquanto os outros R$ 30 milhões serão disponibilizados para as prefeituras que formalizarem a declaração de emergência",2025-06-20 20:01:08,https://jovempan.com.br/noticias/brasil/rio-grande-do-sul-libera-r-60-milhoes-para-cidades-afetadas-por-chuvas-intensas.html
Joven Pan,"Chuvas no RS deixam três mortos, mais de 6.000 desalojados e 98 cidades afetadas",Terceira vítima confirmada é um homem de 72 anos que morreu após uma árvore cair sobre o carro que ele dirigia em uma via entre São Leopoldo e Sapucaia do Sul,2025-06-20 14:03:03,https://jovempan.com.br/noticias/brasil/chuvas-no-rs-deixam-tres-mortos-mais-de-6-000-desalojados-e-98-cidades-afetadas.html
Joven Pan,"Chuvas permanecem no Rio Grande do Sul, mas perdem força","Defesa Civil do estado emitiu um alerta para as regiões norte e nordeste, onde o risco de alagamentos permanece moderado",2025-06-19 23:03:04,https://jovempan.com.br/noticias/brasil/chuvas-permanecem-do-rio-grande-do-sul-mas-perdem-forca.html
Joven Pan,Chuvas causam duas mortes e um desaparecimento no Rio Grande do Sul,"Precipitações superiores a 100 milímetros causam enchentes, deslizamentos, quedas de árvores, bloqueios de rodovias e evacuações emergenciais nas mesmas regiões de 2024",2025-06-19 08:05:01,https://jovempan.com.br/noticias/brasil/chuvas-causam-duas-mortes-e-um-desaparecimento-no-rio-grande-do-sul.html
Joven Pan,Inmet emite alerta vermelho de chuva para o Rio Grande do Sul,"Condição climática indica grande perigo, com precipitações de até 100 milímetros por dia na região metropolitana de Porto Alegre, Santa Maria, Cruz Alta e Cachoeira do Sul",2025-06-18 09:04:00,https://jovempan.com.br/programas/jornal-da-manha/inmet-emite-alerta-vermelho-de-chuva-para-o-rio-grande-do-sul.html
Joven Pan,Rio Grande do Sul registra chuvas fortes em cerca de 23 municípios e está sob alerta vermelho,"Tempestades no Estado causaram áreas alagadas, queda de árvores, falta de energia, bloqueio de rodovias e deixaram pessoas desalojadas ou desabrigadas",2025-06-17 19:02:06,https://jovempan.com.br/noticias/brasil/rio-grande-do-sul-registra-chuvas-fortes-em-cerca-de-23-municipios-e-esta-sob-alerta-vermelho.html
Joven Pan,"Sem previsão de chuva, tempo firme predomina no Sudeste e Centro-Oeste","Após primeira onda de frio do ano, semana começa com elevação gradual das temperaturas; por outro lado, Inmet emite alerta de tempestade para a faixa leste do Nordeste",2025-06-16 09:03:01,https://jovempan.com.br/programas/jornal-da-manha/sem-previsao-de-chuva-tempo-firme-predomina-no-sudeste-e-centro-oeste.html
Joven Pan,Tempestades colocam São Paulo em estado de alerta nesta terça-feira,"De acordo com o Inmet, há risco para chuvas de até 50mm/dia e ventos que podem chegar a 60 km/h em grande parte do Estado",2025-06-03 08:02:04,https://jovempan.com.br/programas/jornal-da-manha/tempestades-colocam-sao-paulo-em-estado-de-alerta-nesta-terca-feira.html
Joven Pan,Onda de frio intensa chega ao Sul do Brasil com previsão de alagamentos e até neve,"No Rio Grande do Sul, temporais já provocaram danos em localidades como Alegrete e Santa Cruz do Sul, levando a Defesa Civil a emitir alertas",2025-05-28 17:02:02,https://jovempan.com.br/noticias/brasil/onda-de-frio-intensa-chega-ao-sul-do-brasil-com-previsao-de-alagamentos-e-ate-neve.html
Joven Pan,Regiões Sul e Sudeste não têm previsão de chuva nesta terça-feira,"Com tempo firme e seco, massa de ar frio começa a perder força, resultando em temperaturas um pouco mais amenas",2025-05-13 09:02:05,https://jovempan.com.br/programas/jornal-da-manha/regioes-sul-e-sudeste-nao-tem-previsao-de-chuva-nesta-terca-feira.html
Joven Pan,Virginia Fonseca será ouvida na CPI das Bets no dia 13 de maio,"Sessão está marcada para a próxima terça-feira (13) às 11h; convocação foi feita pela senadora Soraya Thronicke, que atua como relatora da CPI",2025-05-07 22:02:01,https://jovempan.com.br/entretenimento/famosos/virginia-fonseca-sera-ouvida-na-cpi-das-bets-no-dia-13-de-maio.html
Joven Pan,ViaMobilidade discute novas medidas de segurança após tragédia na linha 5-Lilás,"Após a trágica morte de um passageiro prensado entre as portas da estação Campo Limpo, a concessionária ainda não apresentou uma solução definitiva para evitar que tragédias como essa se repitam",2025-05-07 11:05:03,https://jovempan.com.br/programas/jornal-da-manha/viamobilidade-discute-novas-medidas-de-seguranca-apos-tragedia-na-linha-5-lilas.html
Joven Pan,Semana começa sem chuva e com temperaturas acima da média em São Paulo,Centro de Gerenciamento de Emergências prevê manhãs geladas e calor à tarde durante a primeira semana de maio,2025-05-05 10:03:09,https://jovempan.com.br/programas/jornal-da-manha/semana-comeca-sem-chuva-e-com-temperaturas-acima-da-media-em-sao-paulo.html
Joven Pan,"Um ano após enchentes, cerca de 380 pessoas seguem em abrigos no RS",Situação atinge famílias em situação de extrema vulnerabilidade,2025-04-30 13:03:02,https://jovempan.com.br/noticias/brasil/um-ano-apos-enchentes-cerca-de-380-pessoas-seguem-em-abrigos-no-rs.html
Joven Pan,"São Paulo deve ter chuva nesta segunda, mostra previsão do tempo","Expectativa é de precipitações inicialmente fracas, mas que podem ganhar força e se generalizar ao longo do dia",2025-04-28 08:04:05,https://jovempan.com.br/noticias/brasil/sao-paulo-deve-ter-chuva-nesta-segunda-mostra-previsao-do-tempo.html
Joven Pan,Duas regiões da cidade entram em estado de atenção para alagamentos por causa das chuvas em SP,"Região do Itaim Paulista, na zona leste, é uma das mais afetadas e recebeu alerta após o córrego que leva o nome do bairro transbordar",2025-04-25 16:03:03,https://jovempan.com.br/noticias/brasil/duas-regioes-da-cidade-entram-em-estado-de-atencao-para-alagamentos-por-causa-das-chuvas-em-sp.html
Joven Pan,"Entre sol e nuvens, São Paulo terá chuva e temperaturas amenas no fim de semana","Devido às instabilidades registradas em todas as regiões do estado, a Defesa Civil emitiu na última quinta-feira (24) um alerta para a possibilidade de tempestades, que podem se prolongar nos próximos dias",2025-04-25 08:00:09,https://jovempan.com.br/noticias/brasil/entre-sol-e-nuvens-sao-paulo-tera-chuva-e-temperaturas-amenas-no-fim-de-semana.html
Joven Pan,Defesa Civil ativa gabinete de crise por risco de tempestades em SP,"Diante da previsão de chuvas fortes, ventos e granizo entre quinta (24) e sexta-feira (25), iniciativa visa minimizar possíveis transtornos nas regiões que podem ser afetadas, bem como alertar a população",2025-04-24 13:05:00,https://jovempan.com.br/programas/jornal-da-manha/defesa-civil-ativa-gabinete-de-crise-por-risco-de-tempestades-em-sp.html
Joven Pan,Estudo revela que água da chuva pode estar contaminada por agrotóxicos,"Resultados indicaram que Campinas apresentou a maior concentração de agrotóxicos, com 701 µg/m², seguida por Brotas, que registrou 680 µg/m², e São Paulo, com 223 µg/m²",2025-04-23 17:02:02,https://jovempan.com.br/noticias/brasil/estudo-revela-que-agua-da-chuva-pode-estar-contaminada-por-agrotoxicos.html
Joven Pan,Sul e Sudeste terão tempo firme sem previsão de chuva nesta quarta-feira,"Presença de um sistema de alta pressão atmosférica dificulta a formação de nuvens carregadas na maior parte do país, reduzindo as chances de precipitações em várias regiões",2025-04-23 10:00:07,https://jovempan.com.br/programas/jornal-da-manha/sul-e-sudeste-terao-tempo-firme-sem-previsao-de-chuva-nesta-quarta-feira.html
Joven Pan,Chuvas intensas causam alagamentos e deslizamentos em São Paulo,"No Guarujá, a precipitação foi alarmante, com cerca de 191 milímetros de chuva em apenas seis horas, superando a média mensal de 190,7 mm",2025-04-20 12:04:00,https://jovempan.com.br/noticias/brasil/chuvas-intensas-causam-alagamentos-e-deslizamentos-em-sao-paulo.html
Joven Pan,São Paulo ainda deve registrar chuvas neste feriado prolongado,"No sábado (19), as tempestades causaram transtornos em diversas cidades do ABC e do litoral paulista, com alagamentos e deslizamentos",2025-04-20 11:03:02,https://jovempan.com.br/noticias/brasil/sao-paulo-ainda-deve-registrar-chuvas-neste-feriado-prolongado.html
Joven Pan,Chuvas em São Paulo causam alagamentos e deixam mais de 68 mil imóveis sem energia,"Até às 18h, o Corpo de Bombeiros tinha atendido nove ocorrências de quedas de árvore, todas na Zona Leste, quatro casos de inundações e enchentes, em Osasco, na Região Metropolitana de São Paulo, e na Zona Leste da capital",2025-04-18 21:02:06,https://jovempan.com.br/noticias/brasil/chuvas-em-sao-paulo-causam-alagamentos-e-deixam-mais-de-68-mil-imoveis-sem-energia.html
Joven Pan,"Após madrugada em estado de atenção, São Paulo amanhece com tempo nublado e sem previsão de chuva",Terça-feira (15) será marcada por tempo seco e temperatura máxima não deve superar os 24°C,2025-04-15 07:05:03,https://jovempan.com.br/noticias/brasil/apos-madrugada-em-estado-de-atencao-sao-paulo-amanhece-com-tempo-nublado-e-sem-previsao-de-chuva.html
Joven Pan,Veja como estão as obras para reparar cratera na Marginal Tietê após fortes chuvas do final de semana,Companhia de Saneamento Básico do Estado de São Paulo (Sabesp) informou que já finalizou o processo de aterramento do local,2025-04-14 09:04:04,https://jovempan.com.br/programas/jornal-da-manha/obras-de-reparo-apos-cratera-na-marginal-tiete-ainda-nao-foram-concluidas.html
Joven Pan,São Paulo terá chuva moderada nesta segunda-feira,Capital paulista foi impactada por uma nova frente fria durante o final de semana que provocou fortes precipitações na última madrugada,2025-04-14 09:00:05,https://jovempan.com.br/programas/jornal-da-manha/sao-paulo-tera-chuva-moderada-nesta-segunda-feira.html
Joven Pan,"Chuva forte atinge São Paulo, Rio de Janeiro e o Sul do país nesta quarta-feira","Sistema de baixa pressão atmosférica está em atuação no Sudeste, impactando diretamente a capital paulista e as áreas serranas fluminenses; ventos que podem alcançar velocidades entre 50 km/h e 70 km/h",2025-04-09 09:03:05,https://jovempan.com.br/noticias/brasil/chuva-forte-atinge-sao-paulo-rio-de-janeiro-e-o-sul-do-pais-nesta-quarta-feira.html
Joven Pan,Chuva perde força e frio continua no Sudeste,"Semana começa com temperaturas mais geladas; no decorrer da semana, a chegada de uma nova frente fria deve manter os termômetros em baixa",2025-04-07 10:03:03,https://jovempan.com.br/noticias/brasil/chuva-perde-forca-e-frio-continua-no-sudeste.html
Joven Pan,"Em 24 horas, Petrópolis tem volume de chuva 50% superior ao esperado para o mês de abril","Equipes de emergência estão mobilizadas para realizar a limpeza e prestar assistência nas áreas mais afetadas, onde o risco de deslizamentos é elevado",2025-04-06 17:00:00,https://jovempan.com.br/noticias/brasil/em-24-horas-petropolis-tem-volume-de-chuva-50-superior-ao-esperado-para-o-mes-de-abril.html
Joven Pan,Moradores começam a voltar para casa em Ubatuba após fortes chuvas que deixaram cidade alagada,"Defesa Civil está trabalhando na recuperação da ponte da Estrada da Folha Seca, e não será necessário criar um abrigo temporário para os desabrigados",2025-04-06 16:02:00,https://jovempan.com.br/noticias/brasil/moradores-comecam-a-voltar-para-casa-em-ubatuba-apos-fortes-chuvas-que-deixaram-cidade-alagada.html
Joven Pan,Cabra fica presa em porta-malas de carro após alagamento em Petrópolis,O animal foi resgatado por bombeiros e devolvido ao dono,2025-04-06 09:04:02,https://jovempan.com.br/noticias/brasil/cabra-fica-presa-em-porta-malas-de-carro-apos-alagamento-em-petropolis.html
Joven Pan,Nova frente fria causará queda de temperaturas e chuvas ao Brasil,Massa de ar frio virá acompanhada de ventos de origem polar que intensificarão a sensação de frio nas regiões Sul e Sudeste do país,2025-04-06 07:02:05,https://jovempan.com.br/noticias/brasil/nova-frente-fria-causara-queda-de-temperaturas-e-chuvas-ao-brasil.html
Joven Pan,"Chuvas em São Paulo fazem rios transbordarem, árvores caírem e deixam famílias desalojadas","Gestão estadual disse que enviará ajuda humanitária para atender as pessoas afetadas. O auxílio inclui cestas básicas, kits de higiene pessoal, colchões, cobertores, entre outros itens, que deverão ser retirados em um depósito da Defesa Civil em Tremembé",2025-04-05 23:00:00,https://jovempan.com.br/noticias/brasil/chuvas-em-sao-paulo-fazem-rios-transbordarem-arvores-cairem-e-deixam-familias-desalojadas.html
Joven Pan,Cláudio Castro critica falta de apoio federal após chuvas em Angra dos Reis,"Governador do Rio de Janeiro lembrou que o apoio do governo federal foi insuficiente após as chuvas devastadoras que atingiram Petrópolis em 2022, resultando na morte de mais de 200 pessoas",2025-04-05 22:04:02,https://jovempan.com.br/noticias/brasil/claudio-castro-critica-falta-de-apoio-federal-apos-chuvas-em-angra-dos-reis.html
Joven Pan,Chuvas intensas deixam moradores ilhados em Ubatuba,"Cidade registrou um total de 160 milímetros de precipitação nas últimas 24 horas, sendo 138 milímetros apenas nas últimas 12 horas, o que levou a Defesa Civil a emitir um alerta de severidade",2025-04-05 19:03:01,https://jovempan.com.br/noticias/brasil/chuvas-intensas-deixam-moradores-ilhados-em-ubatuba.html
Joven Pan,Angra dos Reis declara estado de emergência após intensas chuvas e deslizamentos,"Intensas chuvas em Angra dos Reis deixam 346 desalojados e provocam deslizamentos, levando a um estado de emergência na cidade.",2025-04-05 19:01:00,https://jovempan.com.br/noticias/brasil/angra-dos-reis-declara-estado-de-emergencia-apos-intensas-chuvas-e-deslizamentos.html
Joven Pan,Rodovia Rio-Santos é interditada por causa das fortes chuvas,Concessionária CCR Rio-Santos aguarda a realização de uma vistoria para avaliar as condições de segurança e a possibilidade de reabertura da via,2025-04-05 18:03:01,https://jovempan.com.br/noticias/brasil/rodovia-rio-santos-e-interditada-por-causa-das-forte-chuvas.html
Joven Pan,"Chuvas intensas no RJ provocam acionamento de sirenes e deslizamento, e deixam desalojados em Angra dos Reis","Ao menos 193 pessoas foram forçadas a deixar suas casas, embora não tenham sido registrados feridos; cidade do RJ enfrenta estágio 2 de alerta em razão das chuvas intensas que têm atingido a região",2025-04-05 16:00:02,https://jovempan.com.br/noticias/brasil/chuvas-intensas-no-rj-provocam-acionamento-de-sirenes-e-deslizamento-e-deixam-desalojados-em-angra-dos-reis.html
Joven Pan,Rodovia dos Tamoios é interditada após chuvas intensas,Autoridades tomaram medidas preventivas após o volume de precipitação superar 100 milímetros em um período de 72 horas; trânsito flui em operação comboio,2025-04-05 13:04:08,https://jovempan.com.br/noticias/brasil/rodovia-dos-tamoios-e-interditada-apos-chuvas-intensas.html
Joven Pan,Chuva forte causa transtornos na Grande São Paulo e interior do Estado,"Em Diadema, Corpo de Bombeiros teve que intervir para resgatar um motorista que ficou preso em seu veículo; deslizamento de terra em Guarulhos resultou em 32 pessoas desalojadas",2025-04-05 05:00:07,https://jovempan.com.br/noticias/brasil/chuva-forte-causa-transtornos-na-grande-sao-paulo-e-interior-do-estado.html
Joven Pan,Chuvas intensas em Angra dos Reis fecham Rodovia Rio-Santos e geram deslizamentos,"Situação gera preocupações com deslizamentos de terra, levando ao desalojamento de nove pessoas",2025-04-05 00:00:00,https://jovempan.com.br/noticias/brasil/chuvas-intensas-em-angra-dos-reis-fecham-rodovia-rio-santos-e-geram-deslizamentos.html
Joven Pan,Petrópolis suspende aulas e decreta ponto facultativo por chuvas intensas,"Marinha do Brasil também emitiu um alerta sobre ressaca no mar, prevendo ondas que podem atingir entre 2,5 e 3 metros",2025-04-04 13:00:02,https://jovempan.com.br/noticias/brasil/petropolis-suspende-aulas-e-decreta-ponto-facultativo-por-chuvas-intensas.html
Joven Pan,São Paulo e Rio de Janeiro estão sob alerta vermelho para chuvas intensas devido à chegada da primeira frente fria do ano,"De acordo com o Inmet, precipitações podem chegar a 100 mm por dia, com alto risco de alagamentos, transbordamentos de rios e deslizamentos",2025-04-04 11:01:00,https://jovempan.com.br/programas/jornal-da-manha/sao-paulo-e-rio-de-janeiro-estao-sob-alerta-vermelho-para-chuvas-intensas-devido-a-chegada-da-primeira-frente-fria-do-ano.html
Joven Pan,São Paulo terá chuvas intensas nesta quinta-feira,"Com a chegada de uma frente fria vinda do Sul, a Defesa Civil alerta que, além da queda nos termômetros, a condição pode favorecer a ocorrência de temporais",2025-04-03 07:02:00,https://jovempan.com.br/noticias/brasil/sao-paulo-tera-chuvas-intensas-nesta-quinta-feira.html
Joven Pan,Governo prorroga campanha ‘SP Sempre Alerta – Operação Chuvas’,Decisão foi tomada pela Defesa Civil após a previsão de chuvas intensas até o dia 06 de abril,2025-04-02 10:00:00,https://jovempan.com.br/programas/jornal-da-manha/governo-prorroga-campanha-sp-sempre-alerta-operacao-chuvas.html
Joven Pan,"Chuva no Grande ABC alaga Avenida do Estado, invade casas e interrompe circulação de trens",A Linha 10-Turquesa da CPTM foi paralisada no trecho entre as estações Utinga e Mauá; carros ficaram submersos em diversos pontos das cidades da região,2025-03-31 18:02:06,https://jovempan.com.br/noticias/brasil/chuva-causa-estragos-no-grande-abc-e-deixa-sao-paulo-em-estado-de-atencao-para-alagamentos.html
Joven Pan,Centro-Sul do Brasil deve ter chuva nesta quarta,"Apesar do calor durante o dia, as noites e manhãs tendem a ser mais frescas, especialmente em São Paulo, onde a sensação de abafamento diminui à noite",2025-03-26 09:00:04,https://jovempan.com.br/programas/jornal-da-manha/centro-sul-do-brasil-deve-ter-chuva-nesta-quarta.html
Joven Pan,Última semana de março será abafada e terá pancadas de chuva durante as tardes em São Paulo,"De acordo com a previsão do Centro de Gerenciamento de Emergências Climáticas, há possibilidade de temporais e formação de alagamentos em alguns pontos da cidade",2025-03-24 07:04:05,https://jovempan.com.br/noticias/brasil/ultima-semana-de-marco-sera-abafada-e-tera-pancadas-de-chuva-durante-as-tardes-em-sao-paulo.html
Joven Pan,Trecho da Rodovia Régis Bittencourt é interditado devido à chuva,"De acordo com a Arteris, concessionária responsável pela via, a pista sentido São Paulo está fechada e o fluxo está sendo desviado por dentro de Itapecerica",2025-03-23 19:04:01,https://jovempan.com.br/noticias/brasil/trecho-da-rodovia-regis-bittencourt-e-interditado-devido-a-chuva.html
Joven Pan,"Alagamento interrompe parte da linha 7-Rubi, da CPTM",Trens da linha 8-Diamante e a linha 9-Esmeralda também apresentam maior intervalo por conta de ações de manutenção pré-programadas,2025-03-23 18:05:00,https://jovempan.com.br/noticias/brasil/alagamento-interrompe-parte-da-linha-7-rubi-da-cptm-neste-domingo.html
Joven Pan,Defesa Civil alerta para risco de tempestades severas em São Paulo neste domingo,"Desde o início de março, a cidade registrou um total médio de 63,8 mm de precipitação, o que corresponde a 36% do volume esperado para todo o mês",2025-03-23 17:00:04,https://jovempan.com.br/noticias/brasil/defesa-civil-alerta-para-risco-de-tempestades-severas-em-sao-paulo-neste-domingo.html
Joven Pan,São Paulo terá chuva no primeiro domingo de outono,"Capital paulista tem 83% de probabilidade de chuva, com possibilidade de pancadas isoladas em todo o estado; apesar disso, temperaturas seguem elevadas, podendo chegar aos 31°C",2025-03-23 08:04:08,https://jovempan.com.br/programas/jornal-da-manha/sao-paulo-tera-chuva-no-primeiro-domingo-de-outono.html
Joven Pan,Chuva causa alagamentos e provoca transtornos em São Paulo,"Temporal começou por volta das 15h, acompanhado de ventos que atingiram 78 km/h, conforme dados da Defesa Civil",2025-03-18 23:04:01,https://jovempan.com.br/noticias/brasil/chuva-causa-alagamentos-e-provoca-transtornos-em-sao-paulo.html
Joven Pan,São Paulo pode enfrentar fortes chuvas até quarta-feira,"Situação se intensifica com a chegada de uma frente fria, com acumulados que podem ultrapassar 60 mm em algumas áreas",2025-03-18 07:02:00,https://jovempan.com.br/noticias/brasil/sao-paulo-pode-enfrentar-fortes-chuvas-ate-quarta-feira.html
Joven Pan,São Paulo terá chuva e altas temperaturas na última semana de verão,"Nesta segunda-feira (17), termômetros devem variar entre 19°C e 27°C, com alerta de pancadas no final da tarde",2025-03-17 07:02:08,https://jovempan.com.br/noticias/brasil/sao-paulo-tera-chuva-e-altas-temperaturas-na-ultima-semana-de-verao.html
Joven Pan,São Paulo enfrenta risco de tempestades até domingo,Defesa Civil emitiu um alerta na última quinta-feira (13) para possíveis temporais durante o final de semana em todo o Estado,2025-03-14 09:01:08,https://jovempan.com.br/programas/jornal-da-manha/sao-paulo-enfrenta-risco-de-tempestades-ate-domingo.html
Joven Pan,São Paulo terá chuva forte nesta quinta,"Após o temporal que atingiu a capital paulista na última quarta-feira (12), a cidade poderá novamente enfrentar transtornos pelas precipitações esperadas para os próximos dias",2025-03-13 08:02:03,https://jovempan.com.br/programas/jornal-da-manha/sao-paulo-tera-chuva-forte-nesta-quinta.html
Joven Pan,Chuvas intensas no Rio de Janeiro deixam ruas alagadas e causam transtornos no transporte público,"Sistema de metrô da cidade está operando com intervalos irregulares, o que tem gerado dificuldades para os usuários",2025-03-13 00:00:00,https://jovempan.com.br/noticias/brasil/chuvas-intensas-no-rj-deixam-ruas-alagadas-e-causam-transtornos-no-transporte-publico.html
Joven Pan,Chuva intensa em São Paulo causa queda de árvores e morte,"Segundo a Enel, mais de 175 mil imóveis estão sem energia elétrica na Região Metropolitana de São Paulo; a CGE declarou estado de atenção para alagamentos",2025-03-12 19:04:05,https://jovempan.com.br/noticias/brasil/chuva-intensa-em-sao-paulo-causa-queda-de-arvores-e-morte.html
Joven Pan,Frente fria faz temperaturas caírem no Sul e causa chuvas fortes em São Paulo,"Calor está começando a diminuir no país, trazendo um alívio para as regiões afetadas pelo clima mais quente",2025-03-11 10:05:01,https://jovempan.com.br/noticias/brasil/frente-fria-faz-temperaturas-cairem-no-sul-e-causa-chuvas-fortes-em-sao-paulo.html
Joven Pan,São Paulo terá semana marcada por chuvas e temperaturas que podem chegar a 30°C,"Defesa Civil de SP alerta para mudanças climáticas intensas na cidade com a chegada de uma frente fria no final de semana, após a onda de calor",2025-03-10 06:04:01,https://jovempan.com.br/noticias/brasil/sao-paulo-tera-semana-marcada-por-chuvas-e-temperaturas-que-podem-chegar-a-30c.html
Joven Pan,Chances de chuvas são baixas no Sudeste do Brasil,"Mapa de precipitações destaca áreas de tempo firme desde o oeste da Bahia até o Triângulo Mineiro, com temperaturas elevadas e umidade relativa do ar abaixo do ideal",2025-03-06 08:05:05,https://jovempan.com.br/programas/jornal-da-manha/chances-de-chuvas-sao-baixas-no-sudeste-do-brasil.html
Joven Pan,Chuvas de granizo causam danos em carros alegóricos das escolas de samba de São Paulo,"Acadêmicos do Tucuruvi, uma das agremiações afetadas, relatou prejuízos consideráveis, mas garantiu que manterá seu cronograma e estará pronta para o desfile",2025-02-27 23:04:08,https://jovempan.com.br/noticias/brasil/carnaval-2025/chuvas-de-granizo-causam-danos-em-carros-alegoricos-das-escolas-de-samba-de-sao-paulo.html
Joven Pan,São Paulo deve enfrentar chuvas fortes e possíveis quedas de granizo nesta quinta,Altas temperaturas devem fazer de fevereiro o mês mais quente já registrado na capital paulista; chuvas de verão têm causado transtornos na cidade,2025-02-27 10:03:01,https://jovempan.com.br/programas/jornal-da-manha/sao-paulo-deve-enfrentar-chuvas-fortes-e-possiveis-quedas-de-granizo-nesta-quinta.html
Joven Pan,São Paulo intensifica fiscalização da Lei Seca durante o Carnaval,Detran prevê 40 mil motoristas abordados; operações se iniciam na sexta-feira (28) e se estendem até terça-feira (4),2025-02-26 15:05:08,https://jovempan.com.br/noticias/brasil/sao-paulo-intensifica-fiscalizacao-da-lei-seca-durante-o-carnaval.html
Joven Pan,Motorista de aplicativo morre após carro ficar submerso em alagamento em São Paulo,"Com essa fatalidade, o número de vítimas das chuvas na região subiu para 21 desde o início da Operação Verão",2025-02-19 17:02:03,https://jovempan.com.br/noticias/brasil/motorista-de-aplicativo-morre-apos-carro-ficar-submerso-em-alagamento-em-sao-paulo.html
Joven Pan,Ao menos 112 mil imóveis permanecem sem energia elétrica após chuva em SP,"De acordo com boletim divulgado na manhã desta quarta-feira (19) pela Enel Distribuição São Paulo, as precipitações afetaram principalmente as zonas norte e oeste da cidade paulistana",2025-02-19 10:02:04,https://jovempan.com.br/noticias/brasil/ao-menos-112-mil-imoveis-permanecem-sem-energia-eletrica-apos-chuva-em-sp.html
Joven Pan,"Apesar do calor, São Paulo terá fortes chuvas à tarde",Capital paulista experimenta alívio nas temperaturas a partir dessa quarta-feira (19) com tendência de queda gradual até o final de semana,2025-02-19 09:02:08,https://jovempan.com.br/programas/jornal-da-manha/apesar-do-calor-sao-paulo-tera-fortes-chuvas-a-tarde.html
Joven Pan,Chuva deixa a cidade de São Paulo em estado de atenção e causa alagamento em linha de trem,"Segundo o Centro de Gerenciamento de Emergências (CGE), da Prefeitura, as zonas sul e leste são as mais afetadas; chove forte principalmente nas subprefeituras de Parelheiros, Capela do Socorro e Mooca",2025-02-14 14:04:02,https://jovempan.com.br/noticias/brasil/chuva-deixa-a-cidade-de-sao-paulo-em-estado-de-atencao-e-causa-alagamento-em-linha-de-trem.html
Joven Pan,"São Paulo deve ter chuva forte nesta sexta, aponta previsão","Capital paulista terá pancadas típicas de verão, com alguns pontos com mais precipitação do que outros; onda de calor que atinge grande parte do Brasil persistirá até 21 de fevereiro",2025-02-14 09:01:00,https://jovempan.com.br/programas/jornal-da-manha/sao-paulo-deve-ter-chuva-forte-nesta-sexta-aponta-previsao.html
Joven Pan,Defesa Civil de São Paulo emite alerta para chuvas intensas,"Precipitações, previstas entre os dias 14 e 15 de fevereiro, devem atingir com mais intensidade a região leste do estado, incluindo a Grande São Paulo, o litoral, o Vale do Paraíba, além de Campinas e Sorocaba",2025-02-13 20:01:09,https://jovempan.com.br/noticias/brasil/defesa-civil-de-sao-paulo-emite-alerta-para-chuvas-intensas.html
Joven Pan,Chuva em São Paulo faz Defesa Civil decretar atenção para alagamentos; moradores recebem alerta severo,"Segundo o CGE, as áreas de chuva se formaram em função do calor e a entrada da brisa marítima; há potencial para rajadas de vento e transbordamentos",2025-02-10 17:04:05,https://jovempan.com.br/noticias/brasil/chuva-em-sao-paulo-faz-defesa-civil-decretar-atencao-para-alagamentos-moradores-recebem-alerta-severo.html
Joven Pan,Chuva forte à vista? Confira a previsão para o fim de semana em SP,"De acordo com o Centro de Gerenciamento de Emergências da Prefeitura, capital paulista terá clima abafado com possibilidade de pancadas de chuva rápidas e isoladas no período da tarde",2025-02-08 09:05:05,https://jovempan.com.br/noticias/brasil/chuva-forte-a-vista-confira-a-previsao-para-o-fim-de-semana-em-sp.html
Joven Pan,Identificada mais uma vítima da tragédia de Brumadinho; total chega a 268,"Restos mortais pertencem a Maria de Lurdes da Costa Bueno, uma corretora de imóveis que estava na região a turismo",2025-02-07 22:00:06,https://jovempan.com.br/noticias/brasil/identificada-mais-uma-vitima-da-tragedia-de-brumadinho-total-chega-a-268.html
Joven Pan,"‘Tivemos a preocupação de que a tragédia não se escalasse’, diz Corpo de Bombeiros sobre queda do avião em SP","De acordo com o capitão Maycon Cristo, equipe chegou ao local em poucos minutos para extinguir as chamas e previnir que o fogo atingisse outros veículos e residências; investigações serão conduzidas pelo Cenipa",2025-02-07 11:03:08,https://jovempan.com.br/noticias/brasil/tivemos-a-preocupacao-de-que-a-tragedia-nao-se-escalasse-diz-corpo-de-bombeiros-sobre-queda-do-aviao-em-sp.html
Joven Pan,São Paulo terá pancadas de chuva nesta sexta,"Capital paulista contará com um dia quente e abafado, com temperaturas máximas em torno de 33ºC",2025-02-07 09:01:04,https://jovempan.com.br/programas/jornal-da-manha/sao-paulo-tera-pancadas-de-chuva-nesta-sexta.html
Joven Pan,Chuva faz SP entrar em estado de atenção para alagamentos; Defesa Civil emite ‘alerta severo’,"De acordo com a Enel, concessionária responsável pela distribuição de energia, mais de 73 mil imóveis ficaram sem luz na área de concessão na Grande São Paulo por volta das 19h",2025-02-06 19:04:05,https://jovempan.com.br/noticias/brasil/chuva-faz-sp-entrar-em-estado-de-atencao-para-alagamentos-defesa-civil-emite-alerta-severo.html
Joven Pan,"Chuvas na Grande Recife geram deslizamentos de terra, causam seis mortes e mantêm região em alerta máximo","Mais de 200 pessoas estão desalojadas; prefeitura decidiu suspender todos os serviços não essenciais, além de cancelar as aulas na rede municipal de ensino",2025-02-06 15:04:02,https://jovempan.com.br/noticias/brasil/chuvas-na-grande-recife-geram-deslizamentos-de-terra-causam-seis-mortes-e-mantem-regiao-em-alerta-maximo.html
Joven Pan,Região Sudeste terá tempo firme pela manhã e chuva à tarde nesta quinta,"Minas Gerais, Espírito Santo e Rio de Janeiro seguirão com temperaturas altas, enquanto São Paulo contará com calor intenso e pancadas típicas de verão",2025-02-06 09:00:03,https://jovempan.com.br/programas/jornal-da-manha/regiao-sudeste-tera-tempo-firme-pela-manha-e-chuva-a-tarde-nesta-quinta.html
Joven Pan,"Chuvas diminuem na capital paulista, mas Estado permanece em alerta","Aviso do CGE se estende por todas as regiões da cidade, incluindo as zonas norte, leste, oeste, sul, sudeste e o centro, além das marginais Tietê e Pinheiros",2025-02-04 19:04:01,https://jovempan.com.br/noticias/brasil/chuvas-diminuem-na-capital-paulista-mas-estado-permanece-em-alerta.html
Joven Pan,Chuva intensa continuará em São Paulo até quarta-feira,"Defesa Civil decidiu no último domingo (2) prorrogar o gabinete de crise, intensificando a vigilância no estado, especialmente na faixa leste paulista",2025-02-03 06:03:01,https://jovempan.com.br/noticias/brasil/chuva-intensa-continuara-em-sao-paulo-ate-quarta-feira.html
Joven Pan,Idoso morre em alagamento na Vila Prudente após fortes chuvas em São Paulo,"Um idoso faleceu preso em seu carro durante alagamento em São Paulo, que enfrentou chuvas intensas e evacuou milhares.",2025-02-02 16:05:07,https://jovempan.com.br/noticias/brasil/idoso-morre-em-alagamento-na-vila-prudente-apos-fortes-chuvas-em-sao-paulo.html
Joven Pan,Trem descarrila devido a deslizamento de terra e interrompe circulação entre estações da linha 7-rubi da CPTM,Acidente afetou o transporte entre os terminais Francisco Morato e Botujuru; maquinista sofreu ferimentos leves e foi levado a uma UPA,2025-02-01 16:01:02,https://jovempan.com.br/noticias/brasil/trem-descarrila-devido-a-deslizamento-de-terra-e-interrompe-circulacao-entre-estacoes-da-linha-7-rubi-da-cptm.html
Joven Pan,Moradores de 3 regiões de São Paulo recebem alerta severo de chuva; Guarujá registra 3 deslizamentos,"Tempestade começou concentrada no centro da capital, segundo a Defesa Civil estadual, mas se deslocou para a zona leste e a norte",2025-02-01 07:04:08,https://jovempan.com.br/noticias/brasil/moradores-de-3-regioes-de-sao-paulo-recebem-alerta-severo-de-chuva-guaruja-registra-3-deslizamentos.html
Joven Pan,Centro-Oeste e Sudeste têm alerta para chuvas fortes nesta sexta,Período de calor intenso combinado com alta umidade também contribuirão para a ocorrência de tempestades em algumas áreas durante o final de semana,2025-01-31 09:02:07,https://jovempan.com.br/programas/jornal-da-manha/centro-oeste-e-sudeste-tem-alerta-para-chuvas-fortes-nesta-sexta.html
Joven Pan,Guarujá emite alerta extremo de chuvas severas e ativa abrigos temporários,"Nas últimas 24 horas, cidade registrou um total de 112mm de precipitação; em resposta à situação, prefeitura ativou as sirenes de emergência",2025-01-30 15:03:00,https://jovempan.com.br/noticias/brasil/guaruja-emite-alerta-extremo-de-chuvas-severas-e-ativa-abrigos-temporarios.html
Joven Pan,Sudeste tem alerta para perigo extremo de tempestade nesta quinta,Situação é especialmente crítica no Sul de Minas Gerais e no Estado de São Paulo; previsão é de chuvas que podem ultrapassar 300 milímetros,2025-01-30 10:05:03,https://jovempan.com.br/noticias/brasil/sudeste-tem-alerta-para-perigo-extremo-de-tempestade-nesta-quinta.html
Joven Pan,São Paulo tem alerta para chuvas fortes até o próximo domingo; diretora da Defesa Civil explica,"Major PM Michele César alertou que as áreas mais preocupantes incluem o Vale do Paraíba, litoral norte, região metropolitana de SP e Sorocaba",2025-01-29 08:05:03,https://jovempan.com.br/programas/jornal-da-manha/sao-paulo-tem-alerta-para-chuvas-fortes-ate-o-proximo-domingo-diretora-da-defesa-civil-explica.html
Joven Pan,Defesa Civil de SP prorroga alerta de chuvas e mantém gabinete de crise,Trabalhos foram estendidos até o próximo domingo (1º) em resposta ao temporal previsto para os próximos dias,2025-01-28 21:02:09,https://jovempan.com.br/noticias/brasil/defesa-civil-de-sp-prorroga-alerta-de-chuvas-e-mantem-gabinete-de-crise.html
Joven Pan,São Paulo registra a terceira maior chuva desde 1961,"Operação chuvas, iniciada em 1º de dezembro de 2024, já contabiliza 17 mortes no Estado, com três delas ocorrendo em 2025",2025-01-27 09:02:04,https://jovempan.com.br/programas/jornal-da-manha/sao-paulo-registra-a-terceira-maior-chuva-desde-1961.html
Joven Pan,Chega a 16 número de mortos devido às chuvas em São Paulo,Motociclista foi arrastado pela forte enxurrada provocada pelas intensas chuvas que atingiram Guarulhos,2025-01-26 21:02:00,https://jovempan.com.br/noticias/brasil/chega-a-16-numero-de-mortos-devido-as-chuvas-em-sao-paulo.html
Joven Pan,São Paulo tem novo alerta para chuva forte e monta gabinete de crise,"Chegada de uma frente fria ao litoral de São Paulo neste domingo (26) deve reforçar os temporais, principalmente a partir da tarde; veja previsão para os próximos dias",2025-01-26 13:05:00,https://jovempan.com.br/noticias/brasil/sao-paulo-tem-novo-alerta-para-chuva-forte-e-monta-gabinete-de-crise.html
Joven Pan,Chuva que caiu em SP é a 3ª maior em 64 anos e foi quase a metade do esperado para janeiro,"De acordo com a Defesa Civil, que emitiu um alerta para todos os paulistanos, foram 125mm de precipitação, enquanto a média para o mês é de 288mm",2025-01-25 08:01:06,https://jovempan.com.br/noticias/brasil/chuva-que-caiu-em-sp-e-a-3a-maior-em-64-anos-e-foi-quase-a-metade-do-esperado-para-janeiro.html
Joven Pan,"Chuva em São Paulo invade Metrô, derruba teto de shopping e faz Defesa Civil emitir ‘alerta severo’","Nos próximos dias a previsão é de temporais localizados entre o final das tardes e o início da noite, ainda com sensação de tempo abafado",2025-01-24 16:04:03,https://jovempan.com.br/noticias/brasil/chuva-em-sao-paulo-invade-metro-derruba-teto-de-shopping-e-faz-defesa-civil-emitir-alerta-severo.html
Joven Pan,Quatro pessoas são presas por venda de carne que ficou submersa nas enchentes do RS,Prisão ocorreu durante a Operação Carne Fraca pela Polícia Civil no Rio de Janeiro durante a última quarta-feira (22); Delegacia do Consumidor do Rio (Decon-RJ) cumpriu oito mandados de busca e apreensão na empresa Tem Di Tudo Salvados,2025-01-23 07:00:00,https://jovempan.com.br/noticias/brasil/quatro-pessoas-sao-presas-por-venda-de-carne-que-ficou-submersa-nas-enchentes-do-rs.html
Joven Pan,Queimadas no Brasil tiveram aumento de 79% em 2024,"Amazônia foi a área mais afetada, contabilizando 17,9 milhões de hectares, o que equivale a 58% do total",2025-01-22 19:05:05,https://jovempan.com.br/noticias/brasil/queimadas-no-brasil-tiveram-aumento-de-79-em-2024.html
Joven Pan,Chuvas intensas deixam 22 cidades de Mato Grosso em estado de emergência,Danos incluem a destruição de pontes e o comprometimento de estradas e moradias,2025-01-21 22:03:04,https://jovempan.com.br/noticias/brasil/chuvas-intensas-deixam-22-cidades-de-mato-grosso-em-estado-de-emergencia.html
Joven Pan,Chuvas deixam 320 pessoas desabrigadas e 995 desalojadas em Santa Catarina,"13 cidades, incluindo a capital Florianópolis, declararam estado de emergência em resposta aos alagamentos e deslizamentos de terra",2025-01-20 12:05:09,https://jovempan.com.br/noticias/brasil/chuvas-deixam-320-pessoas-desabrigadas-e-995-desalojadas-em-santa-catarina.html
Joven Pan,Inmet emite alerta de perigo para chuvas intensas em São Paulo e mais 9 Estados,"Segundo o instituto, deve haver precipitação de 50 a 100 mm ao dia e ventos com intensidade entre 60 a 100 quilômetros por hora, provocando riscos de cortes de energia elétrica, queda de árvores e alagamentos",2025-01-18 18:04:08,https://jovempan.com.br/noticias/brasil/inmet-emite-alerta-de-perigo-para-chuvas-intensas-em-sao-paulo-e-mais-9-estados.html
Joven Pan,Chuvas em Santa Catarina tiram 1.315 pessoas de casa e municípios declaram situação de emergência,"O Corpo de Bombeiros do Estado alerta para risco de deslizamentos, principalmente na Grande Florianópolis e no litoral norte; Defesa Civil informa que o risco de danos estruturais é elevado",2025-01-18 16:05:06,https://jovempan.com.br/noticias/brasil/chuvas-em-santa-catarina-tiram-1-315-pessoas-de-casa-e-municipios-declaram-situacao-de-emergencia.html
Joven Pan,Balneário Camboriú decreta situação de emergência após chuvas,"Em entrevista ao Jornal da Manhã, prefeita da cidade, Juliana Pavan, comunicou que, embora a situação esteja se normalizando, ainda há preocupações com a possibilidade de novos deslizamentos",2025-01-17 09:05:00,https://jovempan.com.br/programas/jornal-da-manha/balneario-camboriu-decreta-situacao-de-emergencia-apos-chuvas.html
Joven Pan,Fortes chuvas causam danos em Santa Catarina e 234 ocorrências são registradas,"Em Camboriú, uma gestante em trabalho de parto precisou ser resgatada após ficar presa em uma área alagada",2025-01-17 00:00:00,https://jovempan.com.br/noticias/brasil/fortes-chuvas-causam-danos-em-santa-catarina-e-234-ocorrencias-sao-registradas.html
Joven Pan,Capital tem estado de atenção para alagamentos e mais de 59 mil imóveis sem luz,"Defesa Civil emitiu um alerta de estado de atenção para alagamentos em todas as regiões da capital, que vigorou entre 17h04 e 19h07",2025-01-16 22:04:06,https://jovempan.com.br/noticias/brasil/chuvas-deixam-sao-paulo-alagada-e-deixa-mais-de-39-mil-residencias-sem-energia.html
Joven Pan,Governo do RJ anuncia R$ 8 bilhões para prevenção contra desastres causados pelas chuvas,"Governador Cláudio Castro apresentou um plano de contingência abrangente que inclui não apenas a realização de obras, mas também o fortalecimento de maquinário e equipes",2025-01-16 17:01:00,https://jovempan.com.br/noticias/brasil/governo-do-rj-anuncia-r-8-bilhoes-para-prevencao-contra-desastres-causados-pelas-chuvas.html
Joven Pan,Chega a 26 número de mortos em Minas Gerais em decorrência das chuvas,"Vítima, uma mulher idosa, foi encontrada presa a uma cerca nas margens de um córrego em Serro, no Vale do Jequitinhonha",2025-01-15 23:04:00,https://jovempan.com.br/noticias/brasil/chega-a-26-numero-de-mortos-em-minas-gerais-em-decorrencia-das-chuvas.html
Joven Pan,Estado de São Paulo deve ter chuvas intensas nesta quarta-feira,"Capital paulista amanheceu sob forte nebulosidade, condição que se estende por todo o estado; circulação de ventos em médios níveis da atmosfera está provocando chuvas fortes em algumas áreas do Brasil",2025-01-15 08:01:06,https://jovempan.com.br/programas/jornal-da-manha/previsao-do-tempo-indica-mudanca-no-clima-com-chuvas-isoladas-a-tarde.html
Joven Pan,Inmet emite alerta para chuvas intensas até quarta em diversas regiões do Brasil,"Entre os locais afetados estão Rondônia, Mato Grosso, Mato Grosso do Sul, Goiás, além de Minas Gerais, Bahia, Sergipe, Alagoas, Paraíba, Pernambuco, Rio Grande do Norte, Ceará, Pará, Piauí, Maranhão, Tocantins e o Distrito Federal",2025-01-14 20:00:09,https://jovempan.com.br/noticias/brasil/inmet-emite-alerta-para-chuvas-intensas-ate-quarta-em-diversas-regioes-do-brasil.html
Joven Pan,Chuvas deixam 56 cidades em Minas Gerais em estado de emergência a afetam mais de 60 municípios na Bahia,Pelo menos 11 pessoas morreram em Ipatinga (MG); prefeitura informou montou dois abrigos para os desalojados e prometeu pagar um salário mínimo às famílias que perderam suas casas,2025-01-14 15:05:07,https://jovempan.com.br/programas/jornal-da-manha/chuvas-afetam-65-cidades-da-bahia-e-minas-gerais-entra-em-alerta.html
Joven Pan,Número de mortos sobe para 11 após deslizamentos de terra em Ipatinga (MG),"Ao todo, 150 pessoas ficaram desalojadas na região, de acordo com informações da prefeitura da cidade",2025-01-13 14:04:04,https://jovempan.com.br/noticias/brasil/numero-de-mortos-sobe-para-11-apos-deslizamentos-de-terra-em-ipatinga-mg.html
Joven Pan,Semana começa com chuva fraca pela tarde no centro-sul do Brasil,"Tempestades e tragédias nos estados de Sergipe e Minas Gerais são resultado das Zonas de Convergência do Atlântico Sul (ZCAS), que ainda exerce influência sobre o país, embora comece a perder força gradualmente nos próximos dias",2025-01-13 08:00:07,https://jovempan.com.br/noticias/brasil/semana-comeca-com-chuva-fraca-pela-tarde-no-centro-sul-do-brasil.html
Joven Pan,Prefeitura de Ipatinga anuncia auxílio para moradores afetados pelas chuvas,"Benefício estará sujeito a critérios sociais ainda não detalhados; temporal na cidade mineira causou deslizamentos de terra e provocou ao menos dez mortes, incluindo duas crianças;",2025-01-12 23:02:02,https://jovempan.com.br/noticias/brasil/prefeitura-de-ipatinga-anuncia-auxilio-para-moradores-afetados-pelas-chuvas.html
Joven Pan,"Rodovia se rompe após chuvas em Sergipe, engole carros e deixa ao menos três mortos","Dois veículos foram arrastados para o buraco que se abriu na estrada, mas o motorista de um deles consegui se salvar; o outro automóvel submergiu com duas mulheres e um homem",2025-01-12 15:05:09,https://jovempan.com.br/noticias/brasil/rodovia-se-rompe-apos-chuvas-em-sergipe-engole-carros-e-deixa-ao-menos-tres-mortos.html
Joven Pan,Temporal em Ipatinga (MG) causa deslizamentos e deixa ao menos nove mortos,"Além das vítimas, uma pessoa permanece desaparecida; em resposta à calamidade, prefeitura declarou estado de emergência por um período de seis meses",2025-01-12 14:01:05,https://jovempan.com.br/noticias/brasil/temporal-em-ipatinga-mg-causa-deslizamentos-e-deixa-ao-menos-cinco-mortos.html
Joven Pan,Peruíbe decreta estado de emergência após fortes chuvas,"De acordo com a Defesa Civil, 442 pessoas estão desalojadas, com 137 famílias sendo temporariamente abrigadas em escolas municipais",2025-01-10 14:03:08,https://jovempan.com.br/programas/jornal-da-manha/peruibe-decreta-estado-de-emergencia-apos-fortes-chuvas.html
Joven Pan,"Inmet emite alerta laranja para chuvas intensas em São Paulo, Paraná e Rio de Janeiro","Aviso destaca os riscos de alagamentos, deslizamentos de terra, transbordamentos de rios e precipitações que podem variar entre 50 e 100 mm por dia",2025-01-10 13:04:06,https://jovempan.com.br/noticias/brasil/inmet-emite-alerta-laranja-para-chuvas-intensas-em-sao-paulo-parana-e-rio-de-janeiro.html
Joven Pan,Chuvas fortes devem atingir Centro-Sul do Brasil nesta sexta,"Há a possibilidade de precipitações superiores a 100 mm, o que gera preocupações para locais que já enfrentam altos volumes de chuva, como Minas Gerais e Espírito Santo",2025-01-10 08:01:03,https://jovempan.com.br/programas/jornal-da-manha/chuvas-fortes-devem-atingir-centro-sul-do-brasil-nesta-sexta.html
Joven Pan,"Com 300 pessoas desabrigadas, Peruíbe tem previsão de chuvas moderadas nos próximos dias","Autoridades estão encaminhando os desabrigados para um abrigo emergencial, onde poderão receber assistência",2025-01-09 21:04:02,https://jovempan.com.br/noticias/brasil/com-300-pessoas-desabrigadas-peruibe-tem-previsao-de-chuvas-moderadas-nos-proximos-dias.html
Joven Pan,Fortes chuvas no litoral paulista deixam mais de 200 desabrigados em Peruíbe,"Total acumulado desde quarta-feira foi de 244 mm; tempestades também causaram estragos em Ubatuba, na parte norte da costa paulista",2025-01-09 13:00:01,https://jovempan.com.br/noticias/brasil/fortes-chuvas-no-litoral-paulista-deixam-mais-de-200-desabrigados-em-peruibe.html
Joven Pan,Sudeste e Centro-Oeste devem ter chuvas fortes nesta quinta-feira,"Apesar das temperaturas altas, tempestades afetam diversas regiões do país pela tarde, um padrão climático comum durante o verão",2025-01-09 09:01:01,https://jovempan.com.br/noticias/brasil/previsao-do-tempo-alerta-possibilidade-de-tempestades-no-centro-sul-nesta-quinta.html
Joven Pan,Sudeste terá pancadas de chuva no fim da tarde desta quarta,"Com temperaturas altas durante o dia, precipitações volta pelo fim da tarde em grande parte da região; meteorologia alerta para a necessidade de atenção redobrada devido às condições climáticas, que embora típicas do verão, podem causar transtornos significativos",2025-01-08 08:01:06,https://jovempan.com.br/noticias/brasil/sudeste-tera-pancadas-de-chuva-no-fim-da-tarde-desta-quarta.html
Joven Pan,Teto de supermercado em São Caetano desaba durante a chuva,"Estrutura colapsou sobre alguns veículos e não houve registro de feridos; Defesa Civil da região reportou ventos que chegaram a atingir 65 km/h, além de receber chamadas relacionadas a quedas de árvores",2025-01-07 19:04:04,https://jovempan.com.br/noticias/brasil/teto-de-supermercado-em-sao-caetano-desaba-durante-a-chuva.html
Joven Pan,Inmet alerta para chuvas intensas no Centro-Oeste e Sudeste do Brasil,"De acordo com o instituto, regiões devem receber mais de 80 milímetros, enquanto no Sul e na parte leste do Nordeste as precipitações devem ser inferiores a 20",2025-01-07 19:00:05,https://jovempan.com.br/noticias/brasil/inmet-alerta-para-chuvas-intensas-no-centro-oeste-e-sudeste-do-brasil.html
Joven Pan,Previsão do tempo alerta chances de chuva no Centro-Oeste e Sudeste nesta terça,"Com temperatura máxima de 28ºC em São Paulo, clima abafado e com precipitações deve persistir nas próximas semanas de verão",2025-01-07 08:02:09,https://jovempan.com.br/programas/jornal-da-manha/previsao-do-tempo-alerta-chances-de-chuva-no-centro-oeste-e-sudeste-nesta-terca.html
Joven Pan,Defesa Civil alerta para chuvas intensas e ventos fortes em São Paulo,"Preocupação com deslizamentos de terra é crescente, especialmente em áreas vulneráveis como a Grande São Paulo, Vale do Paraíba e litoral",2025-01-04 10:03:00,https://jovempan.com.br/noticias/brasil/defesa-civil-alerta-para-chuvas-intensas-e-ventos-fortes-em-sao-paulo.html
Joven Pan,"Chuva de meteoros, eclipse e superlua: saiba quando vão acontecer os eventos astronômicos de 2025","Entre esses fenômenos, a chuva de meteoros Quadrântidas se destaca como a primeira grande exibição do ano, que acontecerá entre os dias 3 e 4 de janeiro",2025-01-01 21:05:00,https://jovempan.com.br/noticias/brasil/chuva-de-meteoros-eclipse-e-superlua-saiba-quando-vao-acontecer-os-eventos-astronomicos-de-2025.html
Joven Pan,"Cavalo Caramelo, símbolo das enchentes do RS, protagoniza chamada da série ‘Yellowstone’","A campanha, que visa promover as novas temporadas da produção sobre a família Dutton em Montana, destaca que ‘o cavalo que viveu uma vida de desafios tem espírito Yellowstoner em sua alma’; assista ao vídeo",2024-12-30 19:03:02,https://jovempan.com.br/noticias/brasil/cavalo-caramelo-simbolo-das-enchentes-do-rs-protagoniza-chamada-da-serie-yellowstone.html
Joven Pan,São Paulo tem previsão de chuva forte com vento e granizo,"A tempestade atingiu a zona leste da capital, alcançando municípios da região metropolitana, como Caieiras, Franco da Rocha, Francisco Morato e Guarulhos; em Barueri, teto de um mercado desabou com a tempestade",2024-12-30 17:04:02,https://jovempan.com.br/noticias/brasil/sao-paulo-tem-previsao-de-chuva-forte-vento-e-granizo.html
Joven Pan,Teto de supermercado desaba em Barueri após forte chuva com granizo,"Ao menos duas pessoas ficaram feridas no incidente da tarde desta segunda-feira (30); as vítimas foram encontradas fora dos escombros, e o Corpo de Bombeiros foi acionado às 14h30",2024-12-30 16:04:09,https://jovempan.com.br/noticias/brasil/teto-de-mercado-desaba-em-barueri-apos-chuva-forte-com-granizo.html
Joven Pan,Há 92% de chance de chuva na véspera de ano-novo em SP,"De acordo com previsão do Climatempo, sistema meteorológico será marcado por alta nebulosidade nos próximos dias; são esperados acumulados de precipitações superiores a 100 milímetros, podendo chegar a até 150 em algumas regiões",2024-12-29 07:04:00,https://jovempan.com.br/noticias/brasil/ha-92-de-chance-de-chuva-na-vespera-de-ano-novo-em-sp.html
Joven Pan,Deslizamento de terra em Taubaté deixa três mortos,"Operações de busca e resgate se estenderam por mais de sete horas, mobilizando nove viaturas do Corpo de Bombeiros e outras equipes de emergência",2024-12-28 13:01:00,https://jovempan.com.br/noticias/brasil/deslizamento-de-terra-em-taubate-deixa-tres-mortos.html
Joven Pan,Estado do Rio de Janeiro pode ter chuva de 400 milímetros e deslizamentos de terra no final do ano e começo de 2025,"Previsões meteorológicas indicam que as chuvas mais intensas devem ocorrer neste fim de semana, com continuidade prevista para a segunda-feira",2024-12-28 10:04:09,https://jovempan.com.br/noticias/brasil/estado-do-rio-de-janeiro-pode-ter-chuva-de-400-milimetros-e-deslizamentos-de-terra-no-final-do-ano-e-comeco-de-2025.html
Joven Pan,São Paulo tem previsão de chuva para último final de semana do ano,Clima instável é resultado do fluxo de ar quente e úmido que se desloca pelo Brasil,2024-12-28 10:02:03,https://jovempan.com.br/noticias/brasil/sao-paulo-tem-previsao-de-chuva-para-ultimo-final-de-semana-do-ano.html
Joven Pan,Defesa Civil de Minas Gerais confirma oito mortes por causa das chuvas,"Vítimas mais recentes são um casal que desapareceu durante as chuvas na cidade de Raul Soares, localizada na Zona da Mata",2024-12-27 23:02:02,https://jovempan.com.br/noticias/brasil/defesa-civil-de-minas-gerais-confirma-oito-mortes-por-causa-das-chuvas.html
Joven Pan,"Após alagamentos e transtornos, São Paulo tem alerta de chuva forte nesta quinta-feira e na sexta","Segundo o Centro de Gerenciamento de Emergências, da Prefeitura, a chegada de uma frente fria ao Estado, associada ao canal de umidade da região centro-norte do País, vai provocar volumes expressivos de precipitação",2024-12-26 10:04:01,https://jovempan.com.br/noticias/brasil/apos-alagamentos-e-transtornos-sao-paulo-tem-alerta-de-chuva-forte-nesta-quinta-feira-e-na-sexta.html
Joven Pan,Defesa Civil de SP emite primeiro alerta sonoro sobre chuvas intensas em Campinas,"Em comunicado, o órgão comentou que a medida representa um ‘marco histórico’ para a força",2024-12-26 09:05:04,https://jovempan.com.br/noticias/brasil/defesa-civil-de-sp-emite-primeiro-alerta-sonoro-sobre-chuvas-intensas-em-campinas.html
Joven Pan,CGE alerta para chuvas fortes em São Paulo durante o dia de Natal,"Tempestades devem persistir ao longo da última semana de dezembro, em decorrência da formação da primeira Zona de Convergência do Atlântico Sul  deste verão",2024-12-25 07:01:01,https://jovempan.com.br/noticias/brasil/cge-alerta-para-chuvas-fortes-em-sao-paulo-durante-o-dia-de-natal.html
Joven Pan,Dnit revisará inspeções de pontes federais após tragédia no Rio Tocantins,"Uma das principais mudanças será a diminuição do intervalo entre as verificações, que atualmente ocorrem a cada um ano e meio",2024-12-24 16:00:04,https://jovempan.com.br/noticias/brasil/dnit-revisara-inspecoes-de-pontes-federais-apos-tragedia-no-rio-tocantins.html
Joven Pan,Grande São Paulo tem ao menos 60 mil imóveis sem energia após chuvas intensas,"Ribeirão Pires é a localidade mais atingida, contabilizando 2.503 interrupções no fornecimento.; condições climáticas severas, que incluíram ventos fortes, resultaram na queda de árvores e galhos",2024-12-22 10:02:04,https://jovempan.com.br/noticias/brasil/grande-sao-paulo-tem-55-mil-imoveis-sem-energia-apos-chuvas-intensas.html
Joven Pan,Acidente em Minas Gerais é a maior tragédia em rodovias federais desde 2007,"Ônibus da empresa ENTRAM perdeu o controle após um pneu estourar neste sábado (21); veículo colidiu com carreta carregada de pedras e saiu da pista, pegando fogo",2024-12-21 15:04:01,https://jovempan.com.br/noticias/brasil/acidente-em-minas-gerais-e-a-maior-tragedia-em-rodovias-federais-desde-2007.html
Joven Pan,Grande São Paulo ainda tem 320 mil residências sem luz em decorrência das chuvas,"Enel, responsável pela distribuição de energia, relatou que 3,8% de seus clientes estão sem luz, enquanto 340 mil já tiveram o fornecimento restabelecido",2024-12-21 10:04:02,https://jovempan.com.br/noticias/brasil/grande-sao-paulo-ainda-tem-320-mil-residencias-sem-luz-em-decorrencia-das-chuvas.html
Joven Pan,Rio de Janeiro tem chuvas intensas e ventos fortes nesta sexta-feira (20),"Sistema de monitoramento Alerta Rio emitiu avisos sobre a possibilidade de chuvas que variam de moderadas a fortes, além de relâmpagos e rajadas de vento",2024-12-20 20:02:04,https://jovempan.com.br/noticias/brasil/rio-de-janeiro-tem-chuvas-intensas-e-ventos-fortes-nesta-sexta-feira-20.html
Joven Pan,"Chuva em São Paulo derruba árvores, causa engarrafamento e deixa 666 mil pessoas sem luz",Número de pessoas afetadas pela falta de energia sobe para 625 mil considerando toda a Região Metropolitana; Enel diz que plano de operação foi acionado antecipadamente,2024-12-20 18:00:08,https://jovempan.com.br/noticias/brasil/chuva-em-sao-paulo-derruba-arvores-causa-engarrafamento-e-deixa-quase-425-mil-pessoas-sem-luz.html
Joven Pan,Árvore de Natal flutuante cai em Maricá e mata um funcionário durante tempestade,Outras duas pessoas ficaram feridas após queda da estrutura de 56 metros; Defesa Civil havia emitido alertado sobre chuvas fortes no local,2024-12-17 13:05:01,https://jovempan.com.br/programas/jornal-da-manha/arvore-de-natal-flutuante-cai-em-marica-e-mata-um-funcionario-durante-tempestade.html
Joven Pan,Brasil bate recorde de áreas queimadas em 2024,"Total de 29,7 milhões de hectares queimados representa um crescimento de 90% em relação a 2023; Amazônia foi a mais afetada, com 16,9 milhões de hectares",2024-12-16 12:05:04,https://jovempan.com.br/noticias/brasil/brasil-bate-recorde-de-areas-queimadas-em-2024.html
Joven Pan,Rio Grande do Sul tem alerta para ciclone subtropical,"De acordo com Instituto Nacional de Meteorologia (Inmet), a região do litoral e interior do sul gaúcho tem previsão de tempestades neste domingo; temporais podem apresentar um volume maior que 100 mm/dia, e com ventos superiores a 100 km/h",2024-12-15 09:01:09,https://jovempan.com.br/noticias/brasil/rio-grande-do-sul-tem-alerta-para-ciclone-subtropical.html
Joven Pan,Chuvas dominam maior parte do Brasil nesta sexta,Primavera continua a trazer temperaturas elevadas e precipitações mais intensas durante a tarde,2024-12-13 08:04:05,https://jovempan.com.br/programas/jornal-da-manha/chuvas-dominam-maior-parte-do-brasil-nesta-sexta.html
Joven Pan,Chuvas no Paraná causam deslizamentos e bloqueio de estradas,"De acordo com último boletim da Defesa Civil do Paraná, 40 cidades foram atingidas pelos temporais e cerca de 45.000 pessoas foram diretamente afetadas pelas condições climáticas",2024-12-11 13:05:01,https://jovempan.com.br/programas/jornal-da-manha/chuvas-no-parana-causam-deslizamentos-e-bloqueio-de-estradas.html
Joven Pan,"Cavalo Caramelo, símbolo das enchentes do RS, é adotado por universidade",O animal havia sido resgatado em maio deste ano após ser encontrado em um telhado na cidade de Canoas e recebeu tratamento intensivo no Hospital Veterinário da Ulbra,2024-12-10 18:02:00,https://jovempan.com.br/noticias/brasil/cavalo-caramelo-simbolo-das-enchentes-do-rs-e-adotado-por-universidade.html
Joven Pan,Chuvas e frente fria se aproximam da região Sudeste,"A região metropolitana de São Paulo deve permanecer em alerta para precipitações ao longo do dia; máxima não ultrapassa os 25ºC, o que mostra uma queda da temperatura em relação aos dias anteriores",2024-12-10 09:00:04,https://jovempan.com.br/programas/jornal-da-manha/chuvas-e-frente-fria-se-aproximam-da-regiao-sudeste.html
Joven Pan,Chuvas fortes no Paraná causam estragos e aumentam vazão das Cataratas do Iguaçu,"Cataratas do Iguaçu, um dos principais pontos turísticos da região, apresentaram uma vazão impressionante, atingindo 7,84 milhões de litros de água por segundo, um volume cinco vezes superior ao habitual",2024-12-09 23:03:05,https://jovempan.com.br/noticias/brasil/chuvas-fortes-no-parana-causam-estragos-e-aumentam-vazao-das-cataratas-do-iguacu.html
Joven Pan,Semana inicia quente no Centro-Sul com alerta de chuvas no Paraná,"São Paulo continua com o clima abafado do fim de semana, mas há previsão de chuvas generalizadas na cidade com temperaturas chegando aos 30ºC",2024-12-09 07:05:08,https://jovempan.com.br/noticias/brasil/semana-inicia-quente-no-centro-sul-com-alerta-de-chuvas-no-parana.html
Joven Pan,"Chuvas em Santa Catarina causam alagamentos, adiam vestibular e obrigam moradores a deixar suas casas","Áreas mais atingidas foram o extremo oeste, o litoral norte, o planalto norte e o Vale do Itajaí; Defesa Civil orienta a população a evitar áreas propensas a alagamentos e encostas instáveis",2024-12-07 18:01:05,https://jovempan.com.br/noticias/brasil/chuva-em-santa-catarina-causa-alagamentos-adia-vestibular-e-faz-moradores-deixarem-casas.html
Joven Pan,Temporal causa alagamentos e deixa um morto em São Paulo,Vídeo que circula nas redes sociais capturou o momento em que homem é arrastado pela correnteza,2024-12-06 09:03:00,https://jovempan.com.br/programas/jornal-da-manha/temporal-causa-alagamentos-e-deixa-um-morto-em-sao-paulo.html
Joven Pan,Sul do Brasil entra em alerta para chuvas intensas nesta sexta,"Atuação de vários sistemas meteorológicos, incluindo uma frente fria, um sistema de baixa pressão e ventos quentes vindos do Norte contribuem para a previsão de fortes precipitações",2024-12-06 08:05:02,https://jovempan.com.br/noticias/brasil/sul-do-brasil-entra-em-alerta-para-chuvas-intensas-nesta-sexta.html
Joven Pan,Praia de Copacabana enfrenta nova contaminação por esgoto após chuvas intensas,"Frequentadores do local têm notado que a água poluída se espalha sempre que há precipitações, acompanhada de um odor desagradável",2024-12-04 19:01:07,https://jovempan.com.br/noticias/brasil/praia-de-copacabana-enfrenta-nova-contaminacao-por-esgoto-apos-chuvas-intensas.html
Joven Pan,Sudeste deve ter chuvas intensas nesta quarta-feira,Possíveis precipitações são causadas por uma frente fria estacionada que está associada a um ciclone extratropical,2024-12-04 11:04:00,https://jovempan.com.br/noticias/brasil/sudeste-deve-ter-chuvas-intensas-nesta-quarta-feira.html
Joven Pan,Cidade de São Paulo deve ter chuvas intensas até terça-feira,"CGE emitiu alerta de atenção para a capital paulista; de acordo com as previsões meteorológicas, a instabilidade climática deve começar a diminuir na quarta-feira (4)",2024-12-02 17:01:03,https://jovempan.com.br/noticias/brasil/cidade-de-sao-paulo-deve-ter-chuvas-intensas-ate-terca-feira.html
Joven Pan,Inmet alerta para chuvas intensas em diversos Estados para os próximos dias,"Instituto emitiu alerta laranja sinalizando precipitações que podem alcançar até 100 mm por dia, acompanhadas de ventos fortes que podem chegar a 100 km/h",2024-12-01 08:05:02,https://jovempan.com.br/noticias/brasil/inmet-alerta-para-chuvas-intensas-em-diversos-estados-para-os-proximos-dias.html
Joven Pan,Salvador enfrenta crise com 606 incidentes em 72 horas de chuvas intensas,"Entre os eventos registrados, destacam-se 321 deslizamentos de terra, 141 situações de risco de deslizamento e 144 ameaças de desabamento",2024-11-29 16:04:01,https://jovempan.com.br/noticias/brasil/salvador-enfrenta-crise-com-606-incidentes-em-72-horas-de-chuvas-intensas.html
Joven Pan,Mais de 27 mil pessoas ficam sem energia elétrica após tempestade em São Paulo,"De acordo com a Enel, áreas mais atingidas foram a zona sul e oeste da capital paulista",2024-11-29 07:05:00,https://jovempan.com.br/programas/jornal-da-manha/mais-de-27-mil-pessoas-ficam-sem-energia-eletrica-apos-tempestades-em-sao-paulo.html
Joven Pan,"Chuva faz dia ‘virar’ noite em São Paulo, causa pontos de alagamento e deixa mais de 100 mil imóveis sem luz","Após dia de calor intenso, com temperaturas que chegaram a 35°C, temporal atingiu capital paulista e causou transtornos em diversos pontos da cidade",2024-11-28 18:03:02,https://jovempan.com.br/noticias/brasil/chuva-faz-dia-virar-noite-em-sao-paulo-causa-pontos-de-alagamentos-e-deixa-mais-de-100-mil-imoveis-sem-luz.html
Joven Pan,Deslizamentos em Salvador deixam ao menos um morto; bombeiros tentam resgatar soterrados,"Até o momento, uma criança foi retirada com vida, mas a situação é crítica, pois uma pessoa faleceu e duas ainda permanecem sob os escombros",2024-11-27 16:04:05,https://jovempan.com.br/noticias/brasil/bombeiros-tentam-resgatar-soterrados-em-deslizamento-de-terra-em-salvador.html
Joven Pan,Influenciadora morre em Uberlândia após ser arrastada pela enchente,"Jeniffer Soares Martins, de 28 anos, foi arrastada pela força das águas após sair de um veículo, ao lado de seu marido, em busca de abrigo",2024-11-24 18:01:01,https://jovempan.com.br/noticias/brasil/influenciadora-morre-em-uberlandia-apos-ser-arrastada-pela-enchente.html
Joven Pan,Aeroporto de Congonhas retoma operações após 112 voos cancelados devido às fortes chuvas,"Neste sábado, cenário é de normalidade, em contraste com o caos da última quinta (7) e sexta-feira (8), quando passageiros enfrentaram longas filas e pernoitaram no saguão",2024-11-09 11:05:05,https://jovempan.com.br/noticias/brasil/aeroporto-de-congonhas-retoma-operacoes-apos-112-voos-cancelados-devido-as-fortes-chuvas.html
Joven Pan,Ciclone bomba se forma no Oceano Atlântico e pode atingir o Sul do Brasil na próxima semana,"Fenômeno meteorológico é esperado para trazer chuvas fortes e ventos intensos, especialmente na terça-feira (12)",2024-11-08 14:04:05,https://jovempan.com.br/noticias/brasil/ciclone-bomba-se-forma-no-oceano-atlantico-e-pode-atingir-o-sul-do-brasil-na-proxima-semana.html
Joven Pan,Inmet emite alerta de perigo para chuvas intensas em São Paulo,"Desde quinta-feira (7), região tem enfrentado condições climáticas adversas causadas pela passagem de uma frente fria",2024-11-08 09:00:07,https://jovempan.com.br/programas/jornal-da-manha/inmet-emite-alerta-de-perigo-para-chuvas-intensas-em-sao-paulo.html
Joven Pan,São Paulo entra em estado de atenção para alagamentos devido à chuva,"Houve o transbordamento dos córregos Itaim, na Avenida Marechal Tito, e do Lajeado, na Rua Manuel B. de Lima; Defesa Civil também emitiu alertas para ventos fortes e raios na zona norte",2024-11-06 17:01:09,https://jovempan.com.br/noticias/brasil/sao-paulo-entra-em-estado-de-atencao-para-alagamentos-devido-a-chuva.html
Joven Pan,Governo federal declara emergência em 14 municípios do Nordeste por seca,"Entre os anos de 2000 e 2023, a estiagem e a seca resultaram em prejuízos que ultrapassam R$ 391 bilhões no Brasil, afetando cerca de 110 milhões de pessoas",2024-11-04 14:04:04,https://jovempan.com.br/noticias/brasil/governo-federal-declara-emergencia-em-14-municipios-do-nordeste-por-seca.html
Joven Pan,São Paulo ainda tem mais de 12 mil pessoas sem energia após chuvas intensas,CGE emitiu um alerta sobre o aumento do risco de alagamentos e deslizamentos de terra; Corpo de Bombeiros registrou 21 ocorrências relacionadas a quedas de árvores,2024-11-03 12:03:01,https://jovempan.com.br/noticias/brasil/sao-paulo-ainda-tem-mais-12-mil-pessoas-sem-energia-apos-chuvas-intensas.html
Joven Pan,Chuvas deixam mais de 14 mil imóveis sem energia na Grande São Paulo,"A situação preocupa principalmente estudantes que dependem de energia para se preparar para o ENEM, programado para começar às 13h30 deste domingo (3)",2024-11-03 08:04:02,https://jovempan.com.br/noticias/brasil/chuvas-deixam-mais-de-14-mil-imoveis-sem-energia-na-grande-sao-paulo.html
Joven Pan,Inmet emite alerta amarelo para chuvas intensas no Brasil,"De acordo com o instituto, as precipitações podem chegar a 50 mm/dia e os ventos podem atingir velocidade de até 60 km/h",2024-11-02 10:02:03,https://jovempan.com.br/noticias/brasil/inmet-emite-alerta-amarelo-para-chuvas-intensas-no-brasil.html
Joven Pan,Defesa Civil de São Paulo alerta para chuvas e granizo em diversas cidades,"Municípios como Bauru, São José dos Campos e São José do Rio Preto estão entre os locais que podem ser impactados",2024-11-01 19:01:04,https://jovempan.com.br/noticias/brasil/defesa-civil-de-sao-paulo-alerta-para-chuvas-e-granizo-em-diversas-cidades.html
Joven Pan,São Paulo lança plataforma para prevenir desastres naturais,"De acordo com uma pesquisa da CNM, 55% das cidades do Estado não estão preparadas para eventos extremos, e quase 10% desconhecem previsões que podem afetar suas regiões",2024-11-01 08:05:07,https://jovempan.com.br/programas/jornal-da-manha/sao-paulo-lanca-plataforma-para-prevenir-desastres-naturais.html
Joven Pan,Primeira quinzena de novembro deve ter chuva forte por quase todo Brasil,"Precipitações estão concentradas principalmente nas regiões Sudeste, Centro-Oeste e Norte",2024-10-30 09:01:03,https://jovempan.com.br/programas/jornal-da-manha/primeira-quinzena-de-novembro-deve-ter-chuva-forte-por-quase-todo-brasil.html
Joven Pan,Capitais de Estados do Sudeste ultrapassam média de chuva para outubro,"Em São Paulo, a média de 127 mm foi superada com um registro de 174 mm; já Belo Horizonte impressiona com 325 mm, muito acima do esperado, de 110 mm",2024-10-29 08:05:00,https://jovempan.com.br/programas/jornal-da-manha/capitais-de-estados-do-sudeste-ultrapassam-media-de-chuva-para-outubro.html
Joven Pan,Número de mortes pela chuva no interior de São Paulo sobe para seis,"O temporal no interior ainda deixou vítimas nas cidades de Campinas, Itapira, Itapeva, Itu e Jundiaí; há ainda uma pessoa desaparecida em Jandira",2024-10-28 09:04:08,https://jovempan.com.br/noticias/brasil/numero-de-mortes-pela-chuva-no-interior-de-sao-paulo-sobe-para-seis.html
Joven Pan,"Temporal provoca alagamento, queda de árvores e falta de luz em Belo Horizonte","Segundo a Defesa Civil, em duas horas, choveu mais que o esperado para o mês inteiro em algumas regiões; a Cemig disse que está atuando com um reforço de equipes para normalizar a situação",2024-10-27 16:00:02,https://jovempan.com.br/noticias/brasil/temporal-provoca-alagamento-queda-de-arvores-e-falta-de-luz-em-belo-horizonte.html
Joven Pan,Lula assina novo acordo de R$ 170 bilhões para tragédia de Mariana,"Após um longo período de negociações que durou dois anos, ficou definido que R$ 100 bilhões serão alocados para novos pagamentos ao longo de 20 anos",2024-10-25 13:03:09,https://jovempan.com.br/noticias/brasil/lula-assina-novo-acordo-de-r-170-bilhoes-para-tragedia-de-mariana.html
Joven Pan,CGE emite alerta para temporal e risco de alagamentos em São Paulo,"Segundo o órgão, novas instabilidades associadas a passagem de uma frente fria, devem provocar chuvas fortes na capital durante as próximas horas",2024-10-25 07:05:04,https://jovempan.com.br/noticias/brasil/cge-emite-alerta-para-temporal-e-risco-de-alagamentos-em-sao-paulo.html
Joven Pan,São Paulo entra em estado de atenção para alagamentos após chuva forte,"De acordo com o CGE, o tempo deve seguir instável ao longo da noite, com possíveis rajadas de vento e descargas elétricas; 36 mil clientes estavam sem energia na capital paulista por volta das 21h",2024-10-24 21:02:07,https://jovempan.com.br/noticias/brasil/sao-paulo-entra-em-estado-de-atencao-para-alagamentos-apos-chuva-forte.html
Joven Pan,"São Paulo tem risco de desabamentos e alagamentos até sexta-feira, segundo Defesa Civil","Efeitos da tempestade desta quarta-feira (23) já são visíveis, com cerca de 36 mil imóveis sem energia em 24 municípios atendidos pela Enel; capital paulista foi a mais afetada, com 26.418 pontos sem eletricidade",2024-10-24 09:02:09,https://jovempan.com.br/programas/jornal-da-manha/sao-paulo-tem-risco-de-desabamentos-e-alagamentos-ate-sexta-feira-segundo-defesa-civil.html
Joven Pan,"Grande São Paulo volta a registrar fortes chuvas, quedas de árvores e mais de 71 mil imóveis estão sem energia","Moradores e comerciantes da capital e região metropolitana temem por um novo apagão, semelhante ao provocado pelo forte temporal do dia 11 de outubro",2024-10-23 18:04:05,https://jovempan.com.br/noticias/brasil/sao-paulo-volta-a-registrar-fortes-chuvas-quedas-de-arvores-e-mais-de-71-mil-casas-estao-sem-energia.html
Joven Pan,Chuva atinge grande parte do Brasil nesta semana,"Chegada de frente fria ao sul do país, prevista para a noite desta terça-feira (22), deve se transformar em um ciclone extratropical ao longo da semana",2024-10-22 08:05:01,https://jovempan.com.br/programas/jornal-da-manha/chuva-atinge-grande-parte-do-brasil-nesta-semana.html
Joven Pan,Julgamento da tragédia de Mariana no Reino Unido entra no segundo dia,"Atingidos buscam indenizações de até R$ 267 bilhões; tragédia, ocorrida em novembro de 2015, resultou na morte de 19 pessoas e causou danos ambientais",2024-10-22 07:05:00,https://jovempan.com.br/programas/jornal-da-manha/julgamento-da-tragedia-de-mariana-no-reino-unido-entra-no-segundo-dia.html
Joven Pan,Alerta de chuvas intensas no Rio de Janeiro deixa seis cidades em ‘perigo potencial’,"Municípios afetados incluem Angra dos Reis, Itaguaí, Mangaratiba, Paraty, Resende e Rio Claro",2024-10-21 19:00:01,https://jovempan.com.br/noticias/brasil/alerta-de-chuvas-intensas-no-rio-de-janeiro-deixam-seis-cidades-em-perigo-potencial.html
Joven Pan,Sudeste tem alerta para chuva nesta segunda,"No sul do país, Paraná, Santa Catarina e Rio Grande do Sul, que receberam chuvas volumosas recentemente, devem ter uma diminuição na precipitação, com tempo mais firme",2024-10-21 09:01:02,https://jovempan.com.br/programas/jornal-da-manha/sudeste-tem-alerta-para-chuva-nesta-segunda.html
Joven Pan,Tempo em São Paulo se estabiliza com sol e chuvas isoladas até o fim de semana,"Semana ficará marcada por precipitações esparsas e sol entre nuvens, com temperatura máxima de 32°C e mínima de 15°C",2024-10-21 06:01:05,https://jovempan.com.br/noticias/brasil/tempo-em-sao-paulo-se-estabiliza-com-sol-e-chuvas-isoladas-ate-o-fim-de-semana.html
Joven Pan,"Chuvas voltam a afetar fornecimento de energia, e mais de 80 mil clientes ficam sem luz em SP","Os pedidos seguem o apagão que atingiu a cidade após o temporal de sexta-feira (11), quando mais de 3 milhões de imóveis ficaram sem luz",2024-10-19 14:02:06,https://jovempan.com.br/noticias/brasil/chuvas-voltam-a-afetar-fornecimento-de-energia-e-76-mil-clientes-ficam-sem-luz-em-sp.html
Joven Pan,Vale anuncia acordo de R$ 170 bilhões para reparação do desastre de Mariana,"Montante foi calculado para cobrir tanto as obrigações já existentes quanto as futuras, visando atender as comunidades, indivíduos e o meio ambiente que sofreram com o desastre",2024-10-18 20:04:02,https://jovempan.com.br/noticias/brasil/vale-anuncia-acordo-de-r-170-bilhoes-para-reparacao-do-desastre-de-mariana.html
Joven Pan,Polícia Federal investiga fraudes em verbas de auxílio a vítimas das chuvas no Rio Grande do Sul,"Irregularidades foram realizadas através do aplicativo ‘Caixa Tem’, que é utilizado pela Caixa Econômica para a gestão de pagamentos de serviços sociais",2024-10-18 20:01:00,https://jovempan.com.br/noticias/brasil/policia-federal-investiga-fraudes-em-verbas-de-auxilio-a-vitimas-das-chuvas-no-rio-grande-do-sul.html
Joven Pan,"Ministro de Minas e Energia pede mobilização da Prefeitura, Aneel e Enel contra chuvas em SP","Após alertas climáticos, Alexandre Silveira solicitou que as equipes atuem de forma conjunta para conter os efeitos do temporal previsto para ocorrer entre esta sexta-feira (18) e domingo (20)",2024-10-18 16:03:02,https://jovempan.com.br/noticias/brasil/ministro-de-minas-e-energia-pede-mobilizacao-da-prefeitura-aneel-e-enel-contra-chuvas-em-sp.html
Joven Pan,Coordenador da Defesa Civil traz alertas para chuva e ventos fortes em São Paulo,"Em entrevista para a Jovem Pan, o coronel Henguel Ricardo Pereira diz que foi criado gabinetes de crise no Palácio dos Bandeirantes, Enel e Smart Sampa para garantir uma resposta ágil",2024-10-18 15:00:04,https://jovempan.com.br/programas/jornal-da-manha/coordenador-da-defesa-civil-traz-alertas-para-chuva-e-ventos-fortes-em-sao-paulo.html
Joven Pan,Enel São Paulo diz que restabeleceu energia após chuvas e cumpriu decisão judicial,"Medida determinava a normalização do serviço em um prazo de 24 horas, sob a ameaça de uma multa de R$ 100 mil por hora em caso de descumprimento",2024-10-18 13:04:02,https://jovempan.com.br/noticias/brasil/enel-sao-paulo-diz-que-restabeleceu-energia-apos-chuvas-e-cumpriu-decisao-judicial.html
Joven Pan,Defesa Civil solicita que empresas de energia se preparem para tempestade em São Paulo,Novo alerta para a possibilidade de fortes chuvas fortes com ventos é válido para o período de sexta (18) a domingo (20),2024-10-17 12:05:09,https://jovempan.com.br/noticias/brasil/defesa-civil-solicita-que-empresas-de-energia-se-preparem-para-tempestade-em-sao-paulo.html
Joven Pan,Região Sudeste terá chuva e ventos fortes a partir de sexta,"No sábado (19), um cavado meteorológico e uma baixa pressão especial trarão tempestades e ventos fortes para a região",2024-10-16 10:00:09,https://jovempan.com.br/programas/jornal-da-manha/regiao-sudeste-tera-chuva-e-ventos-fortes-a-partir-de-sexta.html
Joven Pan,Frente fria trará chuva e vento forte para região Centro-Sul até sexta,"Combinação do ar quente da Amazônia com o frio pode resultar em tempestades, especialmente no Sudeste",2024-10-15 11:03:06,https://jovempan.com.br/programas/jornal-da-manha/frente-fria-trara-chuva-e-vento-forte-para-regiao-centro-sul-ate-sexta.html
Joven Pan,Previsão de chuva volta a rondar São Paulo e maior parte do Brasil,"No Nordeste, a previsão indica um aumento nas precipitações em algumas áreas, especialmente no Oeste da Bahia e no Sul do Maranhão e do Piauí",2024-10-14 06:00:04,https://jovempan.com.br/noticias/brasil/previsao-de-chuva-volta-a-rondar-sao-paulo-e-maior-parte-do-brasil.html
Joven Pan,Chuvas deixam sete mortos no Estado de São Paulo,"Mais de 1 milhão de pessoas ficaram sem luz; em Brasília, as chuvas foram recebidas com alívio, após um recorde de mais de 165 dias de seca",2024-10-12 18:00:05,https://jovempan.com.br/noticias/brasil/chuvas-deixam-sete-mortos-no-estado-de-sao-paulo.html
Joven Pan,Chuva forte no estado de São Paulo derruba muro e mata três pessoas em Bauru,"Acidentes também foram registrados em Pederneiras, aonde parte de um posto de combustível em construção colapsou e rede elétrica precisou ser cortada",2024-10-11 23:05:06,https://jovempan.com.br/noticias/brasil/chuva-forte-no-estado-de-sao-paulo-derruba-muro-e-mata-tres-pessoas-em-bauru.html
Joven Pan,Chuvas intensas atingirão 17 estados brasileiros até o fim de semana,"Previsão para o mês de outubro indica que as precipitações devem se intensificar em diversas áreas do Brasil, com acumulados que podem ultrapassar 200mm em algumas localidades do Sul",2024-10-11 07:02:01,https://jovempan.com.br/noticias/brasil/chuvas-intensas-atingirao-17-estados-brasileiros-ate-o-fim-de-semana.html
Joven Pan,Procon-SP emite alerta aos consumidores com viagem marcada para áreas afetadas pelo furacão Milton,"Orientação é que, antes de se dirigirem ao aeroporto, os passageiros entrem em contato com suas companhias aéreas para verificar a situação dos voos",2024-10-10 10:00:03,https://jovempan.com.br/programas/jornal-da-manha/procon-sp-emite-alerta-aos-consumidores-com-viagem-marcada-para-areas-afetadas-pelo-furacao-milton.html
Joven Pan,Defesa Civil alerta para chuva forte e rajada de vento em São Paulo nesta quinta,"Combinação de fatores meteorológicos, como um sistema de baixa pressão atmosférica e a umidade proveniente da Amazônia, contribui para a instabilidade climática",2024-10-10 09:02:09,https://jovempan.com.br/programas/jornal-da-manha/defesa-civil-alerta-para-chuva-forte-e-rajada-de-vento-em-sao-paulo-nesta-quinta.html
Joven Pan,Furacão Milton causa cancelamento de voos de companhias aéreas brasileiras,"Para amenizar os transtornos, a companhia aérea anunciou a criação de voos extras para o dia 12 de outubro",2024-10-09 17:04:04,https://jovempan.com.br/noticias/brasil/furacao-milton-causa-cancelamento-de-voos-de-companhias-aereas-brasileiras.html
Joven Pan,"Após queimadas, brigadistas florestais lutam por regulamentação e melhores condições de trabalho","Projeto de lei na Câmara dos Deputados propõe a inclusão de assistência médica, psicológica e seguro de vida para os profissionais, em resposta ao aumento da demanda gerada pela crise climática",2024-10-08 06:00:05,https://jovempan.com.br/noticias/brasil/apos-queimadas-brigadistas-florestais-lutam-por-regulamentacao-e-melhores-condicoes-de-trabalho.html
Joven Pan,Região Centro-Sul terá acumulado de chuva para esta semana,"No centro-oeste, as chuvas variam entre 25 e 40 mm, afetando principalmente áreas de Mato Grosso, enquanto Brasília e Goiânia permanecem sem precipitações",2024-10-07 10:01:08,https://jovempan.com.br/programas/jornal-da-manha/regiao-centro-sul-tera-acumulado-de-chuva-para-esta-semana.html
Joven Pan,Polícia Federal prende suspeitos de incêndios e queimadas ilegais,"Até a semana anterior, PF havia aberto 85 inquéritos, mas não havia realizado detenções; no estado do Pará, três pessoas foram detidas por participação em invasões de terras públicas",2024-10-02 05:05:01,https://jovempan.com.br/noticias/brasil/policia-federal-prende-suspeitos-de-incendios-e-queimadas-ilegais.html
Joven Pan,Defesa Civil de São Paulo alerta para risco de queimadas até quarta,"Para combater os incêndios, Estado conta com cerca de 15 mil agentes e 20 aeronaves",2024-10-01 08:03:06,https://jovempan.com.br/programas/jornal-da-manha/defesa-civil-de-sao-paulo-alerta-para-risco-de-queimadas-ate-quarta.html
Joven Pan,"São Paulo reabre 69 parques, incluindo o Cantareira, após interdição por risco de queimadas","Atividades de ecoturismo só poderão ser feitas desde que não haja risco ao visitante no dia, por isso, é importante consultar o parque antes sobre o funcionamento, caso este seja o objetivo da visita",2024-09-28 11:00:01,https://jovempan.com.br/noticias/brasil/sao-paulo-reabre-69-parques-incluindo-o-cantareira-apos-interdicao-por-risco-de-queimadas.html
Joven Pan,"Inmet alerta para tempestades e granizo em São Paulo, Minas Gerais e Rio de Janeiro","Embora a capital paulista não esteja sob este alerta específico, há um aviso para chuvas intensas na região",2024-09-27 23:01:05,https://jovempan.com.br/noticias/brasil/inmet-alerta-para-tempestades-e-granizo-em-sao-paulo-minas-gerais-e-rio-de-janeiro.html
Joven Pan,Chuvas intensas no Rio Grande do Sul obrigam mais de 700 pessoas a deixarem suas residências,"Número de desalojados e desabrigados aumentou drasticamente, quase triplicando em apenas 24 horas, passando de 270 para 716",2024-09-27 20:05:00,https://jovempan.com.br/noticias/brasil/chuvas-intensas-no-rio-grande-do-sul-obrigam-mais-de-700-pessoas-a-deixarem-suas-residencias.html
Joven Pan,BNDES lança linha de crédito para produtores rurais atingidos por enchentes no Sul,"Cooperativas e cerealistas devem apresentar uma declaração que comprove a necessidade, comprometendo-se a destinar pelo menos 70% do montante para a quitação de dívidas de produtores",2024-09-27 06:02:02,https://jovempan.com.br/noticias/economia/bndes-lanca-linha-de-credito-para-produtores-rurais-atingidos-por-enchentes-no-sul.html
Joven Pan,Furacão Helene se intensifica para categoria 4 e atinge a Flórida,"Furacão Helene atinge categoria 4 com ventos de 215 km/h, causando chuvas intensas e cortes de energia na Flórida.",2024-09-26 23:04:02,https://jovempan.com.br/noticias/brasil/furacao-helene-se-intensifica-para-categoria-4-e-atinge-a-florida.html
Joven Pan,Tempestade no Rio Grande do Sul afeta mais de 16 mil pessoas e provoca situação de emergência,"Defesa Civil local informou que, até o momento, 260 indivíduos foram forçados a deixar suas residências, sendo 111 desabrigados e 149 desalojados",2024-09-26 23:00:01,https://jovempan.com.br/noticias/brasil/tempestade-no-rio-grande-do-sul-afeta-mais-de-16-mil-pessoas-e-provoca-situacao-de-emergencia.html
Joven Pan,São Paulo registra número recorde de queimadas em 2024,"Período mais intenso ocorreu entre os dias 22 e 24 de agosto, quando foram registrados 2.621 focos, sendo 1.886 apenas no dia 23",2024-09-23 12:02:01,https://jovempan.com.br/noticias/brasil/sao-paulo-registra-numero-recorde-de-queimadas-em-2024.html
Joven Pan,"‘Se eventos como as queimadas forem recorrentes, será necessário orçamento próprio’, diz Haddad","Ministro defendeu ainda a importância de o mundo encontrar uma solução global para o problema, afirmando que ele ‘não tem fronteiras’",2024-09-23 08:03:01,https://jovempan.com.br/noticias/brasil/se-eventos-como-as-queimadas-forem-recorrentes-sera-necessario-orcamento-proprio-diz-haddad.html
Joven Pan,Aneel alerta sobre aumento nas tarifas de energia devido à seca severa no Brasil,"Diretor-geral da empresa, Sandoval Feitosa, destacou que 2023 foi o ano mais quente já registrado e que 2024 pode superar esse recorde",2024-09-21 10:00:00,https://jovempan.com.br/noticias/brasil/aneel-alerta-sobre-aumento-nas-tarifas-de-energia-devido-a-seca-severa-no-brasil.html
Joven Pan,Distrito Federal enfrenta a pior seca dos últimos 20 Anos,"Inmet emitiu alertas sobre o risco elevado de incêndios florestais, uma consequência direta da seca prolongada",2024-09-20 23:05:05,https://jovempan.com.br/noticias/brasil/distrito-federal-enfrenta-a-pior-seca-dos-ultimos-20-anos.html
Joven Pan,Marina diz em reunião com governadores que produtores têm ‘prejuízo enorme’ com queimadas,"Ministra apresentou dados sobre as queimadas no país, mas disse que os números ainda serão atualizados",2024-09-20 09:05:09,https://jovempan.com.br/noticias/brasil/marina-diz-em-reuniao-com-governadores-que-produtores-tem-prejuizo-enorme-com-queimadas.html
Joven Pan,ONS considera volta do horário de verão no Brasil devido à seca e ao aumento do consumo de energia,"Alexandre Silveira, ministro de Minas e Energia, ressaltou que a reimplementação do horário de verão poderia ajudar especialmente no início da noite, quando a produção de energia solar e eólica tende a cair",2024-09-19 18:01:09,https://jovempan.com.br/noticias/brasil/ons-considera-volta-do-horario-de-verao-no-brasil-devido-a-seca-e-ao-aumento-do-consumo-de-energia.html
Joven Pan,Dino diz que data para fim de processo sobre queimadas depende de cumprimento das decisões do STF,O ministro afirmou que a atuação do Judiciário no tema é ‘um caminho facilitador das articulações institucionais e federativas para cumprimento da decisão do Supremo’,2024-09-19 12:02:05,https://jovempan.com.br/noticias/brasil/dino-diz-que-data-para-fim-de-processo-sobre-queimadas-depende-de-cumprimento-das-decisoes-do-stf.html
Joven Pan,"Sede da COP30, Pará decreta situação de emergência por causa das queimadas","Evento promovido pela Organização das Nações Unidas (ONU) será utilizado para debater justamente os incêndios e a seca, entre outros fenômenos climáticos",2024-09-18 14:01:02,https://jovempan.com.br/noticias/brasil/sede-da-cop30-para-decreta-situacao-de-emergencia-por-causa-das-queimadas.html
Joven Pan,Terra Indígena Karipuna de Rondônia tem cenário de incêndio e seca,Indígenas percebem invasores em seu território e entorno pegar fogo,2024-09-18 13:04:04,https://jovempan.com.br/noticias/brasil/terra-indigena-karipuna-de-rondonia-tem-cenario-de-incendio-e-seca.html
Joven Pan,Queimadas na Amazônia: emissões de CO2 aumentam 60% em comparação ao ano anterior,Instituto de Pesquisa Ambiental da Amazônia (Ipam) revelou que 40% das emissões foram originadas da vegetação florestal,2024-09-17 14:02:00,https://jovempan.com.br/noticias/brasil/queimadas-na-amazonia-emissoes-de-co2-aumentam-60-em-comparacao-ao-ano-anterior.html
Joven Pan,"‘Sinto que há sensibilidade de parte do Congresso com situação das queimadas’, diz Marina",Marina Silva disse que o governo federal tem buscado envolver autoridades de órgãos como o Tribunal de Contas da União (TCU) e o Ministério Público Federal (MPF),2024-09-17 09:05:07,https://jovempan.com.br/noticias/brasil/sinto-que-ha-sensibilidade-de-parte-do-congresso-com-situacao-das-queimadas-diz-marina.html
Joven Pan,Cidades no Brasil estão sem chuvas há mais de cem dias,Semana começou com a passagem de uma frente fria sobre áreas das regiões Centro e Sul do Brasil,2024-09-17 08:05:01,https://jovempan.com.br/programas/jornal-da-manha/cidades-no-brasil-estao-sem-chuvas-ha-mais-de-cem-dias.html
Joven Pan,"Mesmo com reforço de água, Cantareira vive seca de moderada a severa","A faixa de alerta começa quando o sistema opera abaixo de 40%; no fim de agosto, o volume útil total era de 57%, enquanto no fechamento de julho estava com 62%",2024-09-16 09:02:01,https://jovempan.com.br/noticias/brasil/mesmo-com-reforco-de-agua-cantareira-vive-seca-de-moderada-a-severa.html
Joven Pan,SUS reforça apoio a estados afetados pela queimadas,"Nesta segunda-feira (16), o presidente se reunirá com a ministra do Meio Ambiente, Marina Silva, para discutir mais ações frente à emergência climática que o país vive",2024-09-16 09:01:05,https://jovempan.com.br/noticias/brasil/sus-reforca-apoio-a-estados-afetados-pela-queimadas.html
Joven Pan,"Inmet emite alerta de risco de tempestade para os Estados de Santa Catarina, Paraná, São Paulo e Mato Grosso do Sul","Há possibilidade de chuvas de 30 a 60 mm/h, ventos de até 100 km/h e queda de granizo, o que pode causar corte de energia, estragos em plantações, queda de árvores e alagamentos",2024-09-14 16:05:07,https://jovempan.com.br/noticias/brasil/inmet-emite-alerta-de-risco-de-tempestade-para-os-estados-de-santa-catarina-parana-sao-paulo-e-mato-grosso-do-sul.html
Joven Pan,Metade dos helicópteros da PM é usada para combate às queimadas no Estado de São Paulo,"Desde 8 de agosto até 12 de setembro, foram empregados 14 aeronaves, de um total de 29, em 56 cidades",2024-09-14 14:00:05,https://jovempan.com.br/noticias/brasil/metade-dos-helicopteros-da-pm-e-usada-para-combate-as-queimadas-no-estado-de-sao-paulo.html
Joven Pan,Chuva preta atinge municípios de Santa Catarina,"Defesa Civil orienta a população a tomar cuidados especiais, pois fenômeno pode conter substâncias tóxicas e perigosas para a saúde, principalmente respiratórias",2024-09-14 08:05:03,https://jovempan.com.br/programas/jornal-da-manha/chuva-preta-atinge-municipios-de-santa-catarina.html
Joven Pan,"Por mais efetivo no combate às queimadas, Tarcísio paga extra para bombeiros de folga","Governador de São Paulo estuda medidas para ampliar frente de combate; nesta sexta-feira (13), ele se reúne com Marina Silva e Nídia Trindade",2024-09-13 10:02:00,https://jovempan.com.br/noticias/brasil/por-mais-efetivo-no-combate-a-queimadas-tarcisio-paga-extra-para-bombeiros-de-folga.html
Joven Pan,Queimadas no Brasil podem causar ‘chuva preta’ em quatro estados,"Desde o dia 11 deste mês, a cidade de São Paulo, por exemplo, tem enfrentado episódios de ‘chuva’ de fuligem, especialmente na Zona Oeste",2024-09-13 06:04:03,https://jovempan.com.br/noticias/brasil/queimadas-no-brasil-podem-causar-chuva-preta-em-quatro-estados.html
Joven Pan,"Com queimadas recentes, sudoeste da Amazônia se torna região com maior emissão de gases do mundo","Região registra 82 mil focos de incêndio em 2023, com aumento alarmante e impacto significativo no clima e na biodiversidade local",2024-09-13 05:03:05,https://jovempan.com.br/noticias/brasil/com-queimadas-recentes-sudoeste-da-amazonia-se-torna-regiao-com-maior-emissao-de-gases-do-mundo.html
Joven Pan,Agosto foi o mês mais devastador para o clima com metade da área queimada no Brasil em 2024,"País viveu uma onda de incêndios no último mês, que resultou em uma área queimada de 56.516 km²; há indícios de que queimadas podem se intensificar em setembro",2024-09-12 21:04:03,https://jovempan.com.br/noticias/brasil/agosto-foi-o-mes-mais-devastador-para-o-clima-com-metade-da-area-queimada-no-brasil-em-2024.html
Joven Pan,Crise hídrica atinge cidades do interior paulista com mais de 150 dias sem chuvas,"São José do Rio Preto, por exemplo, desde 12 de abril não registrou precipitações relevantes, e entre 1º de janeiro e 11 de outubro, a quantidade de precipitação acumulada foi de apenas 635,5 mm",2024-09-11 20:05:07,https://jovempan.com.br/noticias/brasil/crise-hidrica-atinge-cidades-do-interior-paulista-com-mais-de-150-dias-sem-chuvas.html
Joven Pan,Crise hídrica afeta 25 Estados do Brasil que sofrem com seca severas e queimadas,"Estiagem afeta diretamente a agricultura e a pecuária, com cerca de 900 mil hectares impactados por queimadas",2024-09-11 16:05:02,https://jovempan.com.br/noticias/brasil/crise-hidrica-afeta-25-estados-do-brasil-que-sofrem-com-seca-severas-e-queimadas.html
Joven Pan,Cidades do Rio Grande do Sul registram ‘chuva preta’ por causa de queimadas,"A fumaça proveniente de incêndios florestais tem afetado diversas áreas do Rio Grande do Sul, especialmente nas regiões norte e centro-oeste do Estado; uma frente fria se aproxima, o que pode causar temporais",2024-09-11 16:03:07,https://jovempan.com.br/noticias/brasil/cidades-do-rio-grande-do-sul-registram-chuva-preta-por-causa-de-queimadas.html
Joven Pan,"‘Não podemos criminalizar o agricultor pela seca que está acontecendo’, diz Carlos Augustin",Cinquenta representações diplomáticas estão se reunindo nesta semana em Mato Grosso para o encontro do Grupo de Trabalho da Agricultura do G20,2024-09-11 11:03:02,https://jovempan.com.br/noticias/brasil/nao-podemos-criminalizar-o-agricultor-pela-seca-que-esta-acontecendo-diz-carlos-augustin.html
Joven Pan,Lula anuncia criação de autoridade climática e implementa medidas para combater seca no Amazonas,"A ministra do Meio Ambiente, Marina Silva, enfatizou que as queimadas já devastaram 1,1 milhão de hectares de florestas primárias, situação que pode piorar caso mudanças climáticas sigam de forma agressiva",2024-09-11 05:05:05,https://jovempan.com.br/noticias/brasil/lula-anuncia-criacao-de-autoridade-climatica-e-implementa-medidas-para-combater-seca-no-amazonas.html
Joven Pan,Queimadas no Rio de Janeiro atingem maior número desde 2017,"Somente em setembro, foram identificados 55 incêndios florestais",2024-09-10 23:00:07,https://jovempan.com.br/noticias/brasil/queimadas-no-rio-de-janeiro-atingem-maior-numero-desde-2017.html
Joven Pan,Sistemas de abastecimento do Rio de Janeiro entram em estado de alerta devido à seca,"Embora o Sistema Imunana-Laranjal esteja operando em sua capacidade total, a ausência de precipitações pode levar a uma redução na captação",2024-09-10 20:01:07,https://jovempan.com.br/noticias/brasil/sistemas-de-abastecimento-do-rio-de-janeiro-entram-em-estado-de-alerta-devido-a-seca.html
Joven Pan,Lula afirma que muitas queimadas são propositais e são feitas em propriedades privadas,"Fala foi durante visita na Amazônia, na região de Tefé, nesta terça-feira (10)",2024-09-10 16:00:02,https://jovempan.com.br/noticias/brasil/lula-afirma-que-muitas-queimadas-sao-propositais-e-sao-feitas-em-propriedades-privadas.html
Joven Pan,Aulas no Acre são suspensas devido às queimadas que prejudicaram a qualidade do ar,"Medida visa preservar a saúde e o bem-estar dos estudantes, professores e demais profissionais da educação",2024-09-05 17:00:08,https://jovempan.com.br/noticias/brasil/aulas-no-acre-sao-suspensas-devido-as-queimadas-que-prejudicaram-a-qualidade-do-ar.html
Joven Pan,Seca histórica deixa cidades brasileiras com níveis de umidade comparáveis aos de deserto; mais de mil estão em alerta,"As áreas afetadas registram uma ‘umidade relativa do ar abaixo de 12%’, disse o Inmet em um relatório, que descreveu a situação como de ‘grande perigo’",2024-09-04 19:03:08,https://jovempan.com.br/noticias/brasil/seca-historica-deixa-cidades-brasileiras-com-niveis-de-umidade-comparaveis-aos-de-deserto-mais-de-mil-estao-em-alerta.html
Joven Pan,"Brasil registra mais de 68 mil focos de queimadas em agosto, pior resultado em 14 anos","Ainda segundo o levantamento de dados do Instituto Nacional de Pesquisas Espaciais (Inpe), mais de 80% desses focos ocorreram na Amazônia e no Cerrado",2024-09-03 06:05:04,https://jovempan.com.br/noticias/brasil/brasil-registra-mais-de-68-mil-focos-de-queimadas-em-agosto-pior-resultado-em-14-anos.html
Joven Pan,Falta de chuva segue causando baixa umidade do ar no Brasil,"Qualidade do ar está em condição de emergência, especialmente do Sul do Mato Grosso ao interior de São Paulo",2024-08-29 08:03:00,https://jovempan.com.br/programas/jornal-da-manha/falta-de-chuva-segue-causando-baixa-umidade-do-ar-no-brasil.html
Joven Pan,Queimada destrói 80% da cana do Instituto Agronômico de Ribeirão Preto,Perda de 120 dos 150 hectares de plantação deve provocar entre um e dois anos de atraso nas pesquisas que estavam em andamento,2024-08-28 18:05:08,https://jovempan.com.br/noticias/brasil/queimada-destroi-80-da-cana-do-instituto-agronomico-de-ribeirao-preto.html
Joven Pan,Tarcísio de Freitas diz que São Paulo avança em medidas preventivas para evitar novas queimadas,"O governador frisou ainda que, graças à mobilização no Estado, os focos de incêndio, que chegaram a 2,7 mil na quinta, foram totalmente neutralizados na segunda-feira (2), impedindo que os prejuízos fossem maiores",2024-08-28 15:05:01,https://jovempan.com.br/noticias/brasil/tarcisio-de-freitas-diz-que-sao-paulo-avanca-em-medidas-preventivas-para-evitar-novas-queimadas.html
Joven Pan,Pará decreta situação de emergência e proíbe queimadas no Estado,"Governo adotou medida após aumento no número de focos de incêndio nos últimos meses; ‘situação de urgência que precisa ser contida’, disse Helder Barbalho, governador do Estado",2024-08-28 06:03:07,https://jovempan.com.br/noticias/brasil/para-decreta-situacao-de-emergencia-e-proibe-queimadas-no-estado.html
Joven Pan,Secas e queimadas fazem atendimentos devido à má qualidade do ar aumentar até 60%,"Diretora do Departamento de Saúde do Trabalhador do Ministério da Saúde, Agnes Soares, reforça importância de manter a hidratação",2024-08-26 20:02:00,https://jovempan.com.br/noticias/brasil/secas-e-queimadas-fazem-atendimentos-devido-a-ma-qualidade-do-ar-aumentar-ate-60.html
Joven Pan,Brasília enfrenta névoa densa por queimadas e seca prolongada,Há mais de 120 dias não chove no Distrito Federal; é o segundo dia consecutivo que a capital federal amanhece cinzenta,2024-08-26 16:03:09,https://jovempan.com.br/noticias/brasil/brasilia-enfrenta-nevoa-densa-por-queimadas-e-seca-prolongada.html
Joven Pan,Queimadas deixam 48 cidades paulistas em estado de alerta máximo,"Ao todo, mais de 15 mil pessoas estão envolvidas nos trabalhos de combate às chamas e orientação dos cidadãos para eventuais evacuações",2024-08-26 05:03:04,https://jovempan.com.br/noticias/brasil/queimadas-deixam-48-cidades-paulistas-em-estado-de-alerta-maximo.html
Joven Pan,Fumaça de queimadas interrompe rave no interior de São Paulo e mais de 500 pessoas são atendidas,"Deste grupo, 60 foram encaminhadas ao Hospital Municipal de Altinópolis, e foram socorridas por conta da inalação da fumaça; o local da festa precisou ser evacuado, informou a Defesa Civil",2024-08-25 21:05:01,https://jovempan.com.br/noticias/brasil/fumaca-de-queimadas-interrompe-rave-no-interior-de-sao-paulo-e-mais-de-500-pessoas-sao-atendidas.html
Joven Pan,Lula se reúne com Marina Silva no Ibama para discutir combate às queimadas em SP e suspeita de ação criminosa,"Autoridades comparam os eventos ao ‘Dia do Fogo’, em que fazendeiros de Novo Progresso (PA) convocaram uma mobilização para queimadas na região em 2019",2024-08-25 17:00:07,https://jovempan.com.br/noticias/brasil/lula-se-reune-com-marina-silva-no-ibama-para-discutir-possivel-acao-criminosa-em-queimadas-em-sao-paulo.html
Joven Pan,"Estado de São Paulo tem maior número de queimadas desde 1998, com mais de 3 mil focos em agosto","Os 23 dias de agosto somam 3.175 ocorrências, o que é quase o dobro do que foi registrado ao longo dos 12 meses de 2023 (1.666); os números de hoje ainda não foram divulgados",2024-08-24 21:05:09,https://jovempan.com.br/noticias/brasil/estado-de-sao-paulo-tem-maior-numero-de-queimadas-desde-1998-com-mais-de-3-mil-focos-em-agosto.html
Joven Pan,Queimadas no interior de São Paulo deixam 41 cidades em alerta máximo e afetam fluxo de rodovias,"O sábado (24) transcorreu em meio à previsão de estado crítico para fogo no Estado, alertou a empresa de meteorologia MetSul; as áreas de maior risco são Ribeirão Preto, Franca e São José do Rio Preto",2024-08-24 21:03:00,https://jovempan.com.br/noticias/brasil/queimadas-no-interior-de-sao-paulo-deixam-41-cidades-em-alerta-maximo-e-impactam-fluxo-de-rodovias.html
Joven Pan,Estado de São Paulo tem 41 cidades com alerta máximo para queimadas,"O dia de hoje ainda é ‘crítico’ para fogo no Estado, alertou a empresa de meteorologia MetSul; pela manhã, o governador Tarcísio de Freitas sobrevoou as regiões afetadas",2024-08-24 17:01:06,https://jovempan.com.br/noticias/brasil/estado-de-sao-paulo-tem-36-cidades-com-alerta-maximo-para-queimadas.html
Joven Pan,STF mantém regras de investigação sobre acidentes aéreos no Brasil após tragédia em Vinhedo,"Julgamento do processo foi retomado, nesta quarta-feira (14); ministros consideram constitucionais as regras do Código Brasileiro de Aeronáutica que proíbem o uso de provas produzidas pelo Cenipa em processos judiciais",2024-08-14 21:02:03,https://jovempan.com.br/noticias/brasil/stf-mantem-regras-de-investigacao-sobre-acidentes-aereos-no-brasil-apos-tragedia-em-vinhedo.html
Joven Pan,Nova ferramenta de prevenção a desastres naturais será instalada no Rio Grande do Sul,"Radar, fabricado na República Tcheca, já chegou ao Brasil, mas passa por um período de calibragem, responsável pela análise das informações",2024-07-22 09:00:02,https://jovempan.com.br/programas/jornal-da-manha/nova-ferramenta-de-prevencao-a-desastres-naturais-sera-instalada-no-rio-grande-do-sul.html
Joven Pan,Busca por armas de fogo no Rio Grande do Sul aumenta durante tragédia,Especialistas avaliam que problemas de violência durante as enchentes foram os maiores motivos para aquisição de segurança armada individual no Estado,2024-07-22 07:02:09,https://jovempan.com.br/programas/jornal-da-manha/busca-por-armas-de-fogo-no-rio-grande-do-sul-aumenta-durante-tragedia.html
Joven Pan,Tragédias brasileiras serão debatidas na OEA nesta sexta,"Familiares das vítimas vão levar os casos para a audiência, entre elas estão: incêndio na Boate Kiss e rompimento das barragens de Brumadinho e Mariana",2024-07-12 10:03:00,https://jovempan.com.br/programas/jornal-da-manha/tragedias-brasileiras-serao-debatidas-na-oea-nesta-sexta.html
Joven Pan,INPE revela causas da chuva histórica no Rio Grande do Sul,Análise aponta a combinação de sistemas meteorológicos em diferentes escalas e a atuação do El Niño como fatores cruciais,2024-07-05 15:00:08,https://jovempan.com.br/noticias/brasil/inpe-revela-causas-da-chuva-historica-no-rio-grande-do-sul-el-nino-e-aquecimento-do-atlantico-entre-os-fatores.html
Joven Pan,Mortos em enchentes no RS sobem para 180; 32 seguem desaparecidos,"Temporais afetaram 2,3 milhões de pessoas e deixaram 806 feridos, nos 478 municípios atingidos",2024-07-03 12:04:08,https://jovempan.com.br/noticias/brasil/mortos-em-enchentes-no-rs-sobem-para-180-32-seguem-desaparecidos.html
Joven Pan,Estudo da USP revela que cerrado brasileiro passa por seca sem precedentes nos últimos 700 anos,"Aquecimento global na região tem sido mais intenso, com temperaturas acima da média global e isso tem causado um distúrbio hidrológico",2024-06-29 10:04:08,https://jovempan.com.br/noticias/brasil/estudo-da-usp-revela-que-cerrado-brasileiro-passa-por-seca-sem-precedentes-nos-ultimos-700-anos.html
Joven Pan,Queimadas no Pantanal em junho superam patamar da maior devastação já registrada,"Cidade de Corumbá, no Mato Grosso do Sul, concentra a maior parte dos incêndios, no bioma e no País em 2024",2024-06-19 21:05:06,https://jovempan.com.br/noticias/brasil/queimadas-no-pantanal-em-junho-superam-patamar-da-maior-devastacao-ja-registrada.html
Joven Pan,Nível do rio Guaíba volta a subir após chuvas intensas em Porto Alegre,"Conforme medição das primeiras horas do dia, a cota está em 3,11 metros, causando alagamentos em diversas áreas da capital gaúcha",2024-06-19 10:00:04,https://jovempan.com.br/programas/jornal-da-manha/nivel-do-rio-guaiba-volta-a-subir-apos-chuvas-intensas-em-porto-alegre.html
Joven Pan,"Enchentes no RS causam queda de 25,3% na arrecadação de ICMS","De acordo com um boletim divulgado pela Receita Estadual, a arrecadação prevista era de R$ 6,64 bilhões, porém o valor efetivamente registrado foi de R$ 4,96 bilhões, resultando em um déficit de R$ 1,68 bilhão",2024-06-17 17:01:09,https://jovempan.com.br/noticias/economia/enchentes-no-rs-causam-queda-de-253-na-arrecadacao-de-icms.html
Joven Pan,"Parque do Caracol, em Canela (RS), reabre nesta sexta-feira após fechamento por causa das chuvas","Os ingressos incluem o Bilhete Gaúcho, que custará R$ 37 para nascidos ou residentes no Rio Grande do Sul; moradores locais e de Gramado terão isenção",2024-06-14 06:01:09,https://jovempan.com.br/noticias/brasil/parque-do-caracol-em-canela-rs-reabre-nesta-sexta-feira-apos-fechamento-por-causa-das-chuvas.html
Joven Pan,Bruno Mars fará show extra no Brasil em prol das vítimas das enchentes no Rio Grande do Sul,"Ao todo, cantor fará 15 apresentações no país, em cinco Estados diferentes; montante arrecadado será destinado às pessoas que tiveram perdas nas enchentes",2024-06-13 14:04:04,https://jovempan.com.br/noticias/brasil/bruno-mars-fara-show-beneficente-em-prol-do-rs.html
Joven Pan,Homem diz que é verdadeiro dono do cavalo Caramelo e tenta reaver animal após enchentes em Canoas,Padilha diz que trabalha com compra e venda de sucata e animais e tinha adquirido o Caramelo há 6 meses; ele explicou que precisou deixar a chácara onde os animais estavam quando a área foi inundada,2024-06-13 14:01:03,https://jovempan.com.br/noticias/brasil/homem-diz-que-e-verdadeiro-dono-do-cavalo-caramelo-e-tenta-reaver-animal-apos-enchentes-em-canoas.html
Joven Pan,Aeroporto Internacional Salgado Filho passa por limpeza após enchente histórica no RS,"Terminal deverá reabrir somente em dezembro, segundo concessionária; pousos e decolagens estão sendo redirecionadas para a Base Area de Canoas",2024-06-12 14:01:04,https://jovempan.com.br/noticias/brasil/aeroporto-internacional-salgado-filho-passa-por-limpeza-apos-enchente-historica-no-rs.html
Joven Pan,Defesa Civil alerta para novas chuvas no RS para o final desta semana,"De acordo com o comunicado, tanto a Defesa Civil quanto a Sala de Situação do estado monitoram o avanço de uma frente fria",2024-06-10 09:04:08,https://jovempan.com.br/noticias/brasil/defesa-civil-alerta-para-novas-chuvas-no-rs-para-o-final-desta-semana.html
Joven Pan,Rio Grande do Sul registra mais uma morte por enchentes; número de vítimas sobe para 173,Novo balanço acontece depois de uma semana; nível do Rio Guaíba em Porto Alegre atinge menor marcar já registrada desde o dia 3 e maio,2024-06-09 16:00:03,https://jovempan.com.br/noticias/brasil/rio-grande-do-sul-registra-mais-uma-morte-por-enchentes-numero-de-vitimas-sobe-para-173.html
Joven Pan,Investigação apura desvios na compra de cestas básicas para vítimas de enchentes no RS,Diligências foram autorizadas pela 4ª Câmara Criminal do Tribunal de Justiça do Estado gaúcho,2024-06-07 17:02:03,https://jovempan.com.br/noticias/brasil/investigacao-apura-desvios-na-compra-de-cestas-basicas-para-vitimas-de-enchentes-no-rs.html
Joven Pan,Estação Rodoviária de Porto Alegre volta a funcionar após ser fechada por causa de tragédia no RS,"Retomada dos serviços no endereço oficial atenderá 116 municípios do estado, com cerca de 90 horários diários",2024-06-07 16:05:05,https://jovempan.com.br/noticias/brasil/estacao-rodoviaria-de-porto-alegre-volta-a-funcionar-apos-ser-fechada-por-causa-de-tragedia-no-rs.html
Joven Pan,Enchentes no Rio Grande do Sul danificam mais de mil escolas,"Cerca de 138 bibliotecas tiveram seus acervos completamente destruídos pelas águas; até o momento, 92,8% das escolas afetadas conseguiram retomar as atividades",2024-06-06 07:05:00,https://jovempan.com.br/programas/jornal-da-manha/enchentes-no-rio-grande-do-sul-danificam-mais-de-mil-escolas.html
Joven Pan,"JBS doa toneladas de carne para a produção de 6,5 milhões de marmitas às vítimas das enchentes no RS","O primeiro carregamento foi entregue em Canoas, na presença do CEO global da JBS, Gilberto Tomazoni, do presidente da Seara, João Campos, e do ministro Paulo Pimenta",2024-06-03 21:00:03,https://jovempan.com.br/noticias/brasil/jbs-doa-toneladas-de-carne-para-a-producao-de-65-milhoes-de-marmitas-as-vitimas-das-enchentes-no-rs.html
Joven Pan,Estudo aponta aumento de chuvas extremas no Rio Grande do Sul devido às mudanças climáticas,Aquecimento global elevou em duas vezes a probabilidade de temporais; El Niño também teve um papel importante no desastre ambiental,2024-06-03 19:01:05,https://jovempan.com.br/noticias/brasil/estudo-aponta-aumento-de-chuvas-extremas-no-rio-grande-do-sul-devido-as-mudancas-climaticas.html
Joven Pan,Defensoria Pública move ação contra Cobasi por morte de animais em alagamentos no RS,Indenização é no valor de R$ 50 milhões por danos ambientais à saúde pública e psicológicos à coletividade; 38 animais morreram somente em uma unidade da rede,2024-06-01 08:05:00,https://jovempan.com.br/noticias/brasil/defensoria-publica-move-acao-contra-cobasi-por-morte-de-animais-em-alagamentos-no-rs.html
Joven Pan,Parques em São Paulo não abrirão em dias de chuvas e ventos fortes,Nova portaria foi publicada divulgando que os 120 parques públicos da cidade deverão ser fechados; prefeitura indicou que os funcionários precisam assegurar a proteção dos visitantes,2024-05-29 10:04:03,https://jovempan.com.br/programas/jornal-da-manha/parques-em-sao-paulo-nao-abrirao-em-dias-de-chuvas-e-ventos-fortes.html
Joven Pan,Adolescente de 16 anos é investigado por desviar doações para vítimas de enchentes no RS,"Jovem usava a internet para aplicar golpes, simulando campanhas de arrecadação de doações, no entanto, o dinheiro acabava em contas vinculadas a ele",2024-05-27 19:01:00,https://jovempan.com.br/noticias/brasil/adolescente-de-16-anos-e-investigado-por-desviar-doacoes-para-vitimas-de-enchentes-no-rs.html
Joven Pan,Auxílio Reconstrução para famílias afetadas pelas enchentes no RS já está disponível em site,"Governo federal disponibiliza R$ 5.100,00 para desalojados e desabrigados em 369 municípios do Rio Grande do Sul; cada família pode ter acesso a apenas um auxílio",2024-05-27 13:05:07,https://jovempan.com.br/noticias/brasil/auxilio-reconstrucao-para-familias-afetadas-pelas-enchentes-no-rs-ja-esta-disponivel.html
Joven Pan,MPRS investiga suposto desvio de doações destinadas às vítimas das enchentes em Eldorado do Sul,"A operação foi iniciada após denúncias de desvios de donativos com o intuito de beneficiar possíveis eleitores dos investigados, já que dois deles seriam pré-candidatos nas eleições municipais deste ano",2024-05-27 13:05:02,https://jovempan.com.br/noticias/brasil/mprs-investiga-suposto-desvio-de-doacoes-destinadas-as-vitimas-das-enchentes-em-eldorado-do-sul.html
Joven Pan,Ciclone extratropical começa a se formar no Sul do Brasil,Fenômeno deve agravar as chuvas e os ventos fortes que assolam o Rio Grande do Sul desde o final de abril,2024-05-27 08:04:07,https://jovempan.com.br/programas/jornal-da-manha/ciclone-extratropical-comeca-a-se-formar-no-sul-do-brasil.html
Joven Pan,Fiocruz diz que cerca de 3.000 instalações de saúde no Rio Grande do Sul foram afetadas pelas enchentes,"Levantamento engloba hospitais, postos de saúde, farmácias e clínicas particulares; pesquisador da entidade propõe revisão nos critérios de localização",2024-05-25 22:03:05,https://jovempan.com.br/noticias/brasil/fiocruz-diz-que-cerca-de-3-000-instalacoes-de-saude-no-rio-grande-do-sul-foram-afetadas-pelas-enchentes.html
Joven Pan,Rio Grande do Sul chega a 166 mortos com previsão de frio e mais chuva; nível do Guaíba reduz,Bairros de Porto Alegre que haviam secado após as enchentes do início do mês voltaram a ficar inundados; Estado deve ter queda de temperatura entre 3ºC e 5ºC,2024-05-25 18:05:07,https://jovempan.com.br/noticias/brasil/rio-grande-do-sul-chega-a-165-mortos-com-previsao-de-frio-e-mais-chuva-nivel-do-guaiba-reduz.html
Joven Pan,Leptospirose se alastra após enchentes no Rio Grande do Sul e preocupa autoridades,"Quatro pessoas já morreram em decorrência da doença e outros quatro óbitos estão sob investigação; segundo a Secretaria Estadual de Saúde, há 54 casos confirmados e mais de 800 pessoas aguardam o diagnóstico",2024-05-25 06:04:08,https://jovempan.com.br/noticias/brasil/leptospirose-se-alastra-apos-enchentes-no-rio-grande-do-sul-e-preocupa-autoridades.html
Joven Pan,"Guaíba volta a ultrapassar 4 metros, e Porto Alegre é tomada por lixo e entulho após alagamentos","Rio Grande do Sul está em alerta hidrológico e geológico para novos deslizamentos, elevação de rios e avanço das inundações",2024-05-24 17:01:08,https://jovempan.com.br/noticias/brasil/guaiba-volta-a-ultrapassar-4-metros-e-porto-alegre-e-tomada-por-lixo-e-entulho-apos-alagamentos.html
Joven Pan,"Enchentes devem deixar 46,7 milhões de toneladas de entulho no Rio Grande do Sul","Estimativa da UFRGS, em parceria com a empresa Mox Debris, aponta que mais de 44% dos imóveis no Estado sofreram impactos dos alagamentos",2024-05-24 10:03:01,https://jovempan.com.br/programas/jornal-da-manha/enchentes-devem-deixar-467-milhoes-de-toneladas-de-entulho-no-rio-grande-do-sul.html
Joven Pan,Chuva enche bueiros de Porto Alegre e volta a alagar ruas da cidade,Trabalho de limpeza precisou ser interrompido em alguns locais; moradores e comerciantes dos bairros Menino Deus e Praia de Belas tiveram que deixar os prédios da região,2024-05-23 15:03:08,https://jovempan.com.br/noticias/brasil/chuva-enche-bueiros-de-porto-alegre-e-volta-a-alagar-ruas-da-cidade.html
Joven Pan,Chuvas voltam a cair no RS e deixam algumas regiões em alerta; Estado tem 163 mortos e 72 desaparecidos,"Instituto Nacional de Meteorologia (Inmet) emitiu alerta de perigo nas primeiras horas desta quinta-feira (23) para algumas regiões do Estado, com às previsões de chuvas intensas, ventos fortes e queda de granizo",2024-05-23 13:02:02,https://jovempan.com.br/noticias/brasil/chuvas-voltam-a-cair-no-rs-e-deixam-algumas-regioes-em-alerta-estado-tem-163-mortos-e-72-desaparecidos.html
Joven Pan,Enchentes no Rio Grande do Sul deixam 162 mortos e 806 feridos,"Os impactos das chuvas atingiram 467 municípios gaúchos, resultando em 68.345 moradores desabrigados e 581.633 desalojados; segundo a Defesa Civil, 75 pessoas ainda estão desaparecidas",2024-05-22 20:03:04,https://jovempan.com.br/noticias/brasil/enchentes-no-rio-grande-do-sul-deixam-162-mortos-e-806-feridos.html
Joven Pan,Nível do Guaíba atinge menor medição desde início das enchentes no RS,"Lago registrou 4,05m na tarde desta terça-feira, contudo, ainda está mais de um metro acima do seu índice normal",2024-05-21 21:04:00,https://jovempan.com.br/noticias/brasil/nivel-do-guaiba-atinge-menor-medicao-desde-inicio-das-enchentes-no-rs.html
Joven Pan,"Canoas apresenta cenário de lama, lixo e mau cheiro após água da enchente baixar","Mesmo com a instalação de equipamentos de bombeamento, muitas áreas continuam com água represada, dificultando o retorno dos moradores às suas residências",2024-05-21 16:04:09,https://jovempan.com.br/programas/jornal-da-manha/canoas-apresenta-cenario-de-lama-lixo-e-mau-cheiro-apos-agua-da-enchente-baixar.html
Joven Pan,Auxílio reconstrução para vítimas das enchentes no Rio Grande do Sul deve começar a ser pago neste mês,Gaúchos listados pelas prefeituras deverão validar as informações no portal Gov.br; Caixa Econômica Federal terá até 48 horas para realizar a transferência,2024-05-20 21:02:09,https://jovempan.com.br/noticias/brasil/auxilio-reconstrucao-para-vitimas-das-enchentes-no-rio-grande-do-sul-sera-pago-a-partir-de-maio.html
Joven Pan,Oito cidades de Santa Catarina decretam estado de emergência após chuvas avançarem no Estado,"Estragos causados pelos temporais incluem deslizamentos de terra, alagamentos, casas danificadas e ruas interditadas; de acordo com a Defesa Civil, mais de 900 pessoas tiveram de deixar suas casas",2024-05-20 18:02:06,https://jovempan.com.br/noticias/brasil/oito-cidades-de-santa-catarina-decretam-estado-de-emergencia-apos-chuvas-avancarem-no-estado.html
Joven Pan,Chuvas deixam mais de 700 desabrigados em Santa Catarina; 24 cidades são afetadas,"Previsão do tempo para o Estado nos próximos dias é de tempo seco, com predomínio de sol",2024-05-20 13:00:00,https://jovempan.com.br/noticias/brasil/chuvas-deixam-mais-de-700-desabrigados-em-santa-catarina-24-cidades-foram-afetadas.html
Joven Pan,Eldorado do Sul enfrenta calamidade por enchentes no RS,"Com quase 80% da população afetada, moradores da cidade gaúcha lidam com perdas materiais irreparáveis",2024-05-19 08:03:01,https://jovempan.com.br/noticias/brasil/eldorado-do-sul-enfrenta-calamidade-por-enchentes-no-rs.html
Joven Pan,"Enchentes no RS: balanço aponta prejuízo de R$ 4,6 bilhões no setor habitacional","Segundo dados da Confederação Nacional de Municípios (CNM), mais de 105,4 mil casas foram danificadas ou destruídas pela tragédia ambiental no Estado",2024-05-18 19:01:00,https://jovempan.com.br/noticias/brasil/enchentes-no-rs-balanco-aponta-prejuizo-de-r-46-bilhoes-no-setor-habitacional.html
Joven Pan,Prefeito de São Leopoldo-RS sobre enchentes: ’34 mil casas debaixo d’água aqui’,Reportagem da Jovem Pan contou sobre as dificuldades que o povo gaúcho tem enfrentado diantes das chuvas que assombram o Estado,2024-05-18 13:04:06,https://jovempan.com.br/noticias/brasil/prefeito-de-sao-leopoldo-rs-sobre-enchentes-34-mil-casas-debaixo-dagua-aqui.html
Joven Pan,Sobe para 155 o número de pessoas mortas pelas chuvas no RS,Saque calamidade está disponível para trabalhadores atingidos pelas enchentes no Estado,2024-05-18 09:02:04,https://jovempan.com.br/noticias/brasil/sobe-para-155-o-numero-de-pessoas-mortas-pelas-chuvas-no-rs.html
Joven Pan,Saque calamidade está disponível para trabalhadores atingidos pelas enchentes no RS,Reportagem da Jovem Pan News fala sobre medidas emergencias que os moradores do sul terão direito de acessar; é permitido que cada trabalhador afetado retire até R$ 6.220 de suas contas do FGTS,2024-05-18 07:05:05,https://jovempan.com.br/noticias/brasil/saque-calamidade-esta-disponivel-para-trabalhadores-atingidos-pelas-enchentes-no-rs.html
Joven Pan,Quase 12 mil animais já foram resgatados das enchentes no RS,ONGs e voluntários estão na linha de frente desde o início das chuvas para salvar os bichos,2024-05-16 20:00:08,https://jovempan.com.br/noticias/brasil/quase-12-mil-animais-ja-foram-resgatados-das-enchentes-no-rs.html
Joven Pan,"Gisele Bündchen arrecada R$ 4,5 milhões para vítimas de enchentes no RS",Gaúcha tem usado suas redes sociais para pedir ajuda ao Estado brasileiro e incentivado as doações para instituições do sul,2024-05-16 17:02:09,https://jovempan.com.br/entretenimento/famosos/gisele-bundchen-arrecada-r-45-milhoes-para-vitimas-de-enchentes-no-rs.html
Joven Pan,Sobe para 151 o número de mortos em decorrência das chuvas e enchentes no Rio Grande do Sul,"Registro de desaparecidos recuou para 104; temporais já afetaram mais de 2,2 milhões de gaúchos em 458 municípios, o que equivale a 92% de todo o Estado",2024-05-16 14:05:02,https://jovempan.com.br/noticias/brasil/sobe-para-151-o-numero-de-mortos-em-decorrencia-das-chuvas-e-enchentes-no-rio-grande-do-sul.html
Joven Pan,Casal mineiro presta auxílio a moradores atingidos pelas enchentes no RS,"Elaine e Danilo foram tocados pela situação durante uma visita prévia à região; além de um ambiente acolhedor, o motorhome oferece alimentação e roupas",2024-05-16 10:05:00,https://jovempan.com.br/programas/jornal-da-manha/casal-mineiro-presta-auxilio-a-moradores-atingidos-pelas-enchentes-no-rs.html
Joven Pan,Governo federal anuncia que vai comprar casas no RS para quem perdeu tudo nas enchentes,"Beneficiários serão pessoas que fazem parte do ‘Minha Casa, Minha Vida’ 1 e 2",2024-05-15 17:01:02,https://jovempan.com.br/noticias/brasil/governo-federal-anuncia-que-vai-comprar-casas-no-rs-para-quem-perdeu-tudo-nas-enchentes.html
Joven Pan,"Vítimas da tragédia em Brumadinho autorizam repasse de R$ 2,2 mi ao RS",Decisão foi informada por meio das redes sociais da Associação dos Familiares de Vítimas e Atingidos pelo Rompimento da Barragem da Mina Córrego do Feijão (Avabrum),2024-05-14 12:01:04,https://jovempan.com.br/noticias/brasil/vitimas-da-tragedia-em-brumadinho-autorizam-repasse-de-r-22-mi-ao-rs.html
Joven Pan,Jovem Pan inicia campanha de doação de rádios a pilha para vítimas das enchentes no RS,"Iniciativa visa fornecer um meio de comunicação essencial para essas famílias, permitindo que elas recebam informações vitais sobre locais seguros e orientações importantes",2024-05-14 11:04:08,https://jovempan.com.br/noticias/brasil/jovem-pan-inicia-campanha-de-doacao-de-radios-a-pilha-para-vitimas-das-enchentes-no-rs.html
Joven Pan,"Governo suspende prestações do ‘Minha Casa, Minha Vida’ para vítimas das chuvas no RS",Solicitações de suspensão de cobranças podem ser feitas à Caixa Econômica Federal por telefone,2024-05-14 09:01:03,https://jovempan.com.br/programas/jornal-da-manha/governo-suspende-prestacoes-do-minha-casa-minha-vida-para-vitimas-das-chuvas-no-rs.html
Joven Pan,"Chuvas persistem e afetam mais de 2,1 milhões de pessoas, em 446 cidades no RS; chega a 143 número de mortos","Bloqueio atmosférico causado por uma frente estacionária vai continuar provocando instabilidade no tempo, com volumes de 30 a 50 mm de chuva, ao menos até quarta (15); Cemaden considera muito alta a possibilidade de novos alagamentos em várias regiões",2024-05-12 09:05:06,https://jovempan.com.br/noticias/brasil/chuvas-persistem-e-afetam-mais-de-21-milhoes-de-pessoas-em-446-cidades-no-rs-chega-a-143-numero-de-mortos.html
Joven Pan,Chuvas no Rio Grande do Sul vão parar? Meteorologista analisa,"Glauco Freitas explica que estado sofre com um bloqueio atmosférico, caracterizado por sistemas frontais estacionados que provocam chuvas contínuas, especialmente na faixa central",2024-05-11 16:02:09,https://jovempan.com.br/noticias/brasil/chuvas-no-rio-grande-do-sul-vao-parar-meteorologista-analisa.html
Joven Pan,Chuvas afetam mais de 2 milhões de pessoas e atingem quase 90% das cidades gaúchas,"Estado já tem 136 mortos e número de desaparecidos é de 125; forças de segurança, com auxílio de voluntários, conseguiram resgatar 74,1 mil pessoas e mais de 10 mil animais",2024-05-11 15:02:03,https://jovempan.com.br/noticias/brasil/mais-de-90-das-cidades-gauchas-sao-atingidas-por-enchentes-devido-as-chuvas.html
Joven Pan,Final de semana deve ser de chuvas fortes e frio no Rio Grande do Sul,"Hospitais da região estão em estado de alerta, com aumento no número de pacientes devido às vítimas das enchentes; Eduardo Leite fez apelo para que população não tente retornar às suas residências",2024-05-10 16:01:02,https://jovempan.com.br/noticias/brasil/final-de-semana-deve-ser-de-chuvas-fortes-e-frio-no-rio-grande-do-sul.html
Joven Pan,Sobe para 126 o número de mortos em decorrência das chuvas no Rio Grande do Sul,"Estado contabiliza quase 2 milhões de pessoas afetadas, 756 feridos e 441 municípios atingidos; previsão de chuva e queda de temperatura preocupam as autoridades",2024-05-10 10:04:02,https://jovempan.com.br/noticias/brasil/com-queda-brusca-de-temperatura-e-mais-chuvas-rs-chega-a-113-mortos-e-mais-de-337-mil-desabrigados.html
Joven Pan,Maranhão tem 31 cidades em situação de emergência após fortes chuvas,Município de Santa Inês é o único em estado de calamidade pública,2024-05-10 10:01:07,https://jovempan.com.br/noticias/brasil/maranhao-tem-1-031-familias-desabrigadas-devido-as-fortes-chuvas.html
Joven Pan,Enchentes no Rio Grande do Sul: mais de 327 mil desalojados,"Número de desalojados no RS mais que dobrou em 24h, atingindo mais de 327 mil pessoas; previsão de chuvas fortes nos próximos dias",2024-05-10 06:05:01,https://jovempan.com.br/noticias/brasil/enchentes-no-rio-grande-do-sul-mais-de-327-mil-desalojados.html
Joven Pan,Morador de São Leopoldo se emociona ao falar sobre desastre no RS: ‘Perdi tudo’,Daniel Daut falou à reportagem da Jovem Pan News sobre luta para encontrar segurança para sua família nos andares superiores de edifícios próximos,2024-05-09 12:03:02,https://jovempan.com.br/programas/jornal-da-manha/morador-de-sao-leopoldo-se-emociona-ao-falar-sobre-desastre-no-rs-perdi-tudo.html
Joven Pan,"Sobe para 107 o número de mortos no RS, que tem cerca de 165 mil desalojados devido às chuvas","Em todo o Estado já são 425 os municípios atingidos, afetando 1.476.170 pessoas. Os abrigos atendem 67.542 cidadãos",2024-05-09 10:01:05,https://jovempan.com.br/noticias/brasil/sobe-para-107-o-numero-de-mortos-no-rs-que-tem-quase-165-mil-desalojados.html
Joven Pan,"Chuvas no Rio Grande do Sul afetam quase 1,5 milhão de pessoas","De acordo com o último boletim da Defesa Civil, cerca de 520,7 mil de indivíduos estão vivendo em áreas que precisaram ser evacuadas devido às enchentes que assolam o Estado e  163,8 mil estão desabrigadas",2024-05-08 22:01:00,https://jovempan.com.br/noticias/brasil/chuvas-no-rio-grande-do-sul-afetam-quase-15-milhao-de-pessoas.html
Joven Pan,Bebê desaparece em enchente durante resgate no RS e mãe usa redes sociais para pedir ajuda,Família é composta pelo casal Gabrielli e Alisson e os quatro filhos; duas das crianças estão internadas,2024-05-08 18:00:02,https://jovempan.com.br/noticias/brasil/bebe-desaparece-em-enchente-durante-resgate-no-rs-e-mae-usa-redes-sociais-para-pedir-ajuda.html
Joven Pan,Quase 400 mil alunos foram afetados com as chuvas do RS,"Escolas mais atingidas estão nas regiões de Porto Alegre, São Leopoldo, Estrela, Guaíba, Cachoeira do Sul, Canoas e Gravataí",2024-05-08 16:05:04,https://jovempan.com.br/noticias/brasil/quase-400-mil-alunos-foram-afetados-com-as-chuvas-do-rs.html
Joven Pan,Chuvas intensas em Porto Alegre interrompem trabalhos de resgate,A prefeitura da cidade emitiu um comunicado orientando a suspensão temporária das operações de resgate com barcos devido às condições climáticas adversas; município prevê chuva de até 15 milímetros,2024-05-08 16:04:09,https://jovempan.com.br/noticias/brasil/chuvas-intensas-em-porto-alegre-interrompem-trabalhos-de-resgate.html
Joven Pan,FAB resgata vítimas das enchentes no Rio Grande do Sul,Operação Taquari II tem ajudado as vítimas das enchentes e nas doações de suprimentos e produtos básicos,2024-05-08 15:02:04,https://jovempan.com.br/noticias/brasil/pessoa-em-estado-grave-e-mulher-em-trabalho-de-parto-sao-resgatados-pela-fab-no-rio-grande-do-sul.html
Joven Pan,"Ex-BBBs Amanda, Thelminha e Marcela vão para RS ajudar a atender vítimas das enchentes","Em vídeo compartilhado nas redes sociais, as médicas pedem doações de medicamentos, roupas e suprimentos hospitalares",2024-05-08 11:04:07,https://jovempan.com.br/entretenimento/famosos/ex-bbbs-amanda-thelminha-e-marcela-vao-para-rs-ajudar-a-atender-vitimas-das-enchentes.html
Joven Pan,Ciclone extratropical na Argentina pode levar ventos fortes e mais chuvas ao Rio Grande do Sul,"Chegada do ciclone também deve causar queda acentuada nas temperaturas, o que pode dificultar as buscas por desaparecidos e as ações de resgate",2024-05-08 08:02:09,https://jovempan.com.br/noticias/brasil/ciclone-extratropical-traz-ventos-fortes-e-mais-chuvas-ao-rio-grande-do-sul.html
Joven Pan,INSS anuncia antecipação de aposentadoria e outros benefícios para vítimas das enchentes no Rio Grande do Sul,"Medida prevê a liberação conjunta dos pagamentos referentes aos meses de maio e junho, começando no próximo dia 24; serão contemplados os moradores de municípios declarados em estado de calamidade pública",2024-05-07 14:03:07,https://jovempan.com.br/noticias/economia/inss-anuncia-antecipacao-de-aposentadoria-e-outros-beneficios-para-vitimas-das-enchentes-no-rio-grande-do-sul.html
Joven Pan,"Rio Grande do Sul chega a 95 mortos, 131 desaparecidos e 401 cidades afetadas pelas chuvas intensas","Estado projeta novas inundações com chegada de frente fria, sobretudo na Serra Gaúcha e no Vale do Taquari; além do caos provocado pelas enchentes, região metropolitana sofre com onda de roubos e saques",2024-05-07 10:05:05,https://jovempan.com.br/noticias/brasil/rs-tem-90-mortos-e-132-desaparecidos-por-conta-dos-temporais-governo-emite-alerta-de-risco-para-municipios-ao-sul-do-estado.html
Joven Pan,CNA anuncia doação para vítimas das enchentes no Rio Grande do Sul,A Confederação da Agricultura e Pecuária do Brasil vai doar R$ 2 milhões para ajudar os afetados pelas chuvas na região; valor será doado para o projeto “Band Abraça o Rio Grande do Sul”,2024-05-06 14:00:03,https://jovempan.com.br/noticias/brasil/cna-anuncia-doacao-para-vitimas-das-enchentes-no-rio-grande-do-sul.html
Joven Pan,Bancos adotam medidas para ajudar vítimas das chuvas no Rio Grande do Sul,"Itaú, Bradesco, Santander, BTG Pactual, Banco do Brasil e Caixa Econômica Federal liberaram ‘saque calamidade’ do FGTS e auxílio para funcionários e familiares",2024-05-05 22:05:00,https://jovempan.com.br/noticias/economia/bancos-adotam-medidas-para-ajudar-vitimas-das-chuvas-no-rio-grande-do-sul.html
Joven Pan,Papa Francisco expressa solidariedade às vítimas das enchentes no Rio Grande do Sul,"Chuvas já afetaram mais de 300 municípios, causando danos e deixando um rastro de destruição",2024-05-05 21:02:05,https://jovempan.com.br/noticias/brasil/papa-francisco-expressa-solidariedade-as-vitimas-das-enchentes-no-rio-grande-do-sul.html
Joven Pan,"Após chuvas no Rio Grande do Sul, governo articula criação de plano nacional de prevenção de tragédias climáticas","Presidente anunciou medidas de socorro para o Estado e revelou que a ministra do Meio Ambiente, Marina Silva, criará estratégias para mitigar danos",2024-05-05 18:03:05,https://jovempan.com.br/noticias/brasil/apos-chuvas-no-rio-grande-do-sul-governo-planeja-criacao-de-plano-nacional-de-prevencao-de-tragedias-climaticas.html
Joven Pan,Lula anuncia apoio federal para reconstrução de rodovias no RS após enchentes,"Durante um pronunciamento após sobrevoar a região metropolitana de Porto Alegre, petista afirmou que o Ministério dos Transportes irá auxiliar na recuperação das estradas estaduais",2024-05-05 15:05:09,https://jovempan.com.br/noticias/brasil/lula-anuncia-apoio-federal-para-reconstrucao-de-rodovias-no-rs-apos-enchentes.html
Joven Pan,Chuvas no RS: FAB usa aeronave não tripulada para auxiliar no resgate,"Comunicação entre o operador e o avião é feita por satélite, o que permite uma maior cobertura; mais de 88 mil moradores estão desalojados",2024-05-05 15:00:00,https://jovempan.com.br/noticias/brasil/chuvas-no-rs-fab-usa-aeronave-nao-tripulada-para-auxiliar-no-resgate.html
Joven Pan,Prefeita de Poço das Antas dá detalhes sobre situação de cidade atingida pelas chuvas,"Vânia Brackmann concedeu entrevista ao Fast News, falou sobre preocupação com possíveis deslizamentos na cidade e projetou reconstrução da cidade",2024-05-05 14:04:01,https://jovempan.com.br/noticias/brasil/prefeita-de-poco-das-antas-da-detalhes-sobre-situacao-de-cidade-atingida-pelas-chuvas.html
Joven Pan,STF suspende prazos processuais no Rio Grande do Sul devido às enchentes,Medida visa assegurar que as partes envolvidas tenham tempo hábil para se reorganizarem diante da situação de emergência vivenciada no Estado,2024-05-05 07:03:09,https://jovempan.com.br/noticias/brasil/stf-suspende-prazos-processuais-no-rio-grande-do-sul-devido-as-enchentes.html
Joven Pan,Toda a região metropolitana de Porto Alegre sofre com alagamentos,"Consequências se estendem por cidades vizinhas da capital gaúcha como Canoas, Esteio, Eldorado do Sul e Sapucaia",2024-05-04 20:01:05,https://jovempan.com.br/noticias/brasil/toda-a-regiao-metropolitana-de-porto-alegre-sofre-com-alagamentos.html
Joven Pan,Tragédia causada pelas chuvas no Rio Grande do Sul já afeta meio milhão de pessoas,Estado tem 418 mil pontos sem energia elétrica e cerca de 1 milhão de domicílios sem abastecimento de água; Gramado e Santa Maria são as cidades mais impactadas,2024-05-04 19:04:05,https://jovempan.com.br/noticias/brasil/tragedia-causada-pelas-chuvas-no-rio-grande-do-sul-ja-afeta-meio-milhao-de-pessoas.html
Joven Pan,Saiba como ajudar as vítimas das chuvas no Rio Grande do Sul,Autoridades e famosos reforçam campanha de doações de sangue e recursos após devastação causada pelas enchentes no Estado,2024-05-03 15:04:09,https://jovempan.com.br/noticias/brasil/saiba-como-ajudar-as-vitimas-das-chuvas-no-rio-grande-do-sul.html
Joven Pan,Rio Grande do Sul já tem 39 mortos devido às intensas chuvas que atingem o Estado,"Estado já tem quase 8 mil pessoas em abrigos e outros 23.598 desalojados; CBF adiou partidas envolvendo times gaúchos no Brasileiro, e governo adiou as provas do Concurso Nacional Unificado (CNU)",2024-05-03 15:00:01,https://jovempan.com.br/noticias/brasil/rio-grande-do-sul-ja-tem-37-mortos-devido-as-intensas-chuvas-que-atingem-o-estado.html
Joven Pan,Governo adia ‘Enem dos Concursos’ devido às chuvas no Rio Grande do Sul,"Ministério da Gestão havia informado que provas seriam mantidas mesmo no Estado, mas mudou de ideia para não prejudicar nenhum candidato; nova data deve ser informada no prazo de suas semanas",2024-05-03 14:03:00,https://jovempan.com.br/noticias/brasil/governo-adia-enem-dos-concursos-devido-as-chuvas-no-rio-grande-do-sul.html
Joven Pan,"Chuvas chegam a Santa Catarina, causam estragos e deixam um morto","Fortes chuvas em Santa Catarina deixam um morto, feridos e desabrigados. Tornado também é registrado, causando estragos",2024-05-03 14:00:02,https://jovempan.com.br/noticias/brasil/chuvas-causam-estragos-e-deixam-morto-em-santa-catarina.html
Joven Pan,CBF adia jogos de equipes gaúchas devido às fortes chuvas no Rio Grande do Sul,"Medida afeta 12 jogos de diversas competições e divisões do futebol brasileiro; Estado vive situação de emergência, com 31 mortos, 74 desaparecidos e 56 feridos",2024-05-03 13:01:03,https://jovempan.com.br/noticias/brasil/cbf-adia-jogos-de-equipes-gauchas-devido-as-fortes-chuvas-no-rio-grande-do-sul.html
Joven Pan,União e Estados devem rejeitar acordo de R$ 127 bi de mineradoras envolvidas na tragédia de Mariana,"Expectativa é que os entes públicos deem uma resposta conjunta nesta sexta-feira,(3)",2024-05-02 23:02:03,https://jovempan.com.br/noticias/brasil/uniao-e-estados-devem-rejeitar-acordo-de-r-127-bi-de-mineradoras-envolvidas-na-tragedia-de-mariana.html
Joven Pan,"Chuva no RS: Rio Guaíba ultrapassa cota de inundação, e água invade o Cais Mauá","Defesa Civil orientou moradores de Porto Alegre, Guaíba e Eldorado do Sul, a evacuarem e buscarem abrigos públicos ou locais seguros",2024-05-02 18:02:05,https://jovempan.com.br/noticias/brasil/chuva-no-rs-rio-guaiba-ultrapassa-cota-de-inundacao-e-agua-invade-o-cais-maua.html
Joven Pan,Sobe para 31 o número de mortes devido às fortes chuvas no Rio Grande do Sul,"A Defesa Civil registra 29 mortes e demais foram confirmadas por prefeituras, Corpo de Bombeiros, Polícia Militar e órgãos locais; cerca de 67 mil pessoas foram atingidas pelo desastre ambiental no Rio Grande do Sul",2024-05-02 11:01:03,https://jovempan.com.br/noticias/brasil/sobe-para-32-o-numero-de-mortes-devido-as-fortes-chuvas-no-rio-grande-do-sul.html
Joven Pan,Eduardo Leite diz que Rio Grande do Sul vive pior tragédia da história e não tem capacidade para fazer todos os resgates,"Governador pediu socorro para o presidente Luiz Inácio Lula da Silva, dizendo que o Estado vive ‘situação de guerra’; saldo até agora é de 10 mortos, 21 desaparecidos e 11 feridos, além de mais de 3.400 desalojados",2024-05-01 20:00:05,https://jovempan.com.br/noticias/brasil/eduardo-leite-diz-que-rio-grande-do-sul-vive-pior-tragedia-da-historia-e-nao-tem-capacidade-para-fazer-todos-os-resgates.html
Joven Pan,FAB auxilia no resgate de pessoas ilhadas pelas enchentes no Rio Grande do Sul,Dois helicópteros H-60 Black Hawk foram mobilizados para a missão humanitária; temporais no Estado já deixaram dez mortos e 21 desaparecidos,2024-05-01 14:03:08,https://jovempan.com.br/noticias/brasil/fab-auxilia-no-resgate-de-pessoas-ilhadas-pelas-enchentes-no-rio-grande-do-sul.html
Joven Pan,Vice-presidente da Braskem admite culpa da empresa no desastre ambiental de Maceió,"Petroquímica fazia extração de sal-gema na capital alagoana, mas atividade resultou no afundamento do solo e, consequentemente, na evacuação de diversos bairros",2024-04-10 15:04:00,https://jovempan.com.br/noticias/brasil/vice-presidente-da-braskem-admite-culpa-da-empresa-no-desastre-ambiental-de-maceio.html
Joven Pan,Chuvas em Salvador causam alagamentos e deslizamentos,"Sirenes foram acionadas em 14 localidades da periferia da cidade, orientando os moradores a deixarem suas casas",2024-04-08 23:05:04,https://jovempan.com.br/noticias/brasil/chuvas-em-salvador-causam-alagamentos-e-deslizamentos.html
Joven Pan,Espírito Santo tem ao menos 20 mil desalojados por causa das chuvas,Previsão para os próximos dias é de mais temporal; número de mortos chegou a 20,2024-03-27 17:03:09,https://jovempan.com.br/noticias/brasil/espirito-santo-tem-ao-menos-20-mil-desalojados-por-causa-das-chuvas.html
Joven Pan,Espírito Santo contabiliza 19 mortos por consequência das chuvas,"Estima-se que 7.287 mil pessoas estejam desalojadas, e outras 411 desabrigadas nos municípios de Apiacá, Mimoso do Sul, Vargem Alta e Bom Jesus do Norte",2024-03-25 18:05:08,https://jovempan.com.br/noticias/brasil/espirito-santo-contabiliza-19-mortos-por-consequencia-das-chuvas.html
Joven Pan,Sobe para 25 o número de mortos pelas chuvas no Sudeste,,2024-03-24 23:02:07,https://jovempan.com.br/noticias/brasil/sobe-para-25-o-numero-de-mortos-pelas-chuvas-no-sudeste.html
Joven Pan,Governo do Espírito Santo libera R$ 50 milhões para vítimas das chuvas,"Com 17 mortes confirmadas e milhares de pessoas desalojadas e desabrigadas, a situação nas cidades do sul capixaba é de extrema gravidade",2024-03-24 23:00:04,https://jovempan.com.br/noticias/brasil/governo-do-espirito-santo-libera-r-50-milhoes-para-vitimas-das-chuvas.html
Joven Pan,Chuvas deixam 17 mortes no Espírito Santo,"Desalojados no estado são mais de 5,4 mil e desalojados, 255",2024-03-24 21:01:07,https://jovempan.com.br/noticias/brasil/chuvas-deixam-17-mortes-no-espirito-santo.html
Joven Pan,Sobe para 24 o número de mortos por chuvas no Rio de Janeiro e Espírito Santo,"Inmet (Instituto Nacional de Meteorologia) prevê mais chuvas para o Sudeste do Brasil para este domingo, 24",2024-03-24 10:04:05,https://jovempan.com.br/noticias/brasil/sobe-para-20-o-numero-de-mortos-por-chuvas-no-rio-de-janeiro-e-espirito-santo.html
Joven Pan,Chuvas atingem sudeste do Brasil e deixam ao menos 12 mortos,"Rio de Janeiro e Espírito Santo foram as regiões mais afetadas; estado carioca contabiliza oito vítimas fatais, enquanto o capixaba soma quatro",2024-03-23 20:03:01,https://jovempan.com.br/noticias/brasil/chuvas-atingem-sudeste-do-brasil-e-deixam-ao-menos-12-mortos.html
Joven Pan,Defesa Civil socorre vítimas das chuvas no Rio de Janeiro e Espírito Santo,"Ao menos nove pessoas já morreram, sendo sete no Rio de Janeiro e nove no Espírito Santo",2024-03-23 17:01:01,https://jovempan.com.br/noticias/brasil/defesa-civil-socorre-vitimas-das-chuvas-no-rio-de-janeiro-e-espirito-santo.html
Joven Pan,"Chuvas desalojam 1,2 mil pessoas no Espírito Santo","Em várias cidades do Estado houve deslizamentos, alagamentos e enxurradas;",2024-03-23 13:05:05,https://jovempan.com.br/noticias/brasil/chuvas-desalojam-12-mil-pessoas-no-espirito-santo.html
Joven Pan,Sobe para 8 número de mortos pelas chuvas no Rio; Petrópolis decreta emergência,"De acordo com a Defesa Civil de Petrópolis, já foram registrados 75 deslizamentos no município; previsão para este sábado é de mais chuva na Baixada Fluminense",2024-03-23 11:04:06,https://jovempan.com.br/noticias/brasil/sobe-para-7-numero-de-mortos-pelas-chuvas-no-rio-petropolis-decreta-emergencia.html
Joven Pan,"Chuva na região serrana do Rio pode ter mesmo volume que causou tragédia em 2011, alerta Cemaden","Neste fim de semana, RJ deve enfrentar temporais com acumulados superiores a 200 milímetros por dia",2024-03-22 19:01:06,https://jovempan.com.br/noticias/brasil/chuva-na-regiao-serrana-do-rio-pode-ter-mesmo-volume-que-causou-tragedia-em-2011-alerta-cemaden.html
Joven Pan,Petrópolis está em estado de alerta após chuvas intensas,Sistema de sirenes da cidade foi acionado para alertar a população sobre a situação,2024-03-22 18:02:09,https://jovempan.com.br/noticias/brasil/petropolis-esta-em-estado-de-alerta-apos-chuvas-intensas.html
Joven Pan,"Por risco de tempestades, Parque da Ciência, no Butantan, estará fechado neste sábado","Ingressos que foram previamente adquiridos poderão ser utilizados em data futura, sem prejuízos para os visitantes, segundo o Butantan",2024-03-22 15:02:07,https://jovempan.com.br/noticias/brasil/por-risco-de-tempestades-parque-da-ciencia-no-butantan-estara-fechado-neste-sabado.html
Joven Pan,Cidade do Rio decreta ponto facultativo por previsão de chuva forte,Objetivo é reduzir circulação de pessoas na capital,2024-03-22 08:05:01,https://jovempan.com.br/noticias/brasil/cidade-do-rio-decreta-ponto-facultativo-por-previsao-de-chuva-forte.html
Joven Pan,"Chuva provoca estragos, alagamentos e deslizamento de terra no Estado de São Paulo e deixa uma pessoa morta",Jovem de 20 anos foi levada pela enxurrada na cidade de Brotas; bombeiros encontraram o corpo dela neste domingo,2024-03-10 15:05:07,https://jovempan.com.br/noticias/brasil/chuva-provoca-estragos-alagamentos-e-deslizamento-de-terra-no-estado-de-sao-paulo-e-deixa-uma-pessoa-morta.html
Joven Pan,Inmet emite alerta de tempestade para Sul do Brasil e chuvas no Nordeste,"Regiões enfrentam possibilidade de granizo, ventos fortes e riscos de danos; Rio e São Paulo podem ter chuvas fracas",2024-03-09 09:02:04,https://jovempan.com.br/noticias/brasil/inmet-emite-alerta-de-tempestade-para-sul-do-brasil-e-chuvas-no-nordeste.html
Joven Pan,Inmet alerta para perigo de chuva forte em todo o Brasil nesta sexta-feira,"Segundo o instituto, o país deve enfrentar temporais até 11 de março; há risco de corte de energia, queda de galhos de árvores e alagamentos",2024-03-08 07:05:00,https://jovempan.com.br/noticias/brasil/inmet-alerta-para-perigo-de-chuva-forte-em-todo-o-brasil-nesta-sexta-feira.html
Joven Pan,Inmet emite alerta de chuvas intensas em todo o Brasil,"Aviso aponta risco de corte de energia elétrica, queda de galhos de árvores e alagamentos",2024-03-07 11:03:00,https://jovempan.com.br/noticias/brasil/inmet-emite-alerta-de-chuvas-intensas-em-todo-o-brasil.html
Joven Pan,"Chuva alaga ruas de São Paulo, invade estações de trem e metrô e deixa pessoas ilhadas","Tempestade causou transtornos nas obras da Linha Laranja do Metrô, deixou estação da Luz sem energia e impediu transferência em alguns terminais; carros ficaram submersos em diversos pontos da cidade",2024-03-05 21:00:08,https://jovempan.com.br/noticias/brasil/chuva-alaga-ruas-de-sao-paulo-invade-estacoes-de-trem-e-metro-e-deixa-pessoas-ilhadas.html
Joven Pan,"Defesa Civil diz que Acre tem ‘probabilidade muito alta’ de enxurradas, alagamentos e inundações",Número de cidades em situação de emergência subiu de 17 para 19; estima-se que cerca de 100 mil pessoas foram afetadas pelas cheias no Estado,2024-03-03 10:04:07,https://jovempan.com.br/noticias/brasil/defesa-civil-diz-que-acre-tem-probabilidade-muito-alta-de-enxurradas-alagamentos-e-inundacoes.html
Joven Pan,Chuva forte em São Paulo causa 13 pontos de alagamento e deixa cidade em estado de atenção,"A chuva iniciou pelo período da manhã, de forma isolada e sem concentração em uma região específica",2024-02-20 16:04:04,https://jovempan.com.br/noticias/brasil/cge-emite-alerta-para-fortes-chuvas-em-sao-paulo.html
Joven Pan,Mulher morre eletrocutada após usar chapinha e secador conectados na mesma extensão,Marido encontrou a vítima no chão com um fio de extensão enrolado no corpo,2024-02-19 13:01:05,https://jovempan.com.br/noticias/brasil/mulher-morre-eletrocutada-apos-usar-chapinha-e-secador-conectados-na-mesma-extensao.html
Joven Pan,Temporal causa alagamentos em São Paulo e interrompe serviço em linha de trem,"Na Avenida Anhaia Melo, a água chegou no para-choque de alguns carros",2024-02-18 17:03:05,https://jovempan.com.br/noticias/brasil/temporal-causa-alagamentos-em-sao-paulo-e-interrompe-servico-em-linha-de-trem.html
Joven Pan,Inmet emite alerta de grande perigo para chuvas intensas no Rio de Janeiro e em São Paulo,"Vale do Paraíba, sul fluminense e região metropolitana do Rio devem ser as áreas mais afetadas; formação de um ciclone favorece instabilidades e pode ganhar força",2024-02-15 15:03:08,https://jovempan.com.br/noticias/brasil/inmet-emite-alerta-de-grande-perigo-para-chuvas-intensas-no-rio-de-janeiro-e-em-sao-paulo.html
Joven Pan,Parte do muro do Cemitério do Araçá cai após forte chuva em São Paulo,A Defesa Civil afirmou que foram registrados 91mm acumulados de chuva nas últimas 12 horas em todo o Estado,2024-02-14 17:00:08,https://jovempan.com.br/noticias/brasil/parte-do-muro-do-cemiterio-do-araca-cai-apos-forte-chuva-em-sao-paulo.html
Joven Pan,Duas crianças morrem durante fortes chuvas na Bahia,"Incidente ocorreu em Elísio Medrado, no interior do Estado, quando um carro com cinco ocupantes foi arrastado pela correnteza do Rio Paraguaçu",2024-01-28 12:00:09,https://jovempan.com.br/noticias/brasil/duas-criancas-morrem-durante-fortes-chuvas-na-bahia.html
Joven Pan,São Paulo entra em estado de atenção após fortes chuvas que provocaram quedas de árvore e pontos de alagamentos,"Após às 18h, o Corpo de Bombeiros havia registrado 26 chamados; não há registro de vítimas até o momento",2024-01-27 22:01:05,https://jovempan.com.br/noticias/brasil/sao-paulo-entra-em-estado-de-atencao-apos-fortes-chuvas-que-provocaram-quedas-de-arvore-e-pontos-de-alagamento.html
Joven Pan,"Chuva diminui no litoral paulista, mas fechamento de rodovias prejudica volta para casa",Mogi-Bertioga e um trecho da Tamoios estão interditados devido a deslizamentos e outros problemas decorrentes dos temporais,2024-01-27 08:01:01,https://jovempan.com.br/programas/jornal-da-manha/chuva-diminui-no-litoral-paulista-mas-fechamento-de-rodovias-prejudica-volta-para-casa.html
Joven Pan,Saiba qual a situação das rodovias Mogi-Bertioga e Tamoios após interdição devido a chuvas,"Queda de barreira, pedra e risco de deslizamento fizeram com que elas fossem interditadas entre a noite de quarta-feira, 24, e a manhã de quinta-feira, 25",2024-01-26 16:01:03,https://jovempan.com.br/noticias/brasil/saiba-qual-a-situacao-das-rodovias-mogi-bertioga-e-tamoios-apos-interdicao-devido-a-chuvas.html
Joven Pan,"Justiça condena Vale, Samarco e BHP a pagar R$ 47,6 bilhões por desastre de Mariana",Juiz federal substituto Vinicius Cobucci determinou que a quantia vá para um fundo administrado pelo governo federal e seja utilizada em projetos e iniciativas nas áreas impactadas,2024-01-26 09:02:06,https://jovempan.com.br/noticias/brasil/justica-condena-vale-samarco-e-bhp-a-pagar-r-476-bilhoes-por-desastre-de-mariana.html
Joven Pan,Rodovia Mogi-Bertioga é interditada após deslizamento de barreira e pedra,Previsão é que a rodovia só seja liberada na sexta-feira; outras rodovias também foram afetadas pelas chuvas,2024-01-25 12:00:08,https://jovempan.com.br/noticias/brasil/rodovia-mogi-bertioga-e-interditada-apos-deslizamento-de-barreira-e-pedra.html
Joven Pan,Defesa Civil de Minas Gerais informa que chuvas vão se estender até o domingo,"Nesta terça, Corpo de Bombeiros atendeu a 162 chamados relacionados a quedas de árvores e desabamentos, além de 40 pedidos de socorro de pessoas ilhadas em regiões de alagamento",2024-01-24 15:02:07,https://jovempan.com.br/noticias/brasil/defesa-civil-de-minas-gerais-informa-que-chuvas-vao-se-estender-ate-o-domingo.html
Joven Pan,Alerta de chuvas intensas em 21 Estados e no Distrito Federal nesta terça,"Boletim meteorológico do Inmet aponta para a ocorrência de temporais e ‘perigo iminente’ em regiões de São Paulo e Minas Gerais; há riscos de formação de enxurradas, inundações e alagamentos",2024-01-23 07:04:07,https://jovempan.com.br/noticias/brasil/alerta-de-chuvas-intensas-em-21-estados-e-no-distrito-federal-nesta-terca.html
Joven Pan,Chuva intensa causa alagamentos e bloqueia Avenida Brasil no Rio de Janeiro,Prefeito Eduardo Paes fez apelo para que a população evite se deslocar pela cidade durante temporais,2024-01-21 09:04:04,https://jovempan.com.br/noticias/brasil/chuva-intensa-causa-alagamentos-e-bloqueia-avenida-brasil-no-rio-de-janeiro.html
Joven Pan,"Temporal provoca deslizamentos, queda de árvore e alagamentos no Rio de Janeiro; sirenes são acionadas","Segundo o Centro de Operações da Prefeitura, a capital fluminense entrou no Estágio 3 na madrugada deste domingo, 21, o que indica que ‘uma ou mais ocorrências já impactam o município’",2024-01-21 07:04:06,https://jovempan.com.br/noticias/brasil/temporal-provoca-deslizamentos-queda-de-arvore-e-alagamentos-no-rio-de-janeiro-sirenes-sao-acionadas.html
Joven Pan,São Paulo entra em ‘estado de atenção’ após chuvas intensas neste sábado,Previsão é de pancadas de chuva em todas as regiões da capital nas próximas horas,2024-01-20 19:03:06,https://jovempan.com.br/noticias/brasil/sao-paulo-entra-em-estado-de-atencao-apos-chuvas-intensas-neste-sabado.html
Joven Pan,"Temporal em São Paulo causa alagamentos, queda de árvores e prejudica voos",O Corpo de Bombeiros atendeu ocorrências em diversos pontos da capital e da região metropolitana,2024-01-19 22:03:04,https://jovempan.com.br/noticias/brasil/temporal-em-sao-paulo-causa-alagamentos-queda-de-arvores-e-prejudica-voos.html
Joven Pan,Brasil registra aumento de queimadas em 6% em 2023,"Uma extensa área de mais de 17,3 milhões de hectares foi devastada pelo fogo no Brasil no ano passado",2024-01-19 20:04:08,https://jovempan.com.br/noticias/brasil/brasil-registra-aumento-de-queimadas-em-6-em-2023.html
Joven Pan,Defesa Civil alerta para fortes chuvas em todo o Estado de São Paulo neste final de semana,Frente fria pode provocar grande volume de chuvas na Grande São Paulo e no litoral,2024-01-18 21:00:04,https://jovempan.com.br/noticias/brasil/defesa-civil-alerta-para-fortes-chuvas-em-todo-o-estado-neste-final-de-semana.html
Joven Pan,São Paulo tem alerta para chuva forte e granizo; RS terá ventos de até 100km/h e temporais,"Frente fria avança pelo país e traz condições climáticas diversas em todas as regiões nesta quarta-feira, 17",2024-01-17 08:05:02,https://jovempan.com.br/noticias/brasil/sao-paulo-tem-alerta-para-risco-de-chuva-forte-queda-de-granizo-e-transtornos.html
Joven Pan,São Paulo entra em alerta de ‘perigo potencial’ para chuva intensa,"Acumulado na cidade já chegou a 136,4 mm, representando 53,2% do esperado para o mês; Rio de Janeiro, Região Norte e Sul do Brasil também vão ter instabilidades",2024-01-16 12:05:07,https://jovempan.com.br/noticias/brasil/sao-paulo-entra-em-alerta-de-perigo-potencial-para-chuva-intensa.html
Joven Pan,Sobe para 12 o número de mortos por causa das chuvas no RJ; governo antecipa Bolsa Família para famílias afetadas,"Pagamentos vão ocorrer no dia 18 devido ao estado de calamidade em Belford Roxo, São João de Meriti, Nova Iguaçu e na capital; prefeituras podem solicitar recursos da União para compra de alimentos, água e combustível",2024-01-15 17:01:06,https://jovempan.com.br/noticias/brasil/sobe-para-12-o-numero-de-mortos-por-causa-das-chuvas-no-rj-governo-antecipa-bolsa-familia-para-familias-afetadas.html
Joven Pan,"De volta das férias em Orlando devido às chuvas, Cláudio Castro faz cobrança ao governo federal","Gestor estadual pede que o Palácio do Planalto encontre uma solução para a rodovia BR-040, que ficou alagada após o temporal do fim de semana",2024-01-15 16:01:06,https://jovempan.com.br/noticias/brasil/de-volta-das-ferias-em-orlando-devido-as-chuvas-claudio-castro-faz-cobranca-ao-governo-federal.html
Joven Pan,"Com previsão de novos temporais, RJ tem alerta de ‘perigo potencial’ e risco de alagamentos e deslizamentos","Segundo o Inmet e o Cemaden-RJ, a previsão é de mais chuva nesta segunda-feira, 15, podendo chegar a 50 mm no dia",2024-01-15 07:02:08,https://jovempan.com.br/noticias/brasil/com-previsao-de-novos-temporais-rj-tem-alerta-de-perigo-potencial-e-risco-de-alagamentos-e-deslizamentos.html
Joven Pan,Cláudio Castro retorna de férias para lidar com crise causada pelas chuvas no Rio,Governador do Rio de Janeiro tem uma reunião marcada na segunda-feira com representantes no Centro Integrado de Comando e Controle (CICC),2024-01-14 22:03:00,https://jovempan.com.br/noticias/brasil/claudio-castro-retorna-de-ferias-para-lidar-com-crise-causada-pelas-chuvas-no-rio.html
Joven Pan,Eduardo Paes decreta estado de emergência no Rio de Janeiro devido às fortes chuvas,Ao menos nove pessoas morreram por causa dos temporais que atingiram diversas regiões da cidade,2024-01-14 17:03:09,https://jovempan.com.br/noticias/brasil/eduardo-paes-decreta-estado-de-emergencia-no-rio-de-janeiro-devido-as-fortes-chuvas.html
Joven Pan,Grávida entra em trabalho de parto durante enchente no Rio e precisa ser resgatada de bote; veja vídeo,"Mulher foi deslocada para o Hospital Municipal Ronaldo Gazolla que fica em Acari, Zona Norte da cidade",2024-01-14 16:04:03,https://jovempan.com.br/noticias/brasil/gravida-entra-em-trabalho-de-parte-durante-enchente-no-rio-e-precisa-ser-resgatada-de-bote-veja-video.html
Joven Pan,Eduardo Paes agradece apoio do governo federal diante das fortes chuvas no Rio de Janeiro,Prefeito carioca reforçou a recomendação para que a população evite deslocamentos e permaneça atenta às informações fornecidas pelo Centro de Operações Rio,2024-01-14 15:03:09,https://jovempan.com.br/noticias/brasil/eduardo-paes-agradece-apoio-do-governo-federal-diante-das-fortes-chuvas-no-rio-de-janeiro.html
Joven Pan,Chuvas em São Paulo deixam duas pessoas mortas; menino de seis anos foi levado pela enxurrada,"Capital paulista recebeu alerta para temporais nos próximos dias, com possibilidade de raios e intensas rajadas de vento",2024-01-13 20:03:02,https://jovempan.com.br/noticias/brasil/chuvas-em-sao-paulo-deixam-duas-pessoas-mortas-menino-de-seis-anos-foi-levado-pela-enxurrada.html
Joven Pan,Idoso morre em deslizamento de terra causado por chuvas em São Bernardo do Campo,incidente ocorreu durante a madrugada deste sábado,2024-01-13 08:03:07,https://jovempan.com.br/noticias/brasil/idoso-morre-em-deslizamento-de-terra-causado-por-chuvas-em-sao-bernardo-do-campo.html
Joven Pan,Litoral de São Paulo tem alerta para fortes chuvas,"Defesa Civil alerta para risco de deslizamentos, desabamentos, alagamentos, enchentes e ocorrências relacionadas a descargas elétricas e vento; mau tempo pode se estender até segunda-feira, 15",2024-01-12 12:01:02,https://jovempan.com.br/noticias/brasil/litoral-de-sao-paulo-tem-alerta-para-fortes-chuvas.html
Joven Pan,Chuva causa caos em São Paulo pelo quarto dia consecutivo,"Cidade saiu do estado de atenção, mas deve voltar a chover durante a madrugada; intensidade dos temporais aumentará a partir desta sexta-feira",2024-01-11 19:05:03,https://jovempan.com.br/noticias/brasil/chuva-intensa-causa-alagamentos-e-transtornos-em-sao-paulo.html
Joven Pan,Motorista de caminhão se salva por pouco de cair de ponte destruída por enchente no Rio Grande do Sul; veja vídeo,"Condutor conseguiu frear o veículo a tempo antes que ele despencasse; de acordo com relatos, ele teria ignorado sinais de bloqueio e continuou a dirigir pelo trecho sem parar",2024-01-11 16:02:08,https://jovempan.com.br/noticias/brasil/motorista-de-caminhao-se-salva-por-pouco-de-caia-de-ponte-destruida-por-enchente-no-rio-grande-do-sul-veja-video.html
Joven Pan,Inmet alerta para chuvas intensas em São Paulo e Mato Grosso do Sul,População deve estar atenta aos alertas e recomendações das autoridades,2024-01-11 15:01:09,https://jovempan.com.br/noticias/brasil/inmet-alerta-para-chuvas-intensas-em-sao-paulo-e-mato-grosso-do-sul.html
Joven Pan,"Chuva forte em São Paulo mata uma pessoa, causa alagamentos e deixa diversos bairros sem energia",Homem de 62 anos saiu do carro em que estava e foi atingido por um cabo energizado; foi o segundo dia seguido de temporais e vendavais na capital paulista,2024-01-09 18:02:07,https://jovempan.com.br/noticias/brasil/chuva-forte-em-sao-paulo-derruba-92-arvores-e-deixa-cidade-em-estado-de-atencao.html
Joven Pan,São Paulo enfrenta novas pancadas de chuva e ventos de até 70km/h nesta terça,"Previsão aponta possibilidade de queda de galhos e árvores, assim como há risco de alagamentos e enchentes",2024-01-09 12:04:00,https://jovempan.com.br/noticias/brasil/sao-paulo-enfrenta-novas-pancadas-de-chuva-e-ventos-de-ate-70km-h-nesta-terca.html
Joven Pan,Parque do Ibirapuera permanece fechado após chuvas e queda de estrutura metálica,Quatro pessoas ficaram feridas no incidente e foram encaminhadas ao hospital,2024-01-09 12:00:08,https://jovempan.com.br/noticias/brasil/parque-do-ibirapuera-permanece-fechado-apos-chuvas-e-queda-de-estrutura-metalica.html
Joven Pan,Enel restabelece energia de 70% dos clientes afetados pela forte chuva que atingiu São Paulo,Rajadas de ventos de até 76km/h causaram queda de árvores e galhos danificando trechos da rede elétrica; municípios mais atingidos foram São Paulo e Santo André,2024-01-09 10:00:05,https://jovempan.com.br/noticias/brasil/enel-restabelece-energia-de-70-dos-clientes-afetado-pela-forte-chuva-que-atingiu-sao-paulo.html
Joven Pan,São Paulo deve ter temperaturas acima de 30°C nesta semana; chuva e calor atingem maioria das capitais do Brasil,"Curitiba apresenta as temperaturas mais baixas, com mínimas entre 16°C e 20°C; tempo chuvoso deve se estender para as próximas semanas",2024-01-08 11:00:01,https://jovempan.com.br/noticias/brasil/sao-paulo-deve-ter-temperaturas-acima-de-30c-nesta-semana-chuva-e-calor-atingem-maioria-das-capitais-do-brasil.html
Joven Pan,Distrito Federal se preocupa com casos de leptospirose após chuvas e enchentes,Secretaria de Saúde emitiu um alerta epidemiológico na região da Vila Cauhy e em outros pontos mais afetados da capital,2024-01-06 15:00:09,https://jovempan.com.br/noticias/brasil/distrito-federal-se-preocupa-com-casos-de-leptospirose-apos-chuvas-e-enchentes.html
Joven Pan,Previsão de altas temperaturas e chuvas impactam produção de soja no Brasil,Condição climática esperada pelas próximas semanas é favorável para produção de soja,2024-01-05 20:02:03,https://jovempan.com.br/noticias/brasil/previsao-de-altas-temperaturas-e-chuvas-impactam-producao-de-soja-no-brasil.html
Joven Pan,Inmet emite alerta de chuvas intensas em diversas regiões do Brasil; veja previsão,Cidades do nordeste têm registrado altos volumes de chuva nos últimos dias,2024-01-05 13:03:05,https://jovempan.com.br/noticias/brasil/inmet-emite-alerta-de-chuvas-intensas-em-diversas-regioes-do-brasil-veja-previsao.html
Joven Pan,Chuvas intensas devem causar transtornos no Sul e Sudeste nesta sexta-feira,Regiões vivem alerta de tempestade devido aos ventos úmidos e corredor de umidade associado à ZCAS,2024-01-04 21:00:05,https://jovempan.com.br/noticias/brasil/chuvas-intensas-devem-causar-transtornos-no-sul-e-sudeste-nesta-sexta-feira.html
Joven Pan,São Paulo terá pancadas de chuvas isoladas e rápidas nesta quinta; RJ tem previsão de raios e temporais,"Previsão do tempo indica possibilidade de chuva em diversas regiões do Brasil, com destaque para Minas Gerais, Distrito Federal e Bahia",2024-01-04 07:03:02,https://jovempan.com.br/noticias/brasil/sao-paulo-tera-pancadas-de-chuvas-isoladas-e-rapidas-nesta-quinta-rj-tem-previsao-de-raios-e-temporais.html
Joven Pan,Regiões Sul e Nordeste devem ter chuva forte nesta quarta-feira,Tempestade nesta terça-feira deixou ruas de Porto Alegre inundadas; deve fazer calor em algumas áreas como Mato Grosso do Sul e oeste de São Paulo,2024-01-02 20:04:09,https://jovempan.com.br/noticias/brasil/regioes-sul-e-nordeste-devem-ter-chuva-forte-nesta-quarta-feira.html
Joven Pan,Janeiro deve ter chuvas e temperaturas acima da média no Brasil,Regiões do norte e nordeste vão ser as mais afetadas; expectativa é de um verão mais quente do que o de 2023,2024-01-01 12:02:03,https://jovempan.com.br/programas/jornal-da-manha/janeiro-deve-ter-chuvas-e-temperaturas-acima-da-media-no-brasil.html
Joven Pan,Bacia Amazônica registra menor volume de chuva em mais de 40 anos,Pesquisa do Centro Científico da União Europeia mostra os impactos dessa falta de chuva foram sentidos nos rios e na biodiversidade,2023-12-25 20:03:05,https://jovempan.com.br/noticias/brasil/bacia-amazonica-registra-menor-volume-de-chuva-em-mais-de-40-anos.html
Joven Pan,Deslizamentos de rochas são registrados na Chapada dos Guimarães na região do Portão do Inferno,Governo de Mato Grosso decretou situação de emergência na área,2023-12-25 10:04:08,https://jovempan.com.br/programas/jornal-da-manha/deslizamentos-de-sao-registrados-na-chapada-dos-guimaraes-na-regiao-do-portao-do-inferno.html
Joven Pan,Defesa Civil de São Paulo alerta para pancadas de chuva na véspera de Natal,"Durante a tarde deste sábado, 23, temporais causaram alagamentos na capital paulista, Região Metropolitana e interior",2023-12-24 10:05:01,https://jovempan.com.br/programas/jornal-da-manha/defesa-civil-de-sao-paulo-alerta-pancadas-de-chuva-na-vespera-de-natal.html
Joven Pan,Temporal com rajadas de vento provoca alagamentos e quedas de árvores em SP,"Pancadas de chuva devem ocorrer de forma isolada com intensidade moderada a forte em alguns momentos, elevando o potencial para a formação de alagamentos no domingo, 24",2023-12-23 18:03:04,https://jovempan.com.br/noticias/brasil/temporal-com-rajadas-de-vento-provoca-alagamentos-e-quedas-de-arvores-em-sp.html
Joven Pan,"Defesa Civil de SP alerta para Natal com chuva, rajadas de vento e até queda de granizo",Previsão é de oscilação da temperatura entre 20°C e 30°C na capital paulista,2023-12-23 12:01:08,https://jovempan.com.br/noticias/brasil/defesa-civil-de-sp-alerta-para-natal-com-chuva-rajadas-de-vento-e-ate-queda-de-granizo.html
Joven Pan,"Rio Grande do Sul entra em alerta para tempestades, e ventos podem chegar a 100 km/h","Segundo Inmet, há possibilidade de queda de granizo;estado foi atingido por por fortes chuvas nos últimos meses",2023-12-18 10:04:08,https://jovempan.com.br/noticias/brasil/rio-grande-do-sul-entra-em-alerta-para-tempestades-e-ventos-podem-chegar-a-100-km-h.html
Joven Pan,Onda de calor e alertas de chuva atingem regiões do Brasil; veja previsão,"Temperaturas podem chegar perto dos 40°C em cidades do interior de São Paulo, Rio de Janeiro e Minas Gerais; no Sul, chuva persiste no Rio Grande do Sul e em Santa Catarina",2023-12-15 08:01:00,https://jovempan.com.br/noticias/brasil/onda-de-calor-e-alertas-de-chuva-atingem-regioes-do-brasil-veja-previsao.html
Joven Pan,Governo de Alagoas alerta para desastre em mina da Braskem em Maceió: ‘Risco iminente de colapso’,"Administração estadual classifica o caso como ‘maior crime ambiental urbano do mundo’; presidente em exercício, Alckmin envia ministros para monitorar a região",2023-11-30 19:03:02,https://jovempan.com.br/noticias/brasil/governo-de-alagoas-alerta-para-desastre-em-mina-da-braskem-em-maceio-risco-iminente-de-colapso.html
Joven Pan,Prédio desaba em Gramado em decorrência das chuvas no Rio Grande do Sul,Todos os moradores do foram desalojados e não houve registro de feridos; temporais mataram cinco pessoas no Estado e deixaram mais de 24 mil pessoas desalojadas,2023-11-23 10:03:03,https://jovempan.com.br/noticias/brasil/predio-desaba-em-gramado-em-decorrencia-das-chuvas-no-rio-grande-do-sul.html
Joven Pan,Chuvas na região Sul do país deixam mais de 20 mil pessoas fora de casa,"Desde 15 de novembro, Rio Grande do Sul registrou vendavais, enxurradas, inundações, soterramentos e uma microexplosão; Santa Catarina está em alerta para novos temporais",2023-11-21 11:05:00,https://jovempan.com.br/noticias/brasil/chuvas-na-regiao-sul-do-pais-deixam-mais-de-20-mil-pessoas-fora-de-casa.html
Joven Pan,Chuvas deixam mais de 13 mil desalojados no RS; SC é atingida por quinto tornado,Pelo menos sete pessoas morreram em decorrências do temporais no Sul do país,2023-11-20 21:00:04,https://jovempan.com.br/noticias/brasil/chuvas-deixam-mais-de-13-mil-desalojados-no-rs-sc-e-atingida-por-quinto-tornado.html
Joven Pan,Rio Guaíba atinge maior nível desde histórica enchente de 1941 em Porto Alegre,Fortes chuvas que atingem o Rio Grande do Sul desde a última quarta-feira já causaram a morte de pelo menos quatro pessoas e deixaram 2.653 desabrigadas,2023-11-20 17:02:07,https://jovempan.com.br/noticias/brasil/rio-guaiba-atinge-maior-nivel-desde-historica-enchente-de-1941-em-porto-alegre.html
Joven Pan,Chuvas atingem 138 cidades no Rio Grande do Sul e deixam quatro pessoas mortas,"Corpo de homem arrastado dentro de veículo foi localizada a 13 metros de profundidade no Rio da Prata, em Vila Flores; ontem, duas mulheres morreram soterradas",2023-11-19 15:04:05,https://jovempan.com.br/noticias/brasil/chuvas-atingem-38-cidades-no-rio-grande-do-sul-e-deixa-tres-pessoas-mortas.html
Joven Pan,Tarcísio promete reforçar estruturas contra desastres em São Paulo,"Com a previsão de temporais em diferentes municípios, governador destacou que o Estado investirá em ações preventivas",2023-11-19 10:00:05,https://jovempan.com.br/programas/jornal-da-manha/tarcisio-promete-reforcar-estruturas-contra-desastres-em-sao-paulo.html
Joven Pan,"Defesa Civil diz que frente fria chega a SP no fim da tarde deste sábado e vai causar chuvas com granizo, raios e ventos fortes",Temporal deve atingir o Estado por volta das 16h com um acumulado de até 150 mm; ventania pode chegar até 100 km/h,2023-11-18 08:02:04,https://jovempan.com.br/programas/jornal-da-manha/defesa-civil-diz-que-frente-fria-chega-a-sp-no-fim-da-tarde-deste-sabado-e-vai-causar-chuvas-com-granizo-raios-e-ventos-fortes.html
Joven Pan,Enel monta plano de ação para enfrentar tempestades em São Paulo no final de semana,"Após chuvas que causaram grandes quedas de energia, empresa se prepara para atuar em novas ocorrências no fim de semana; novo canal de comunicação pretende facilitar registro de falta de luz",2023-11-17 15:01:00,https://jovempan.com.br/noticias/brasil/enel-monta-de-plano-acao-para-enfrentar-tempestades-em-sao-paulo-no-final-de-semana.html
Joven Pan,"Frente fria chega a São Paulo no final de semana, ameniza onda de calor, mas traz chuva e rajadas de vento","No domingo, 19, mínimas oscilam em torno dos 19°C, enquanto as máximas não devem superar os 25°C; termômetros devem chegar a 11°C na segunda-feira, 20",2023-11-17 14:02:04,https://jovempan.com.br/noticias/brasil/frente-fria-chega-a-sao-paulo-no-final-de-semana-ameniza-onda-de-calor-mas-traz-pancadas-de-chuva.html
Joven Pan,"Defesa Civil de SP mostra preocupação com efeitos das chuvas sobre a região metropolitana, o Vale do Ribeira e o litoral",Constantes queda de árvores nos últimos temporais deixa o órgão em alerta; governo do Estado vai anunciar a criação de um gabinete de crise contra os temporais que atingirá o território paulista nos próximos dias,2023-11-17 10:05:07,https://jovempan.com.br/programas/jornal-da-manha/defesa-civil-de-sp-mostra-preocupacao-com-efeitos-das-chuvas-sobre-a-regiao-metropolitana-o-vale-do-ribeira-e-o-litoral.html
Joven Pan,Tarcísio convoca reunião e cria gabinete de crise para chuva do fim de semana,"O governador de São Paulo vai anunciar hoje a criação do grupo, que vai funcionar até domingo",2023-11-17 07:04:03,https://jovempan.com.br/noticias/brasil/tarcisio-convoca-reuniao-e-cria-gabinete-de-crise-para-chuva-do-fim-de-semana.html
Joven Pan,Defesa Civil de São Paulo alerta para ventos fortes e tempestades,"Estado de atenção para fenômenos climáticos tem validade entre sexta-feira, 17, e domingo, 19",2023-11-16 12:03:04,https://jovempan.com.br/noticias/brasil/defesa-civil-de-sao-paulo-alerta-para-ventos-fortes-e-tempestades.html
Joven Pan,Bairros de São Paulo amanhecem sem luz após chuva na noite de quarta-feira,"Segundo a Enel, as Zonas Norte, Sul e Oeste da capital foram as mais afetadas pela nova falha; rajadas de vento e tempestades devem atingir o Estado nos próximos dias",2023-11-16 08:05:08,https://jovempan.com.br/noticias/brasil/bairros-de-sao-paulo-amanhecem-sem-luz-apos-chuva-na-noite-de-quarta-feira.html
Joven Pan,"SP e outras três capitais devem bater recorde na quinta, mas chuvas derrubam temperatura a partir da sexta","Chegada de frente fria ameniza onda de calor extremo que atinge o país desde a primeira semana de novembro; termômetros devem ultrapassar os 40ºC em Teresina, no Piauí",2023-11-15 14:04:06,https://jovempan.com.br/noticias/brasil/sp-e-outras-tres-capitais-devem-bater-recorde-na-quinta-mas-chuvas-derrubam-temperatura-a-partir-da-sexta.html
Joven Pan,"Calor extremo causa desconforto nas ruas, provoca tempestades e faz consumo de energia bater recorde histórico",Brasileiros sofrem com as altas temperaturas no trajeto para o trabalho ou a escola; Centro-Oeste e Sudeste podem ter problemas com chuva frequente e em grande volume,2023-11-14 12:05:01,https://jovempan.com.br/noticias/brasil/calor-extremo-causa-desconforto-no-transporte-publico-e-faz-consumo-de-energia-bater-recorde-historico.html
Joven Pan,Inmet alerta para risco de chuvas intensas no Rio Grande do Sul,População deve tomar precauções e buscar abrigo em locais seguros,2023-11-12 13:02:03,https://jovempan.com.br/noticias/brasil/inmet-alerta-para-risco-de-chuvas-intensas-no-rio-grande-do-sul.html
Joven Pan,São Paulo chega a oito mortes decorrentes das chuvas que castigaram o Estado,"Vítima estava internada após ser atingida por uma árvore, em Ibiúna, mas não resistiu aos ferimentos e morreu",2023-11-07 14:00:06,https://jovempan.com.br/noticias/brasil/sao-paulo-chega-a-oito-mortes-decorrentes-das-chuvas-que-castigaram-o-estado.html
Joven Pan,Bairros de São Paulo completam 6 horas sem luz após chuva; Enel não dá prazo para normalizar situação,"Várias regiões estão no ‘escuro’ após a tempestade atingir a capital paulista nesta sexta-feira, 3",2023-11-03 23:00:05,https://jovempan.com.br/noticias/brasil/bairros-de-sao-paulo-completam-6-horas-sem-luz-apos-chuva-enel-nao-da-prazo-para-normalizar-situacao.html
Joven Pan,Bienal ficará fechada neste sábado devido a estragos da chuva no Parque Ibirapuera,Organização da mostra de arte diz que visitação será retomada depois do ‘restabelecimento das condições’,2023-11-03 22:03:03,https://jovempan.com.br/noticias/brasil/bienal-ficara-fechada-neste-sabado-devido-a-estragos-da-chuva-no-parque-ibirapuera.html
Joven Pan,Chuvas causam queda de energia no Aeroporto de Congonhas,Jato executivo derrapou em razão da pista molhada e afetou sistema de pousos e decolagens do terminal; não houve feridos,2023-11-03 19:00:02,https://jovempan.com.br/noticias/brasil/chuvas-causam-queda-de-energia-no-aeroporto-de-congonhas.html
Joven Pan,"Fortes chuvas causam elevação de rios em Santa Catarina, e governo decreta estado de calamidade em 4 cidades","Precipitação fez com que o nível de água dos rios que cortam Jardinópolis, Quilombo e São Domingos se elevassem rapidamente; Laurentino, Rio do Oeste, Rio do Sul e Taió estão em situação de calamidade pública",2023-11-02 11:03:09,https://jovempan.com.br/noticias/brasil/fortes-chuvas-causam-elevacao-de-rios-em-santa-catarina-e-governo-decreta-estado-de-calamidade-em-4-cidades.html
Joven Pan,Bacia do Amazonas se recupera após pior seca em um século,"Nível do rio Negro subiu 17 centímetros nos últimos dias, interrompendo sequência de quedas que durou mais de 130 dias",2023-11-02 11:01:09,https://jovempan.com.br/noticias/brasil/bacia-do-amazonas-se-recupera-apos-pior-seca-em-um-seculo.html
Joven Pan,Fortes chuvas deixam mais de 7 mil pessoas desalojadas no Paraná,"Temporal afetou principalmente cidades como Nova Laranjeiras e Boa Esperança do Iguaçu, onde provocaram o transbordamento de rios e inundações",2023-10-29 08:03:03,https://jovempan.com.br/noticias/brasil/fortes-chuvas-deixam-mais-de-7-mil-pessoas-desalojadas-no-parana.html
Joven Pan,Inmet alerta para perigo de chuvas intensas em várias regiões do Brasil,Formação de nova frente fria deve trazer tempestades e temperaturas mais baixas no Centro-Sul do país neste fim de semana,2023-10-28 10:05:00,https://jovempan.com.br/noticias/brasil/inmet-alerta-para-perigo-de-chuvas-intensas-em-varias-regioes-do-brasil.html
Joven Pan,Ciclone extratropical trará chuva e vento forte para o Sul do Brasil,Temporais intensos e vendavais são esperados nas regiões Centro-Oeste e Sudeste,2023-10-23 17:05:01,https://jovempan.com.br/noticias/brasil/ciclone-extratropical-trara-chuva-e-vento-forte-para-o-sul-do-brasil.html
Joven Pan,Seca causa prejuízos a setores e muda a rotina de trabalhadores no Norte do Brasil,Transportes e turismo sofrem com rios quase sem água no Amazonas,2023-10-23 10:04:00,https://jovempan.com.br/programas/jornal-da-manha/seca-causa-prejuizos-a-setores-e-muda-a-rotina-de-trabalhadores-no-norte-do-brasil.html
Joven Pan,Santa Catarina soma seis mortos e mais de 27 mil desabrigados pelas chuvas,"Segundo último balanço do governo, mais de 130 municípios estão em situação de emergência; balsa vira durante travessia no Rio Uruguai, deixando uma pessoa desaparecida",2023-10-18 14:03:09,https://jovempan.com.br/noticias/brasil/santa-catarina-soma-seis-mortos-e-mais-de-27-mil-desabrigados-pelas-chuvas.html
Joven Pan,Frente fria deve trazer chuvas intensas para São Paulo,"No Sul do país, segundo previsão da MetSul, há previsão de temporais nos três Estados durante a primeira metade da semana",2023-10-16 19:00:08,https://jovempan.com.br/noticias/brasil/frente-fria-deve-trazer-chuvas-intensas-para-sao-paulo.html
Joven Pan,Seca no Amazonas faz Rio Negro atingir menor nível em mais de cem anos,"Marca negativa é a pior desde que Instituto Nacional de Pesquisas da Amazônia começou a fazer a medição, há 120 anos",2023-10-16 15:02:02,https://jovempan.com.br/noticias/brasil/seca-no-amazonas-faz-rio-negro-atingir-menor-nivel-em-mais-de-cem-anos.html
Joven Pan,Oktoberfest é suspensa em Blumenau devido às fortes chuvas que atingem Santa Catarina,"Chuva que também atinge o litoral causou a paralisação do evento até a noite de sexta-feira, 13",2023-10-12 20:00:08,https://jovempan.com.br/noticias/brasil/oktoberfest-e-suspensa-em-blumenau-devido-as-fortes-chuvas-que-atingem-santa-catarina.html
Joven Pan,Equipe do governo federal visita áreas afetadas por chuvas em Santa Catarina,"Liderada pelo ministro da Integração e do Desenvolvimento Regional, Waldez Góes, comitiva sobrevoou as cidades mais impactadas pelos temporais e se reuniu com o governador Jorginho Mello",2023-10-12 17:00:02,https://jovempan.com.br/noticias/brasil/equipe-do-governo-federal-visita-areas-afetadas-por-chuvas-em-santa-catarina.html
Joven Pan,Chuvas causam transtornos e atrasam voos nos aeroportos de São Paulo,"Tanto o Aeroporto de Congonhas, na zona sul da capital, quanto o Aeroporto Internacional de Guarulhos, na região metropolitana, foram afetados",2023-10-09 11:03:03,https://jovempan.com.br/noticias/brasil/chuvas-causam-transtornos-e-atrasam-voos-nos-aeroportos-de-sao-paulo.html
Joven Pan,Seca na região Norte deixa Floresta Amazônica ameaçada e pode ser ‘gota d’água’ para crise climática,"Causada pelo El Niño, estiagem favorece incêndios e prejudica ecossistema da região; segundo especialista, fenômeno era previsto, mas aviso não foi aproveitado",2023-10-08 07:00:00,https://jovempan.com.br/noticias/brasil/seca-na-regiao-norte-perda-da-floresta-amazonica-pode-ser-a-gota-d-agua-para-crise-climatica.html
Joven Pan,Governo de Santa Catarina coloca 82 cidades em estado de emergência por causa das chuvas,Medida visa garantir atendimento prioritário e a liberação de mantimentos e recursos para os municípios,2023-10-07 18:01:08,https://jovempan.com.br/noticias/brasil/governo-de-santa-catarina-coloca-82-cidades-em-estado-de-emergencia-por-causa-das-chuvas.html
Joven Pan,Oktoberfest Blumenau é suspensa após previsão de chuva; Rio Itajaí-açu deve chegar a 12 metros de altura,Prefeitura informou que o calendário do evento será estendido por uma semana,2023-10-06 10:00:09,https://jovempan.com.br/programas/jornal-da-manha/oktoberfest-blumenau-e-suspensa-apos-previsao-de-chuva-rio-itajai-acu-deve-chegar-a-12-metros-de-altura.html
Joven Pan,Governo antecipa pagamento de benefícios para vítimas da seca no Amazonas,"Em visita à áreas atingidas, o vice-presidente Geraldo Alckmin deu detalhes sobre o auxílio às famílias e agricultores impactados",2023-10-05 07:01:04,https://jovempan.com.br/programas/jornal-da-manha/governo-antecipa-pagamento-de-beneficios-para-vitimas-da-seca-no-amazonas.html
Joven Pan,São Paulo entra em estado de atenção para alagamentos devido a fortes chuvas,"Previsão para a próxima quinta-feira, 5, é de instabilidade com possibilidade de pancadas durante todo o dia na região metropolitana",2023-10-04 18:01:02,https://jovempan.com.br/noticias/brasil/sao-paulo-entra-em-estado-de-atencao-para-alagamentos-devido-a-fortes-chuvas.html
Joven Pan,Inmet emite alerta para fortes chuvas no Sul do Brasil; saiba mais,"Paraná, Santa Catarina e Rio Grande do Sul devem registrar chuvas de até 100mm nos próximos dias; região sul de São Paulo também deve sentir efeitos de frente fria que se aproxima",2023-10-04 11:01:07,https://jovempan.com.br/noticias/brasil/inmet-emite-alerta-para-fortes-chuvas-no-sul-do-brasil-saiba-mais.html
Joven Pan,Governo do Amazonas decreta estado de emergência ambiental após seca em setembro,"De acordo com o levantamento do Instituto Nacional de Pesquisas Espaciais (Inpe), foram registrados 6.991 focos de incêndio no mês",2023-10-02 07:01:06,https://jovempan.com.br/programas/jornal-da-manha/governo-do-amazonas-decreta-estado-de-emergencia-ambiental-apos-seca-em-setembro.html
Joven Pan,Bombeiros buscam homem que caiu em córrego durante chuvas em São Paulo,"Homem caiu em córrego na zona leste na quarta-feira, 27, quando um temporal com chuva de granizo atingir a capital paulista",2023-09-29 11:03:01,https://jovempan.com.br/noticias/brasil/bombeiros-buscam-homem-que-caiu-em-corrego-durante-chuvas-em-sao-paulo.html
Joven Pan,"Desastres climáticos causaram prejuízo de R$ 50,5 bilhões ao Brasil em 2023","Somente neste ano já foram 3.340 decretos de situação de emergência ou calamidade, além de 5,8 milhões de brasileiros diretamente afetados",2023-09-29 11:01:07,https://jovempan.com.br/programas/jornal-da-manha/desastres-climaticos-causaram-prejuizo-de-r-505-bilhoes-ao-brasil-em-2023.html
Joven Pan,Defesa Civil de SP admite dificuldades e quer mais recursos para ampliar prevenção de desastres,Diretor do órgão apresenta plano de ação de R$ 135 milhões para a compra de novos radares,2023-09-29 10:00:07,https://jovempan.com.br/programas/jornal-da-manha/defesa-civil-de-sp-admite-dificuldades-e-quer-mais-recursos-para-ampliar-prevencao-de-desastres.html
Joven Pan,Seca histórica provoca falta de água e comida no Amazonas,Governo prepara plano emergencial para evitar desabastecimento,2023-09-28 09:02:02,https://jovempan.com.br/programas/jornal-da-manha/seca-historica-provoca-falta-de-agua-e-comida-no-amazonas.html
Joven Pan,São Paulo entra em estado de alerta para alagamentos e queda de granizo,"Capital registrou chuvas intensas na tarde desta quarta-feira, 27; previsão para os próximos dias é de queda de temperatura e precipitação leve",2023-09-27 16:02:06,https://jovempan.com.br/noticias/brasil/sao-paulo-entra-em-estado-de-alerta-para-alagamentos-e-queda-de-granizo.html
Joven Pan,Primavera começa neste sábado com promessa de altas temperaturas em todo o país e chuvas no Sul,"Com o prolongamento da onda de calor que se espalhou pelo país na última semana do inverno, diversas cidades do país deverão registrar temperaturas recorde neste fim de semana",2023-09-23 12:00:08,https://jovempan.com.br/noticias/brasil/primavera-comeca-neste-sabado-com-promessa-de-altas-temperaturas-em-todo-o-pais-e-chuvas-no-sul.html
Joven Pan,"Morre Thayron, cachorro que atuou no resgate das vítimas do ciclone no RS","Corpo de Bombeiros homenageou o cão, que tinha 5 anos, nas redes sociais; fenômeno deixou ao menos 49 mortos no Estado",2023-09-22 23:05:04,https://jovempan.com.br/noticias/brasil/morre-thayron-cachorro-que-atuou-no-resgate-das-vitimas-do-ciclone-no-rs.html
Joven Pan,Chuvas no RS: Bombeiros encontram corpo de mulher e número de mortes chega a 49,"Restos mortais estava na cidade de São Valentim do Sul, interior do Estado",2023-09-19 22:05:08,https://jovempan.com.br/noticias/brasil/chuvas-no-rs-bombeiros-encontram-corpo-de-mulher-e-numero-de-mortes-chega-a-49.html
Joven Pan,Briga entre dois homens na Pedra do Telégrafo quase termina em tragédia,Durante desentendimento um dos rapazes quase despenca do famoso ponto turístico,2023-09-17 21:04:01,https://jovempan.com.br/noticias/brasil/briga-entre-dois-homens-na-pedra-do-telegrafo-viraliza-nas-redes-sociais.html
Joven Pan,Chuvas torrenciais causam mais inundações no RS; ciclone se afasta para o oceano,Chuva acumulada nos últimos dias supera média para o mês na maior parte do Estado,2023-09-14 10:04:04,https://jovempan.com.br/noticias/brasil/chuvas-torrenciais-causam-mais-inundacoes-no-rs-ciclone-se-afasta-para-o-oceano.html
Joven Pan,Novo ciclone extratropical se forma na noite desta quarta na costa do RS,Evento climático deve ser mais fraco do que o da semana passada e logo se afastará para o oceano; Estado vive mais um dia de fortes chuvas,2023-09-13 22:01:06,https://jovempan.com.br/noticias/brasil/novo-ciclone-extratropical-se-forma-na-noite-desta-quarta-na-costa-do-rs.html
Joven Pan,Veja como ajudar as vítimas de ciclone no RS,Cobertores e colchões estão entre os itens de maior necessidade para os afetados pelas inundações,2023-09-12 19:00:07,https://jovempan.com.br/noticias/brasil/veja-como-ajudar-as-vitimas-de-ciclone-no-rs.html
Joven Pan,Novo ciclone deve atingir o Rio Grande do Sul; autoridades continuam buscas por desaparecidos,"Segundo a Metsul Meteorologia, precipitação prevista para o Estado pode causar novas cheias e transbordamentos em rios já afetados",2023-09-11 10:04:06,https://jovempan.com.br/noticias/brasil/novo-ciclone-deve-atingir-o-rio-grande-do-sul-autoridades-continuam-buscas-por-desaparecidos.html
Joven Pan,Sobe para 46 o número de mortos no Rio Grande do Sul após passagem de ciclone,"De acordo com a Defesa Civil do Rio Grande do Sul, 46 pessoas ainda estão desaparecidas",2023-09-10 21:04:01,https://jovempan.com.br/noticias/brasil/sobe-para-46-o-numero-de-mortos-no-rio-grande-do-sul-apos-passagem-de-ciclone.html
Joven Pan,Alckmin anuncia R$ 741 milhões de recursos federais para cidades afetadas por chuvas no RS,"Presidente em exercício e comitiva de oito ministros acompanharam o governador Eduardo Leite na visita ao Vale do Taquari, região mais atingida",2023-09-10 17:04:05,https://jovempan.com.br/noticias/brasil/alckmin-anuncia-r-741-milhoes-de-recursos-federais-para-cidades-afetadas-por-chuvas-no-rs.html
Joven Pan,Número de mortes após passagem de ciclone no Rio Grande do Sul chega a 43,"Segundo novo boletim da Defesa Civil do Estado, 46 pessoas seguem desaparecidas, sendo 30 apenas na cidade de Muçum",2023-09-10 08:01:00,https://jovempan.com.br/noticias/brasil/numero-de-mortes-apos-passagem-de-ciclone-no-rio-grande-do-sul-chega-a-43.html
Joven Pan,Aumenta para 223 o número de feridos pela passagem de ciclone no Sul do país,"Cidades de Muçum, Lajeado e Arroio do Meio são as que mais têm mortos, feridos e desaparecidos",2023-09-09 16:03:04,https://jovempan.com.br/noticias/brasil/aumenta-para-223-o-numero-de-feridos-pela-passagem-de-ciclone-no-sul-do-pais.html
Joven Pan,Papa Francisco envia carta de solidariedade às vitimas de ciclone no RS,Pontífice pede reconstrução rápida e eficaz dos municípios atingidos e concedeu sua bênção apostólica a todos os atingidos pela enchente,2023-09-08 22:03:01,https://jovempan.com.br/noticias/brasil/papa-francisco-envia-carta-de-solidariedade-as-vitimas-de-ciclone-no-rs.html
Joven Pan,Leite vê ‘boa vontade’ do governo Lula e pede união após tragédia no RS: ‘Não podemos ser vítimas do desalento’,"Em entrevista à Jovem Pan News, o tucano disse que o seu principal pedido à União é que haja ‘facilitação na burocracia’ para acelerar reconstrução das cidades",2023-09-08 21:04:07,https://jovempan.com.br/noticias/brasil/leite-ve-boa-vontade-do-governo-lula-e-pede-uniao-apos-tragedia-no-rs-nao-podemos-ser-vitimas-do-desalento.html
Joven Pan,Receita Federal disponibiliza R$ 6 milhões em produtos apreendidos para famílias atingidas por ciclone no RS,Cerca de 30 mil itens são disponibilizadas à Defesa Civil do Estado,2023-09-08 19:04:07,https://jovempan.com.br/noticias/brasil/receita-federal-disponibiliza-r-6-milhoes-em-produtos-apreendidos-para-familias-atingidas-por-ciclone-no-rs.html
Joven Pan,Eduardo Leite anuncia R$ 1 bilhão em medidas emergenciais para afetados por ciclone no RS,Governador também enviará R$ 20 milhões para o restabelecimento dos sistemas de saúde de municípios atingidos; mais de 11 mil pessoas estão desalojadas,2023-09-08 19:04:07,https://jovempan.com.br/noticias/brasil/governo-do-rs-monta-gabinete-para-reconstrucao-pos-enchente.html
Joven Pan,Governo federal anuncia auxílio de R$ 800 por pessoa desabrigada por tragédia no Rio Grande do Sul,"União também vai enviar 20 mil cestas de alimentos e kit de medicamentos para 15 mil pessoas; até o momento, Estado registra 41 mortes",2023-09-08 14:03:04,https://jovempan.com.br/noticias/brasil/governo-federal-anuncia-auxilio-de-r-800-por-pessoa-desabrigada-por-tragedia-no-rio-grande-do-sul.html
Joven Pan,Rio Grande do Sul tem mais chuvas e alertas para inundações; 25 pessoas seguem desaparecidas,Escoamento dos rios que transbordaram e novas chuvas ameaçam inundar regiões que não foram afetadas pelo ciclone,2023-09-08 09:00:07,https://jovempan.com.br/noticias/brasil/rio-grande-do-sul-tem-alerta-para-mais-chuvas-e-inundacoes-25-pessoas-seguem-desaparecidas.html
Joven Pan,Número de mortos pelas chuvas no RS aumenta para 41; 25 estão desaparecidos,"Governo do Estado subiu o número de municípios afetados de 79 para 83 e pediu prioridade por doações de kits de higiene e itens de limpeza, além de cobertores e colchões",2023-09-07 19:01:04,https://jovempan.com.br/noticias/brasil/numero-de-mortos-pelas-chuvas-no-rs-aumenta-para-41-25-estao-desaparecidos.html
Joven Pan,Sobe para 39 o número de mortos pelas chuvas no RS; 9 seguem desaparecidos,"Até o momento, 79 municípios foram afetados, 2,500 pessoas ficaram desabrigadas e 3.500 desalojadas; no total, foram resgatadas 2.745 vítimas",2023-09-07 11:05:04,https://jovempan.com.br/noticias/brasil/sobe-para-39-o-numero-de-mortos-pelas-chuvas-no-rs-9-seguem-desaparecidos.html
Joven Pan,Caixa libera saque do FGTS para vítimas do ciclone no RS,"Valor máximo para retirada é de R$ R$ 6.220,00; Estado registrou 36 mortes e mais 2 mil desabrigados",2023-09-06 23:01:03,https://jovempan.com.br/noticias/economia/caixa-libera-saque-do-fgts-para-vitimas-do-ciclone-no-rs.html
Joven Pan,Mortos em passagem de ciclone no Rio Grande do Sul sobem para 36; SC tem 1 vítima,"Governador Eduardo Leite (PSDB) confirmou quatro novas mortes, sendo duas em Roca Sales, uma em Lajeado e outra em Estrela; ministros visitam áreas afetadas",2023-09-06 13:00:03,https://jovempan.com.br/noticias/brasil/mortos-em-passagem-de-ciclone-no-rio-grande-do-sul-sobem-para-31.html
Joven Pan,Sobe para 27 número de mortes no RS após passagem de ciclone e inundações,"Tragédia natural é a maior já registrada no Estado; ministros visitam áreas devastadas com o governador, que pede auxílio de aeronaves das Forças Armadas",2023-09-06 08:03:03,https://jovempan.com.br/noticias/brasil/sobe-para-27-numero-de-mortes-no-rs-apos-passagem-de-ciclone-e-inundacoes.html
Joven Pan,Ministros visitam nesta quarta-feira áreas devastadas por ciclone no RS,"Até o momento, foram confirmadas 21 mortes no Estado em decorrência do fenômeno",2023-09-06 06:02:04,https://jovempan.com.br/programas/jornal-da-manha/ministros-visitam-nesta-quarta-feira-areas-devastadas-por-ciclone-no-rs.html
Joven Pan,Eduardo Leite afirma que pode haver novas vítimas do ciclone no RS e lamenta: ‘Não tem sido um ano fácil’,Estado contabilizou 21 mortes até o momento e 1.650 desabrigados e 2.984 desalojados,2023-09-05 22:03:02,https://jovempan.com.br/noticias/brasil/eduardo-leite-afirma-que-pode-haver-novas-vitimas-do-ciclone-no-rs-e-lamenta-nao-tem-sido-um-ano-facil.html
Joven Pan,Cabo rompe e mulher morre durante resgate após ciclone extratropical no RS,Brigadista que ajudava a içar a vítima foi encontrado e está em estado grave em hospital da região de Lajeado,2023-09-05 18:05:05,https://jovempan.com.br/noticias/brasil/cabo-rompe-e-mulher-morre-durante-resgate-apos-ciclone-extratropical-no-rs.html
Joven Pan,Rio Grande do Sul chega a 21 mortes em decorrência de ciclone,"Segundo a Defesa Civil, bombeiros encontraram 15 corpos em Muçum; Santa Catarina registrou um óbito",2023-09-05 16:02:09,https://jovempan.com.br/noticias/brasil/numero-de-mortes-apos-chuvas-no-rio-grande-do-sul-sobe-para-21.html
Joven Pan,Chegada de ciclone extratropical deixa Sul em alerta para temporais e vendavais,Formação de frente-fria deve afetar também o Sudeste e deixar clima da região instável antes do feriado de 7 de setembro,2023-09-04 09:03:04,https://jovempan.com.br/noticias/brasil/chegada-de-ciclone-extratropical-deixa-sul-em-alerta-para-temporais-e-vendavais.html
Joven Pan,Passagem de ciclone traz frente fria à região Sul do Brasil,"Fenômeno começará a se formar madrugada desta segunda-feira, 4, no oeste do Estado; Defesa Civil alerta para temporais, descargas elétricas, eventual queda de granizo e rajadas de vento",2023-09-02 17:01:00,https://jovempan.com.br/noticias/brasil/passagem-de-ciclone-traz-frente-fira-a-regiao-sul-do-brasil.html
Joven Pan,Chegada de frente fria derruba temperaturas em São Paulo e pode causar fortes chuvas,"Após onda de calor fora de época, capital paulista terá fim de semana com mínimas indo de 11º C a 13º C e máximas variando entre 15º C e 18º C",2023-08-25 10:01:08,https://jovempan.com.br/noticias/brasil/chegada-de-frente-fria-derruba-temperaturas-em-sao-paulo-e-pode-causar-fortes-chuvas.html
Joven Pan,Governo de SP entrega 10 prédios para famílias vítimas das chuvas em São Sebastião,"Em 6 meses, o Estado disponibilizou mais de R$ 800 milhões para recuperar a região e mais de 700 moradias definitivas começam a ser entregues a partir de outubro",2023-08-19 09:04:07,https://jovempan.com.br/programas/jornal-da-manha/governo-de-sp-entrega-10-predios-para-familias-vitimas-das-chuvas-em-sao-sebastiao.html
Joven Pan,"Ciclone deve provocar chuva, ventos e granizo no Sul, com reflexos no Sudeste","Frente que passa pelos três Estados sulistas deve atingir São Paulo com chuvas entre a tarde e a noite desta sexta-feira, 18; tempo firme segue em Minas Gerais, Rio de Janeiro e Espírito Santo",2023-08-18 09:02:01,https://jovempan.com.br/programas/jornal-da-manha/ciclone-deve-provocar-chuva-rajadas-de-vento-e-granizo-no-sul-e-sudeste.html
Joven Pan,Novo ciclone extratropical deve provocar fortes chuvas no Sul e em SP,Regiões entre o norte gaúcho e a divisa entre São Paulo e Paraná podem ser atingidas por temporais acompanhados de fortes rajadas de vento,2023-08-16 10:03:01,https://jovempan.com.br/noticias/brasil/novo-ciclone-extratropical-deve-provocar-fortes-chuvas-no-sul-e-em-sp.html
Joven Pan,Chuva de meteoros mais popular do mundo tem pico neste final de semana; saiba como ver,"Fenômeno favorece os observadores do hemisfério norte; no Brasil, visibilidade será maior nas regiões Norte e Nordeste",2023-08-12 12:01:01,https://jovempan.com.br/noticias/brasil/chuva-de-meteoros-mais-popular-do-mundo-tem-pico-neste-final-de-semana-saiba-como-ver.html
Joven Pan,Rio Grande do Sul poderá ter novo ciclone esta semana,Previsão é de chuva e de ventos de até 60 km/h,2023-07-24 22:05:05,https://jovempan.com.br/noticias/brasil/rio-grande-do-sul-podera-ter-novo-ciclone-esta-semana.html
Joven Pan,Santa Catarina registra neve e temperaturas abaixo de zero após ciclone,Moradores e turistas presenciaram os flocos de neve em quatro municípios durante a madrugada desta sexta-feira,2023-07-14 18:05:04,https://jovempan.com.br/noticias/brasil/santa-catarina-registra-neve-e-temperaturas-abaixo-de-zero-apos-ciclone.html
Joven Pan,Passageiros ficam cerca de 10 horas presos em trem no PR durante ciclone,"Segundo a empresa Serra Verde Express, paralisação foi necessária devido aos galhos e árvores nos trilhos; passeios desta sexta foram cancelados",2023-07-14 13:01:03,https://jovempan.com.br/noticias/brasil/passageiros-ficam-cerca-de-10-horas-presos-em-trem-no-pr-durante-ciclone.html
Joven Pan,"Após ciclone, meteorologista alerta para onda de frio abaixo de 10ºC","Em entrevista ao Jornal da Manhã, da Jovem Pan News, a meteorologista do Climatempo, Maria Clara Sassaki, deu mais detalhes sobre a passagem do fenômeno pelo Brasil e a respeito do inverno de 2023",2023-07-14 09:04:02,https://jovempan.com.br/programas/jornal-da-manha/apos-ciclone-meteorologista-alerta-para-onda-de-frio-abaixo-de-10oc.html
Joven Pan,Duas pessoas morrem durante passagem de ciclone extratropical pelo Estado de São Paulo,"Uma mulher, de 80 anos, morreu após sofrer uma descarga elétrica, em Itanhaém; a outra vítima foi uma jovem, de 24 anos, que morreu após uma queda de um árvore sobre um veículo",2023-07-13 19:00:00,https://jovempan.com.br/noticias/brasil/duas-pessoas-morrem-durante-passagem-de-ciclone-extratropical-pelo-estado-de-sao-paulo.html
Joven Pan,"Ciclone provoca ventos de mais de 120 km/h, inundações e falta de energia para milhares no Sul do país",RS tem 468 mil pontos sem luz; ventos na cidade catarinense de Bom Jesus da Serra chegaram a 127 km/h,2023-07-13 08:04:00,https://jovempan.com.br/noticias/brasil/ciclone-provoca-ventos-de-mais-de-120-km-h-inundacoes-e-falta-de-energia-para-milhares-no-sul-do-pais.html
Joven Pan,"Ciclone coloca Rio Grande do Sul e parte de Santa Catarina em grande perigo, alerta Inmet","CENAD informou no fim desta quarta-feira que três ficaram feridos, 14 estão desalojados e nove desabrigados no Rio Grande do Sul",2023-07-13 00:00:01,https://jovempan.com.br/noticias/brasil/ciclone-coloca-rio-grande-do-sul-e-parte-de-santa-catarina-em-grande-perigo-alerta-inmet.html
Joven Pan,Ciclone no Sul pode trazer ventos de até 90 km/h em SP e derrubar a temperatura no Estado,"Fenômeno deve ocorrer entre quinta-feira, 13, e sexta-feira, 14, quando o frio deve ter mais intensidade",2023-07-12 22:02:00,https://jovempan.com.br/noticias/brasil/ciclone-no-sul-pode-trazer-ventos-de-ate-90-km-h-em-sp-e-derrubar-a-temperatura-no-estado.html
Joven Pan,"Ciclone que atinge o Sul tem expectativa de ventos acima de 100 km/h, alerta capitão da Defesa Civil","Fenômeno começara a se formar na madrugada desta quarta-feira, 12, entre o Paraguai e a Argentina, e deverá atingir o Brasil no período da tarde",2023-07-12 11:00:03,https://jovempan.com.br/programas/jornal-da-manha/ciclone-que-atinge-o-sul-tem-expectativa-de-ventos-acima-de-100-km-h-alerta-capitao-da-defesa-civil.html
Joven Pan,"Chuvas em Alagoas e Pernambuco invadem casas, deixam um morto e atingem mais de 25 mil pessoas",Uma pessoa faleceu no município de Joaquim Gomes; mais de 21  mil pessoas estão dasalojadas,2023-07-10 20:03:06,https://jovempan.com.br/noticias/brasil/chuvas-em-alagoas-e-pernambuco-invadem-casas-deixam-um-morto-e-atingem-mais-de-25-mil-pessoas.html
Joven Pan,Pernambuco e Alagoas somam 41 municípios em situação de emergência por chuvas,"Número de pessoas afetadas é superior a 24 mil, conforme dados divulgados pela Defesa Civil de cada Estado",2023-07-09 15:00:01,https://jovempan.com.br/noticias/brasil/pernambuco-e-alagoas-somam-41-municipios-em-situacao-de-emergencia-por-chuvas.html
Joven Pan,Alagoas decreta emergência em 29 cidades após chuvas; prefeita é criticada por foto em enchente,"De acordo com o último balanço da Defesa Civil, uma pessoa morreu e outras 16.424 foram afetadas pelas chuvas até o momento",2023-07-08 19:03:06,https://jovempan.com.br/noticias/brasil/alagoas-decreta-emergencia-em-29-cidades-apos-chuvas-prefeita-e-criticada-por-foto-em-enchente.html
Joven Pan,"Nos 15 anos da Lei Seca, Detran-SP registra recorde no número de fiscalizações","Com 25.850 mil veículos abordados, índice cresceu 28% em relação ao mês de maio, de acordo com dados obtidos pelo site da Jovem Pan",2023-07-06 16:05:06,https://jovempan.com.br/noticias/brasil/nos-15-anos-da-lei-seca-detran-sp-registra-recorde-no-numero-de-fiscalizacoes.html
Joven Pan,Ciclone se forma no litoral do Sudeste e sobe para o Nordeste; saiba o que pode acontecer,"Com deslocamento do sistema rumo ao Norte, São Paulo e Rio de Janeiro podem registrar recorde de frio nesta terça-feira",2023-07-03 16:00:03,https://jovempan.com.br/noticias/brasil/ciclone-se-forma-no-litoral-do-sudeste-e-sobe-para-o-nordeste-saiba-o-que-pode-acontecer.html
Joven Pan,Sobe para 13 o número de mortos em decorrência do ciclone que atingiu o Rio Grande do Sul,"Pequena cidade gaúcha de Caraá, de apenas 8 mil habitantes, confirmou duas novas vítimas e também concentra as quatro pessoas que ainda estão desaparecidas",2023-06-18 13:02:07,https://jovempan.com.br/noticias/brasil/sobe-para-13-o-numero-de-mortos-em-decorrencia-do-ciclone-que-atingiu-o-rio-grande-do-sul.html
Joven Pan,Sobe para 11 o número de mortos por causa do ciclone que atinge o RS; 19 estão desaparecidos,"As buscas por sobreviventes e vítimas seguem em andamento e, segundo as autoridades, já são 39 municípios atingidos, com registro de 2.330 desabrigados e 282 desalojados",2023-06-17 10:03:07,https://jovempan.com.br/noticias/brasil/sobe-para-cinco-o-numero-de-mortos-por-causa-do-ciclone-que-atinge-o-rs-11-seguem-desaparecidos.html
Joven Pan,Três pessoas morrem e 12 estão desaparecidas após ciclone atingir o Sul do país,Fenômeno também causou inundações e deslizamentos; autoridades suspendem aulas,2023-06-16 18:02:04,https://jovempan.com.br/noticias/brasil/tres-pessoas-morrem-e-12-estao-desaparecidas-apos-ciclone-atingir-o-sul-do-pais.html
Joven Pan,Briga de trânsito acaba em tragédia em área nobre de Fortaleza,"Segundo a polícia, o motorista do carro foi preso em flagrante suspeito de atropelar e matar a garupa da moto",2023-06-16 15:04:02,https://jovempan.com.br/noticias/brasil/briga-de-transito-acaba-em-tragedia-em-area-nobre-de-fortaleza.html
Joven Pan,Ciclone extratropical: confira por onde vai passar e entenda como se forma,"Fenômeno atinge os Estados do Sul do país desde quarta-feira, 14, e causou estragos no sul catarinense e no norte gaúcho",2023-06-16 11:03:03,https://jovempan.com.br/noticias/brasil/ciclone-extratropical-confira-por-onde-vai-passar-e-entenda-como-se-forma.html
Joven Pan,Defesa Civil alerta para queda de temperaturas e fortes chuvas após passagem de ciclone em SC,Governo do Estado divulgou material com dicas e recomendações para lidar com dias frios e regiões alagadas durante a passagem do fenômeno,2023-06-14 16:02:05,https://jovempan.com.br/noticias/brasil/defesa-civil-alerta-para-queda-de-temperaturas-e-fortes-chuvas-apos-passagem-de-ciclone-em-sc.html
Joven Pan,"Fortes chuvas voltam a castigar áreas em São Sebastião, litoral norte de São Paulo",Cidade que foi atingida por fortes temporais em fevereiro registrou deslizamentos de terra e ruas alagadas; previsão é de que esse volume chegue a quase 180 mm de chuva,2023-06-14 07:01:00,https://jovempan.com.br/programas/jornal-da-manha/fortes-chuvas-voltam-a-castigar-areas-em-sao-sebastiao-litoral-norte-de-sao-paulo.html
Joven Pan,Defesa Civil emite alerta para fortes chuvas no Litoral Norte de São Paulo,"Na capital, na Região Metropolitana e em Sorocaba, são esperadas chuvas moderadas; órgão pede para que população deixem áreas de risco ao encontrarem sinais de possíveis deslizamentos",2023-06-13 17:01:09,https://jovempan.com.br/noticias/brasil/defesa-civil-emite-alerta-para-fortes-chuvas-no-litoral-norte-de-sao-paulo.html
Joven Pan,Guaidó participa de audiência na Câmara brasileira e diz que ‘tragédia do povo venezuelano não é narrativa’,"Opositor do presidente Nicolás Maduro na Venezuela voltou a criticar duramente o mandatário, acusado de implementar uma ditadura no país vizinho",2023-05-31 19:01:05,https://jovempan.com.br/noticias/brasil/guaido-participa-de-audiencia-na-camara-brasileira-recebe-apoio-de-deputados-e-diz-que-tragedia-do-povo-venezuelano-nao-e-narrativa.html
Joven Pan,"Três meses após tragédia, São Sebastião trabalha para recuperar estruturas destruídas pelas chuvas",Cidade no litoral de São Paulo foi atingida por fortes chuvas que provocaram 65 mortes; volume de precipitação foi o maior já registrados no país em 24 horas,2023-05-19 08:05:07,https://jovempan.com.br/programas/jornal-da-manha/tres-meses-apos-tragedia-sao-sebastiao-trabalha-para-recuperar-estruturas-destruidas-pelas-chuvas.html
Joven Pan,Chega a 70 o número de municípios no MA em emergência por causa da chuva,Mais de 40 mil famílias foram afetadas com 8.434 desabrigados/desalojados e seis mortos,2023-04-15 17:01:05,https://jovempan.com.br/noticias/brasil/chega-a-70-o-numero-de-municipios-no-ma-em-emergencia-por-causa-da-chuva.html
Joven Pan,Chuvas fortes deixam 64 cidades no Maranhão em estado de emergência,"De acordo com o Corpo de Bombeiros, 35.894 famílias foram afetadas pelas inundações e 7.757 estão desabrigadas e desalojadas",2023-04-08 07:05:07,https://jovempan.com.br/programas/jornal-da-manha/chuvas-fortes-deixam-64-cidades-no-maranhao-em-estado-de-emergencia.html
Joven Pan,"Com alerta de chuvas em SP, coronel da Defesa Civil pede ‘atenção especial’ a moradores de áreas de risco","De acordo com o órgão, há risco de desabamentos, desmoronamentos, deslizamentos, inundações e alagamentos nas áreas mais vulneráveis do leste do Estado",2023-04-06 10:05:04,https://jovempan.com.br/programas/jornal-da-manha/com-alerta-de-chuvas-em-sp-coronel-da-defesa-civil-pede-atencao-especial-a-moradores-de-areas-de-risco.html
Joven Pan,Corpo de passista arrastado por enchente durante temporal no Rio de Janeiro é encontrado,Tancredo Augusto da Silva fazia parte da Mangueira e desapareceu na última quinta-feira,2023-04-03 06:03:09,https://jovempan.com.br/programas/jornal-da-manha/sobe-para-tres-o-numero-de-mortos-por-temporal-da-semana-passada-no-rio-de-janeiro.html
Joven Pan,"Temporais, vendaval e ressaca marítima: Estado de SP tem risco de desastres naturais no final de semana","Em entrevista ao Jornal da Manhã, da Jovem Pan News, o capitão Felipe Carmelo Torres Zaupa falou sobre as chuvas que devem atingir diversas regiões e o trabalho de prevenção",2023-04-01 13:02:03,https://jovempan.com.br/programas/jornal-da-manha/temporais-vendaval-e-ressaca-maritima-estado-de-sp-tem-risco-de-desastres-naturais-no-final-de-semana.html
Joven Pan,Chuva no fim de semana: Defesa Civil alerta para temporais no Estado de São Paulo; veja áreas afetadas,Órgão pede que população que vive em áreas de risco fique atenta a sinais de deslizamento de terra e deixe suas casas se notarem algo fora do comum,2023-03-31 16:01:04,https://jovempan.com.br/noticias/brasil/chuva-no-fim-de-semana-defesa-civil-alerta-para-temporais-no-estado-de-sao-paulo-veja-areas-afetadas.html
Joven Pan,"Ciclone bomba pode atingir Rio de Janeiro e litoral paulista neste fim de semana, aponta Climatempo","Fenômeno pode causar fortes temporais e ressaca nos dois estados; ondas podem chegar até 3,5 metros",2023-03-31 15:02:02,https://jovempan.com.br/noticias/brasil/ciclone-bomba-pode-atingir-rio-de-janeiro-e-litoral-paulista-neste-fim-de-semana-aponta-climatempo.html
Joven Pan,Estragos causados pelas chuvas deixam 1.532 municípios em situação de emergência no Brasil,Governo federal prepara um plano para conter as destruições provocadas pelos temporais,2023-03-27 22:05:03,https://jovempan.com.br/noticias/brasil/estragos-causados-pelas-chuvas-deixam-1-532-municipios-em-situacao-de-emergencia-no-brasil.html
Joven Pan,Ministros visitam Rio Branco após estragos causados pelas chuvas,"Recursos federais serão destinados para a capital do Acre, que registrou mais de 32 mil pessoas atingidas por enchente e transbordamento de igarapés",2023-03-26 17:02:07,https://jovempan.com.br/noticias/brasil/ministros-visitam-rio-branco-apos-estragos-causados-pelas-chuvas.html
Joven Pan,São Paulo usou apenas 4% da verba anual para combate a enchentes e alagamentos até agora,Somente R$ 23 milhões dos quase R$ 573 milhões empenhados foram usados até o momento,2023-03-26 09:01:00,https://jovempan.com.br/programas/jornal-da-manha/sao-paulo-usou-apenas-4-da-verba-para-combate-a-enchentes-e-alagamentos-em-2023-ate-agora.html
Joven Pan,"Chuvas causam enchentes, arrastam casas e deixam região Norte em situação caótica","Temporal afetou 32 mil pessoas apenas em Rio Branco, capital do Acre; Estado do Maranhão, no Nordeste, também foi atingido",2023-03-25 20:05:03,https://jovempan.com.br/noticias/brasil/chuvas-causam-enchentes-arrastam-casas-e-deixam-regiao-norte-em-situacao-caotica.html
Joven Pan,"Com apoio do G10 Favelas, vítimas das enchentes em SP recebem marmitas e doações","Em parceria com o projeto social Mãos de Maria a instituição iniciou, nesta terça-feira, 14, uma campanha para acolher a população da região do Jardim Pantanal",2023-03-15 14:04:05,https://jovempan.com.br/programas/jornal-da-manha/com-apoio-do-g10-favelas-vitimas-das-enchentes-em-sp-recebem-marmitas-e-doacoes.html
Joven Pan,Chuva deixa pessoas ilhadas e carros submersos em São Paulo; corpo de mulher é encontrado no Tietê,"Corpo de Bombeiros registrou ao menos 25 chamados para quedas de árvores, 68 de enchentes e três desabamentos; CET contabilizava mais de 615 km de congestionamento por volta das 20h",2023-03-13 16:02:06,https://jovempan.com.br/noticias/brasil/chuva-volta-a-provocar-alagamentos-e-coloca-toda-a-cidade-de-sp-em-estado-de-alerta.html
Joven Pan,Projetos não avançam na Câmara Municipal de São Sebastião e atrasam recuperação após chuvas,"De acordo com a reportagem da Jovem Pan News, parlamentares alegam que gostariam de um maior detalhamento e informações sobre os projetos e que temem um maior endividamento da cidade",2023-03-13 11:01:09,https://jovempan.com.br/programas/jornal-da-manha/projetos-nao-avancam-na-camara-municipal-de-sao-sebastiao-e-atrasam-recuperacao-apos-chuvas.html
Joven Pan,"Deslizamento de terra em Manaus deixa ao menos oito mortos, incluindo quatro crianças","Quatro vítimas pertenciam a uma mesma família; uma pessoa foi resgatada ainda com vida, mas não resistiu aos ferimentos",2023-03-13 11:01:02,https://jovempan.com.br/noticias/brasil/deslizamento-de-terra-em-manaus-deixa-ao-menos-oito-mortos-incluindo-quatro-criancas.html
Joven Pan,Forte chuva paralisa trens da CPTM e alaga avenidas pela cidade de São Paulo,Linha 10-turquesa ficou paralisada por mais de uma hora entre as estações São Caetano do Sul e Santo André; bairros da Zona Leste são afetados,2023-03-11 20:01:09,https://jovempan.com.br/noticias/brasil/forte-chuva-paralisa-trens-da-cptm-e-alaga-avenidas-pela-cidade-de-sao-paulo.html
Joven Pan,"‘Virou uma piscina de 2 metros de altura’, diz Ricardo Nunes sobre enchente em bairro de SP","Acúmulo de água em praça na região de Moema foi causado por obstrução indevida de viela sanitária e interrupção da drenagem; previsão é de novos temporais até a próxima terça-feira, 14",2023-03-11 13:01:02,https://jovempan.com.br/programas/jornal-da-manha/virou-uma-piscina-de-2-metros-de-altura-diz-ricardo-nunes-sobre-enchente-em-bairro-de-sp.html
Joven Pan,"Chuva na Grande São Paulo causa enchentes, derruba mais de 80 árvores e provoca deslizamento em Guarulhos",Corpo de Bombeiros registrou 31 ocorrências de alagamentos; capital enfrentou temporal pelo terceiro dia seguido,2023-03-10 17:00:04,https://jovempan.com.br/noticias/brasil/chuva-na-grande-sao-paulo-causa-enchentes-derruba-mais-de-70-arvores-e-provoca-deslizamento-em-guarulhos.html
Joven Pan,Moradores do Brooklin reclamam de alagamentos durante chuvas em São Paulo,"Em denúncia enviada à Jovem Pan, morador relata situação e diz que vias ficam ‘intransitáveis’ quando chove no bairro da Zona Sul da capital paulista",2023-03-10 07:05:03,https://jovempan.com.br/programas/jornal-da-manha/moradores-do-brooklin-reclamam-de-alagamentos-durante-chuvas-em-sao-paulo.html
Joven Pan,"Chuva em SP: Mulher morre em enchente, e Estado registra desabamentos, queda de árvores e alagamentos","Em Mauá, telhado caiu devido o vendaval e deixou duas crianças feridas; CET suspende rodízio municipal de veículos",2023-03-08 18:02:00,https://jovempan.com.br/noticias/brasil/chuva-deixa-sao-paulo-em-alerta-provoca-desabamentos-queda-de-arvores-e-enchentes.html
Joven Pan,Governo prorroga prazo para atingidos por chuva no litoral norte pagarem tributos federais,"Medida vai auxiliar a população nos municípios de Guarujá, Bertioga, São Sebastião, Caraguatatuba, Ilhabela e Ubatuba",2023-03-07 16:04:06,https://jovempan.com.br/noticias/brasil/governo-prorroga-prazo-para-atingidos-por-chuva-no-litoral-norte-pagarem-tributos-federais.html
Joven Pan,Fundo Social de SP suspende recebimento de doações para vítimas das chuvas no litoral e recruta mais voluntários,"Quem deseja se voluntariar para auxiliar na triagem das doações e abastecimento dos caminhões, deve enviar um e-mail para doacoesfussp@sp.gov.br",2023-03-02 12:01:03,https://jovempan.com.br/programas/jornal-da-manha/fundo-social-de-sp-suspende-recebimento-de-doacoes-para-vitimas-das-chuvas-no-litoral-e-recruta-mais-voluntarios.html
Joven Pan,Moradores de São Sebastião tentam retomar a normalidade da vida após a tragédia,"Após limpeza das ruas, população conta com doações e ainda teme novos incidentes quando chove",2023-03-02 12:00:07,https://jovempan.com.br/programas/jornal-da-manha/moradores-de-sao-sebastiao-tentam-retomar-a-normalidade-da-vida-apos-a-tragedia.html
Joven Pan,Tráfego na Rio-Santos será suspenso preventivamente quando houver novos sinais de deslizamentos,"Temporais afetam o litoral norte de São Paulo, levando autoridades a se anteciparem a eventos trágicos que podem ocorrer",2023-03-01 07:02:00,https://jovempan.com.br/programas/jornal-da-manha/rodovia-rio-santos-passa-a-ser-interditada-preventivamente-diante-de-riscos-de-deslizamentos.html
Joven Pan,Defesa Civil alerta para chuvas fortes no litoral norte de SP até quinta-feira,"Nesta terça-feira, bombeiros ficaram ilhados e Rio-Santos foi interditada por novos deslizamentos",2023-02-28 21:05:08,https://jovempan.com.br/noticias/brasil/defesa-civil-alerta-para-chuvas-fortes-no-litoral-norte-de-sp-ate-quinta-feira.html
Joven Pan,Novo temporal no litoral norte de SP deixa 34 bombeiros ilhados em local da tragédia,DER informou que um trecho da Rio-Santos foi suspenso temporariamente; Defesa Civil alerta para possíveis novos deslizamentos,2023-02-28 18:01:00,https://jovempan.com.br/noticias/brasil/novo-temporal-no-litoral-norte-de-sp-deixa-34-bombeiros-ilhados-em-local-da-tragedia.html
Joven Pan,Novos deslizamentos em São Sebastião provocam três pontos de interdição na rodovia Rio-Santos,"Previsão do Corpo de Bombeiros é de que o fluxo de veículos seja retomado ainda nesta terça, com trabalhos de desobstrução realizados desde a madrugada",2023-02-28 07:02:07,https://jovempan.com.br/noticias/brasil/novos-deslizamentos-em-sao-sebastiao-provocam-tres-pontos-de-interdicao-na-rodovia-rio-santos.html
Joven Pan,Chuvas prejudicam trabalhos de equipes de buscas em São Sebastião,Ao menos uma pessoa segue desaparecida no município Baleia Verde; volta dos temporais preocupam autoridades,2023-02-28 06:04:09,https://jovempan.com.br/programas/jornal-da-manha/chuvas-prejudicam-trabalhos-de-equipes-de-buscas-em-sao-sebastiao.html
Joven Pan,Prefeitura de Ubatuba pede para que turistas retornem ao município após chuvas,"Segundo a administração local, os serviços voltaram a funcionar normalmente na cidade; na semana passada, governador pediu para que população evite o litoral paulista em razão dos estragos causados pelo temporal",2023-02-27 17:00:02,https://jovempan.com.br/noticias/brasil/prefeitura-de-ubatuba-pede-para-que-turistas-retornem-ao-municipio-apos-chuvas.html
Joven Pan,Sobe para 64 o número de mortos pelas chuvas no litoral norte de SP; Bombeiros buscam último desaparecido,Total de desabrigados e desalojados caiu para 2.440 após início das ações para realocar a população em espaços seguros,2023-02-26 10:04:05,https://jovempan.com.br/noticias/brasil/sobe-para-64-o-numero-de-mortos-pelas-chuvas-no-litoral-norte-de-sp-bombeiros-buscam-ultimo-desaparecido.html
Joven Pan,"Após uma semana das chuvas no litoral, governo de SP foca retomada social e econômica das cidades afetadas","Com seis pessoas ainda desaparecidas, administração pública mantém operações de busca e resgate, mas tenta agilizar ações para abrigar as mais de 4 mil pessoas que ficaram sem suas casas, além de abrir linhas de crédito especiais para empresas",2023-02-26 08:02:05,https://jovempan.com.br/noticias/brasil/apos-uma-semana-das-chuvas-no-litoral-governo-de-sp-foca-retomada-social-e-economica-das-cidades-afetadas.html
Joven Pan,Alckmin diz que governo estuda usar moradias em Bertioga para realocar vítimas das chuvas,Vice-presidente do Brasil sobrevoou o litoral neste sábado e se reuniu com autoridades locais para discutir ações às pessoas mais afetadas,2023-02-25 13:00:08,https://jovempan.com.br/noticias/brasil/alckmin-diz-que-governo-estuda-usar-moradias-em-bertioga-para-realocar-vitimas-das-chuvas.html
Joven Pan,Papa Francisco presta solidariedade às vítimas das chuvas no litoral norte de São Paulo,Vídeo em que o pontífice envia suas orações foi publicado nas redes sociais pela prefeitura de São Sebastião,2023-02-25 11:02:00,https://jovempan.com.br/noticias/brasil/papa-francisco-presta-solidariedade-as-vitimas-das-chuvas-no-litoral-norte-de-sao-paulo.html
Joven Pan,Caixa Econômica começa a liberar benefícios para vítimas das chuvas no litoral norte de SP,"Saque Calamidade do FGTS e antecipação do Auxílio Brasil, que volta a se chamar Bolsa Família, estão dentro do pacote anunciado pela instituição",2023-02-25 07:04:06,https://jovempan.com.br/programas/jornal-da-manha/caixa-economica-comeca-a-liberar-beneficios-para-vitimas-das-chuvas-no-litoral-norte-de-sp.html
Joven Pan,"Sexto dia após tragédia em São Sebastião tem temporal, buscas suspensas e fiscalização contra preços abusivos","Até o momento, há 57 pessoas mortas e outras 4.066 fora de suas casas; agentes da Polícia Civil e do Procon já fiscalizaram 22 estabelecimentos em operação conjunta",2023-02-24 19:00:03,https://jovempan.com.br/noticias/brasil/temporal-volta-a-atingir-sao-sebastiao-e-provoca-interdicao-total-de-trecho-da-rio-santos.html
Joven Pan,Governo de SP libera mais de R$ 350 milhões em crédito para afetados por chuvas no litoral norte,"Iniciativa beneficia microempreendedores, empresas, municípios e setor de Turismo",2023-02-23 22:00:08,https://jovempan.com.br/noticias/brasil/governo-de-sp-libera-mais-de-r-350-milhoes-em-credito-para-afetados-por-chuvas-no-litoral-norte.html
Joven Pan,Rio de Janeiro registra aumento de 66% de chuva em relação à média de fevereiro,"Entre os dias 1º e 22, o Alerta Rio, órgão de meteorologia da prefeitura da capital fluminense, registrou 200mm na cidade, o que corresponde a 200 litros por metro quadrado",2023-02-23 11:05:03,https://jovempan.com.br/programas/jornal-da-manha/rio-de-janeiro-registra-aumento-de-66-de-chuva-em-relacao-a-media-de-fevereiro.html
Joven Pan,"Litoral norte de SP deve sofrer com chuva, granizo e vendaval nesta quinta; número de mortos sobe para 50",Força-tarefa atua ininterruptamente na região com operações de busca e resgate de desaparecidos,2023-02-23 10:02:03,https://jovempan.com.br/noticias/brasil/litoral-norte-de-sp-deve-sofrer-com-chuva-granizo-e-vendaval-nesta-quinta-numero-de-mortos-sobe-para-49.html
Joven Pan,Corretor explica o que fazer com os seguros em caso de desastres naturais como no litoral paulista,"Em entrevista ao Jornal da Manhã, da Jovem Pan News, o presidente do Sincor-SP, Boris Ber, explicou como estes serviços podem funcionar em meio aos estragos",2023-02-23 09:02:05,https://jovempan.com.br/programas/jornal-da-manha/corretor-explica-o-que-fazer-com-os-seguros-em-caso-de-desastres-naturais-como-no-litoral-paulista.html
Joven Pan,Chuvas devem continuar a atingir o litoral norte de São Paulo até sexta-feira,Previsão climática para a região é de continuidade na precipitação e risco altíssimo para deslizamentos de terra; local foi palco de tragédia nos últimos dias após índices históricos de chuva,2023-02-22 19:02:07,https://jovempan.com.br/noticias/brasil/chuvas-devem-continuar-a-atingir-o-litoral-norte-de-sao-paulo-ate-sexta-feira.html
Joven Pan,São Paulo tem previsão de pancadas fortes de chuva no fim do dia,"No início da tarde, foi observada chuva leve e lenta na Zona Sul da cidade, mas ainda há potencial para alagamentos, rajadas de vento e transbordamentos de rios e córregos",2023-02-22 14:01:05,https://jovempan.com.br/noticias/brasil/sao-paulo-tem-previsao-de-pancadas-fortes-de-chuva-no-fim-do-dia.html
Joven Pan,Secretário de Desenvolvimento Social de SP fala sobre apoio econômico às vítimas das chuvas no litoral,"Em entrevista ao Jornal da Manhã, da Jovem Pan News, Gilberto Nascimento falou sobre medidas para auxiliar as vítimas das chuvas; de acordo com o último boletim do governo, são 1.730 desalojados e 766 desabrigados até o momento",2023-02-22 10:05:09,https://jovempan.com.br/programas/jornal-da-manha/secretario-de-desenvolvimento-social-de-sp-fala-sobre-apoio-economico-as-vitimas-das-chuvas-no-litoral.html
Joven Pan,Jovem Pan apoia campanhas de doações para famílias vítimas das chuvas no litoral de SP; saiba como ajudar,"Cruz Vermelha, Fundo Social de São Paulo e Central Única das Favelas são algumas das instituições atuando na questão; ao todo, 2,5 mil pessoas estão desalojadas ou desabrigadas na região após os deslizamentos de terra e desabamentos de imóveis ocorridos",2023-02-22 07:05:01,https://jovempan.com.br/noticias/brasil/jovem-pan-apoia-campanhas-de-doacoes-para-familias-vitimas-das-chuvas-no-litoral-de-sp-saiba-como-ajudar.html
Joven Pan,Governo Federal anuncia pacote de medidas para ajudar cidades atingidas pelas chuvas em SP,Pelo menos 10 ministérios estão envolvidos na força-tarefa para auxiliar os municípios prejudicados por deslizamentos e alagamentos no litoral norte de São Paulo,2023-02-22 07:02:08,https://jovempan.com.br/programas/jornal-da-manha/governo-federal-anuncia-pacote-de-medidas-para-ajudar-cidades-atingidas-pelas-chuvas-em-sp.html
Joven Pan,Paes alerta para chuvas no Rio em cenário de instabilidade climática: ‘Fiquem atentos’,"Capital fluminense teve tempo limpo durante o feriado do Carnaval, mas precipitação iniciou-se na noite desta terça e colocou o município em estágio de atenção",2023-02-22 01:01:00,https://jovempan.com.br/noticias/brasil/paes-alerta-para-chuvas-no-rio-em-cenario-de-instabilidade-climatica-fiquem-atentos.html
Joven Pan,Prefeitura de São Sebastião realiza velório coletivo das vítimas das chuvas,Ao menos 43 pessoas morreram na cidade após desmoronamentos e deslizamentos de terra no último domingo,2023-02-21 12:01:07,https://jovempan.com.br/noticias/brasil/prefeitura-de-sao-sebastiao-realiza-velorio-coletivo-das-vitimas-das-chuvas.html
Joven Pan,Jovem Pan apoia campanha da Cruz Vermelha para doações a vítimas das chuvas no litoral de SP; saiba como ajudar,"Ao todo, 2,5 mil pessoas estão desalojadas ou desabrigadas na região após os deslizamentos de terra e desabamentos de imóveis ocorridos",2023-02-21 11:01:04,https://jovempan.com.br/noticias/brasil/jovem-pan-apoia-campanha-da-cruz-vermelha-para-doacoes-a-vitimas-das-chuvas-no-litoral-de-sp-saiba-como-ajudar.html
Joven Pan,Bolsa Família será antecipado para famílias impactadas pelas chuvas no litoral paulista,"Wellington Dias, ministro do Desenvolvimento Social, confirmou a medida que visa beneficiar beneficiários atingidos pelo fenômeno da natureza; ao todo, seis cidades decretaram calamidade pública",2023-02-20 18:05:05,https://jovempan.com.br/noticias/brasil/bolsa-familia-sera-antecipado-para-familias-impactadas-pelas-chuvas-no-litoral-paulista.html
Joven Pan,"Após chuvas castigarem a cidade, prefeito de Ilhabela pede para população economizar água",Toninho Colucci ressaltou que ações preventivas ajudaram a minimizar os impactos causados pelo fenômeno da natureza; trânsito local e translado de balsas para acesso à ilha forma normalizados,2023-02-20 17:00:07,https://jovempan.com.br/noticias/brasil/apos-chuvas-castigarem-a-cidade-prefeito-de-ilhabela-pede-para-populacao-economizar-agua.html
Joven Pan,São Sebastião decreta luto de sete dias e cancela Carnaval após tragédia causada pelas chuvas,Cidade litorânea foi fortemente atingida pelo fenômeno da natureza e decretou estado de calamidade no último domingo; 40 pessoas morreram,2023-02-20 15:05:06,https://jovempan.com.br/noticias/brasil/sao-sebastiao-decreta-luto-de-sete-dias-e-cancela-carnaval-apos-tragedia-causada-pelas-chuvas.html
Joven Pan,Saiba como ajudar cidades do litoral de São Paulo afetadas pelas chuvas,"Prefeituras estão recebendo doações de alimentos não perecíveis, água mineral, roupas limpas, fraldas, produtos de limpeza, entre outros",2023-02-20 14:02:08,https://jovempan.com.br/noticias/brasil/saiba-como-ajudar-cidades-do-litoral-de-sao-paulo-afetadas-pelas-chuvas.html
Joven Pan,Comitiva federal visitará áreas afetadas por fortes chuvas no litoral de SP,"Ministro da Integração e do Desenvolvimento Regional, Waldez Góes, secretário nacional de Proteção e Defesa Civil, Wolnei Wolff e o presidente Lula visitarão a região nesta segunda-feira",2023-02-19 21:00:09,https://jovempan.com.br/noticias/brasil/comitiva-federal-visitara-areas-afetadas-por-fortes-chuvas-no-litoral-de-sp.html
Joven Pan,Rodovia Mogi-Bertioga é interditada após asfalto ceder devido às chuvas,"Segundo o Departamento de Estradas de Rodagem (DER), não há previsão para liberação da pista",2023-02-19 13:00:06,https://jovempan.com.br/noticias/brasil/rodovia-mogi-bertioga-e-interditada-apos-asfalto-ceder-devido-as-chuvas.html
Joven Pan,"Defesa Civil alerta para mais chuvas com descargas elétricas, rajadas de vento e granizo no litoral de SP","De acordo com o órgão, está prevista uma chuva de 100 mm na Baixada Santista e no litoral Sul",2023-02-19 12:04:00,https://jovempan.com.br/noticias/brasil/defesa-civil-alerta-para-mais-chuvas-com-descargas-eletricas-rajadas-de-vento-e-granizo-no-litoral-de-sp.html
Joven Pan,Tarcísio de Freitas visita áreas afetadas pela chuvas e anuncia ajuda humanitária a São Sebastião,"Governador, junto do Coordenador Estadual da Defesa Civil, Coronel Henguel Ricardo Pereira, foram até as áreas mais afetadas do litoral norte paulista",2023-02-19 12:02:08,https://jovempan.com.br/noticias/brasil/tarcisio-de-freitas-visita-areas-afetadas-pela-chuvas-e-anuncia-ajuda-humanitaria-a-sao-sebastiao.html
Joven Pan,"Chuvas causam mortes, deslizamentos e levam a estado de calamidade no litoral norte de SP","Ubatuba, São Sebastião, Ilhabela e Caraguatatuba foram as cidades mais afetadas; trechos da Rodovia Rio-Santos e da Mogi-Bertioga estão interditados",2023-02-19 11:05:05,https://jovempan.com.br/noticias/brasil/chuvas-causam-morte-de-crianca-deslizamentos-e-levam-a-estado-de-calamidade-no-litoral-norte-de-sp.html
Joven Pan,Prefeitura de São Sebastião decreta calamidade pelas chuvas e cancela Carnaval,Volumes registrados pelos pluviômetros automáticos do Cemaden são excepcionais e recordes para a cidade do litoral paulista,2023-02-19 11:02:02,https://jovempan.com.br/noticias/brasil/prefeitura-de-sao-sebastiao-decreta-calamidade-pelas-chuvas-e-cancela-carnaval.html
Joven Pan,"Chuvas atrapalham blocos, trazem riscos de doenças e colocam motoristas em perigo durante o Carnaval","Devido a uma frente fria, feriado será chuvoso em todo o Sudeste; neste sábado, temporal dispersou público nos cortejos de São Paulo",2023-02-18 20:05:02,https://jovempan.com.br/noticias/brasil/chuvas-atrapalham-blocos-trazem-riscos-de-doencas-e-colocam-motoristas-em-perigo-durante-o-carnaval.html
Joven Pan,Carnaval: Chuva forte afugenta foliões em São Paulo e causa alagamentos,Granizo caiu em algumas regiões da capital paulista; mais chuva é esperada para o domingo,2023-02-18 16:05:04,https://jovempan.com.br/noticias/brasil/carnaval-chuva-forte-afugenta-folioes-em-sao-paulo-e-causa-alagamentos.html
Joven Pan,Carnaval 2023: Rosas de Ouro e Tatuapé são destaques da primeira noite de desfiles; Barroca sofre com forte chuva,Sete escolas se apresentaram no Sambódromo do Anhembi no primeiro dia de desfiles do Grupo Especial; agremiação da zona sul foi a única afetada pelas chuvas,2023-02-18 07:01:08,https://jovempan.com.br/noticias/brasil/carnaval-2023-rosas-de-ouro-e-tatuape-sao-destaques-da-primeira-noite-de-desfiles-barroca-sofre-com-forte-chuva.html
Joven Pan,Prefeitura de São Luiz do Paraitinga adia carnaval após chuvas castigarem a cidade,Cheias causadas pelos temporais deixaram mais de 700 pessoas desalojadas no município do interior de São Paulo,2023-02-15 16:02:02,https://jovempan.com.br/noticias/brasil/prefeitura-de-sao-luiz-do-paraitinga-adia-carnaval-apos-chuvas-castigarem-a-cidade.html
Joven Pan,"Um ano após tragédia no RJ, chuvas e alagamentos voltam a afetar Petrópolis",Sirenes de alerta soaram no município; chuva intensa atingiu vários bairros da cidade e deixou pessoas ilhadas após ruas ficarem alagadas e rios transbordarem,2023-02-15 11:01:05,https://jovempan.com.br/programas/jornal-da-manha/um-ano-apos-tragedia-no-rj-chuvas-e-alagamentos-voltam-a-afetar-petropolis.html
Joven Pan,Prefeitura de São Paulo suspende rodízio de veículos após fortes chuvas na capital,"Cidade registrou 39 pontos de alagamentos até as 16h na tarde desta terça-feira, 7",2023-02-07 17:02:07,https://jovempan.com.br/noticias/brasil/prefeitura-de-sao-paulo-suspende-rodizio-de-veiculos-apos-fortes-chuvas-na-capital.html
Joven Pan,São Paulo registra 42 pontos de enchentes após fortes chuvas,"Centro de Gerenciamento de Emergências Climáticas informou que houve um pico de 51 locais que sofreram com alagamentos; no momento, 13 pontos são transitáveis e 29 deles estão completamente obstruídos",2023-02-07 17:01:06,https://jovempan.com.br/noticias/brasil/sao-paulo-registra-34-pontos-de-enchentes-apos-fortes-chuvas.html
Joven Pan,"Tarcísio anuncia repasse de R$ 5,4 milhões para obras em locais afetados pelas chuvas em Araraquara","Ainda no oeste paulista, o governador entregou quatro pontes, na cidade de Presidente Prudente, que somam um investimento de R$ 2,4 milhões",2023-02-01 11:03:03,https://jovempan.com.br/programas/jornal-da-manha/tarcisio-anuncia-repasse-de-r-54-milhoes-para-obras-em-locais-afetados-pelas-chuvas-em-araraquara.html
Joven Pan,"Maior tragédia-crime ambiental do Brasil, caso Brumadinho ainda não tem punições","Após quatro anos, Justiça Federal aceitou denúncias contra empresas e 16 executivos nesta terça; eles vão responder por homicídio qualificado, crimes contra fauna e flora, além de poluição",2023-01-25 07:01:07,https://jovempan.com.br/programas/jornal-da-manha/maior-tragedia-crime-ambiental-do-brasil-caso-brumadinho-ainda-nao-tem-punicoes.html
Joven Pan,MPF envia denúncia da tragédia-crime de Brumadinho para a Justiça Federal,"Ministra Rosa Weber, presidente do STF, determinou agilidade no processo para evitar que os crimes prescrevam",2023-01-24 11:03:03,https://jovempan.com.br/programas/jornal-da-manha/mpf-envia-denuncia-da-tragedia-crime-de-brumadinho-para-a-justica-federal.html
Joven Pan,Moradores da Zona Oeste de SP denunciam buraco gigante e alagamentos constantes na região,"Como foi apurado pela reportagem da Jovem Pan News, a situação se agravou por causa das fortes chuvas e a cratera mais parece uma lagoa",2023-01-18 12:03:02,https://jovempan.com.br/programas/jornal-da-manha/moradores-da-zona-oeste-de-sp-denunciam-buraco-gigante-e-alagamentos-constantes-na-regiao.html
Joven Pan,Fortes chuvas em São Paulo ajudam a encher reservatórios,"Outros sistemas do Estado operam com bons níveis para o mês, o que deve ajudar a garantir o abastecimento durante estações mais secas, como outono e inverno",2023-01-16 07:05:07,https://jovempan.com.br/programas/jornal-da-manha/fortes-chuvas-em-sao-paulo-ajudam-a-encher-reservatorios.html
Joven Pan,"Após fortes chuvas, Defesa Civil entrega equipamentos e viaturas no interior de SP","Em Ribeirão Preto, o governador Tarcísio de Freitas (Republicanos) entregou 32 kits de combate a incêndios, 36 motosserras, oito geradores, quatro tendas e 32 viaturas",2023-01-13 08:03:01,https://jovempan.com.br/programas/jornal-da-manha/apos-fortes-chuvas-defesa-civil-entrega-equipamentos-e-viaturas-no-interior-de-sp.html
Joven Pan,Tarcísio de Freitas libera R$ 11 milhões para cidades afetadas por chuvas em SP,Convênios foram assinados entre a Defesa Civil e as prefeituras que já formalizaram a situação de emergência,2023-01-11 10:03:06,https://jovempan.com.br/programas/jornal-da-manha/tarcisio-de-freitas-libera-r-11-milhoes-para-cidades-afetadas-por-chuvas-em-sp.html
Joven Pan,Chuva não para em São Paulo e deve causar novos pontos de alagamentos nesta quarta-feira,Previsão indica pancadas entre a tarde e à noite; temperatura deve subir nos próximos dias,2023-01-10 19:04:07,https://jovempan.com.br/noticias/brasil/chuva-nao-para-em-sao-paulo-e-deve-causar-novos-pontos-de-alagamentos-nesta-quarta-feira.html
Joven Pan,"Chuvas deixam cidades alagadas, destroem casas e danificam estradas no Sudeste","De acordo com o Inmet, chuvas intensas devem seguir no país neste fim de semana",2023-01-06 21:01:03,https://jovempan.com.br/noticias/brasil/chuvas-deixam-cidades-alagadas-destroem-casas-e-danificam-estradas-no-sudeste.html
Joven Pan,Defesa Civil de São Paulo alerta para chuvas intensas e risco de deslizamentos,"Previsão do tempo aponta que as regiões da Serra da Mantiqueira e do Vale do Ribeira, Itapeva, Baixada Santista e litoral norte serão as mais afetadas",2023-01-03 16:00:03,https://jovempan.com.br/noticias/brasil/defesa-civil-de-sao-paulo-alerta-para-chuvas-intensas-e-risco-de-deslizamentos.html
Joven Pan,Temporal provoca alagamento e morte em São Carlos,"Em um dia, choveu aproximadamente 200 mm, o que gerou diversos pontos de alagamento e interdição de vias; prefeitura ainda contabiliza prejuízos",2022-12-29 07:03:04,https://jovempan.com.br/programas/jornal-da-manha/temporal-provoca-alagamento-e-morte-em-sao-carlos.html
Joven Pan,"São Paulo, Belo Horizonte e outras 15 capitais têm alerta de chuvas fortes nesta quarta","Até o momento, 42 pessoas morreram em decorrência das chuvas em oito Estados; maior parte do país terá dia com pancadas de chuva, podendo haver raios e granizo em algumas regiões",2022-12-28 09:03:05,https://jovempan.com.br/noticias/brasil/sao-paulo-belo-horizonte-e-outras-15-capitais-tem-alerta-de-chuvas-fortes-nesta-quarta.html
Joven Pan,Fortes chuvas deixam pelo menos 42 mortos em oito Estados do Brasil,"Inmet alerta para temporais, acompanhadas de rajadas de vento durante a última semana de 2022; em São Paulo, risco permanece até a sexta-feira, 30",2022-12-27 21:01:00,https://jovempan.com.br/noticias/brasil/fortes-chuvas-deixam-pelo-menos-42-mortos-em-oito-estados-do-brasil.html
Joven Pan,Deslizamentos deixam pelo menos três mortos em Minas Gerais,"Um garoto de 12 anos ainda está sendo procurado pelas equipes de busca, que já identificaram duas das vítimas fatais; tragédia aconteceu entre a noite do dia 24 e a madrugada do dia 25",2022-12-27 08:03:03,https://jovempan.com.br/programas/jornal-da-manha/deslizamentos-deixam-pelo-menos-tres-mortos-em-minas-gerais.html
Joven Pan,Defesa Civil alerta para chuvas fortes em São Paulo a partir desta terça-feira,Regiões de Campinas e Sorocaba podem receber acumulado de 155 mm até sexta-feira,2022-12-26 22:02:08,https://jovempan.com.br/noticias/brasil/defesa-civil-alerta-para-chuvas-fortes-em-sao-paulo-a-partir-desta-terca-feira.html
Joven Pan,Bombeiros encontram mais uma vítima em deslizamento de terra em Minas Gerais,"Duas vítimas fatais já haviam sido encontradas no último domingo, 25; resgatados foram enviados aos hospitais da região",2022-12-26 14:02:03,https://jovempan.com.br/noticias/brasil/bombeiros-encontram-mais-uma-vitima-em-deslizamento-de-terra-em-minas-gerais.html
Joven Pan,Deslizamento de terra em Minas Gerais mata duas pessoas,Entre as vítimas fatais estão três mulheres e um menino de 12 anos,2022-12-25 19:04:05,https://jovempan.com.br/noticias/brasil/deslizamento-de-terra-em-minas-gerais-mata-quatro-pessoas.html
Joven Pan,Natal será de chuva em grande parte do país; veja previsão do tempo,"Sol só será predominante em faixa do Nordeste entre os estados do Ceará, Rio Grande do Norte, Paraíba e Pernambuco",2022-12-24 20:00:00,https://jovempan.com.br/noticias/brasil/natal-sera-de-chuva-em-grande-parte-do-pais-veja-previsao-do-tempo.html
Joven Pan,Chuvas em SC deixam ao menos 2 mortos; Estado entra em alerta para deslizamentos,"Segundo autoridades, vítimas seriam duas adolescentes de 17 e 15 anos; diversas regiões do norte o Estado estão em alerta máximo para inundações",2022-12-20 10:01:02,https://jovempan.com.br/noticias/brasil/chuvas-em-sc-deixam-ao-menos-2-mortos-estado-entra-em-alerta-para-deslizamentos.html
Joven Pan,STF define que Justiça Federal deve julgar tragédia de Brumadinho,"Corte analisou como será o julgamento dos acusados pelo rompimento da barragem da mina Córrego do Feijão, na região metropolitana de Belo Horizonte, em 25 de janeiro de 2019, que causou a morte de 270 pessoas",2022-12-18 09:02:07,https://jovempan.com.br/programas/jornal-da-manha/stf-define-que-justica-federal-deve-julgar-tragedia-de-brumadinho.html
Joven Pan,Fortes chuvas alagam centro histórico de Petrópolis,Cidade da região serrana do Rio de Janeiro ficou em estado de alerta com o primeiro temporal depois da tragédia que deixou mais de 240 mortos em fevereiro deste ano,2022-12-14 07:00:06,https://jovempan.com.br/programas/jornal-da-manha/fortes-chuvas-alagam-centro-historico-de-petropolis.html
Joven Pan,Chuva causa transtornos em São Paulo e coloca cidade em estado de atenção,"Forte temporal derrubou uma árvore na zona sul da Capital e paralisou a Linha 4 – Amarela do Metrô na manhã desta terça-feira, 13",2022-12-13 15:03:02,https://jovempan.com.br/noticias/brasil/chuva-causa-transtornos-em-sao-paulo-e-coloca-cidade-em-estado-de-atencao.html
Joven Pan,Chuva deixa mais de 13 mil pessoas desalojadas em 53 municípios na Bahia,"Outros Estados brasileiros estão em alertas: Espírito Santo, Paraná e São Paulo",2022-12-07 00:05:01,https://jovempan.com.br/noticias/brasil/chuva-deixa-mais-de-13-mil-pessoas-desalojadas-em-53-municipios-na-bahia.html
Joven Pan,"Barragem se rompe em Colatina, no ES; outras 9 cidades estão sob alto risco de deslizamentos","Número de desalojados chega a 3.075 e desabrigados a 889, segunda boletim da Defesa Civil",2022-12-05 16:05:08,https://jovempan.com.br/noticias/brasil/barragem-se-rompe-em-colatina-no-es-outras-9-cidades-estao-sob-alto-risco-de-deslizamentos.html
Joven Pan,Deslizamento na BR-376: Bombeiros encerram buscas por vítimas no Paraná,"Segundo último boletim, equipes conseguiram acessar ‘todas as áreas’ com possibilidade de sobreviventes e veículos nesta sexta, 2, encerrando operações",2022-12-02 18:04:08,https://jovempan.com.br/noticias/brasil/deslizamento-na-br-376-bombeiros-encerram-buscas-por-vitimas-no-parana.html
Joven Pan,Deslizamento na BR-376: seis pessoas escapam sem precisar de atendimento e nove veículos são retirados da lama,Equipes do Corpo de Bombeiros chegam ao quarto dia de buscas na região do desabamento,2022-12-02 15:02:09,https://jovempan.com.br/noticias/brasil/deslizamento-na-br-376-seis-pessoas-escapam-sem-precisar-de-atendimento-e-nove-veiculos-sao-retirados-da-lama.html
Joven Pan,"Chuvas afetam 32 cidades da Bahia e deixam mais de 3,6 mil desalojados","Climatempo alerta para novos temporais no Estado, com potencial para ‘alagamentos, transbordamentos e deslizamentos’",2022-12-01 17:04:00,https://jovempan.com.br/noticias/brasil/chuvas-afetam-32-cidades-da-bahia-e-deixam-mais-de-36-mil-desalojados.html
Joven Pan,"Bombeiros reduzem estimativa de vítimas de deslizamento na BR-376, no Paraná","Inicialmente, equipes trabalhavam com a hipótese de 30 a 50 desaparecidos, mas número foi atualizado para menos de 30 pessoas",2022-12-01 14:00:09,https://jovempan.com.br/noticias/brasil/bombeiros-reduzem-estimativa-de-vitimas-de-deslizamento-na-br-376-no-parana.html
Joven Pan,Volume de chuvas pode garantir energia mais barata em 2023,"Cenário positivo foi traçado à Jovem Pan nesta quarta-feira, 30, pelo diretor-geral da Operador Nacional do Sistema Elétrico (ONS), Luiz Carlos Ciocchi",2022-12-01 11:02:05,https://jovempan.com.br/programas/jornal-da-manha/volume-de-chuvas-pode-garantir-energia-mais-barata-em-2023.html
Joven Pan,Buscas por desaparecidos em deslizamento na BR-376 entram no terceiro dia,Condições climáticas desfavoráveis e risco de novos deslizamentos dificultam a atuação das equipes de busca na região atingida,2022-12-01 08:02:01,https://jovempan.com.br/noticias/brasil/buscas-por-desaparecidos-em-deslizamento-na-br-376-entram-no-terceiro-dia.html
Joven Pan,Deslizamento no Paraná: PRF diz que cabia à concessionária o fechamento da BR-376,Desabamento de encosta causou a morte de ao menos duas pessoas e o soterramento de 20 veículos,2022-11-30 15:05:01,https://jovempan.com.br/noticias/brasil/deslizamento-no-parana-prf-diz-que-cabia-a-concessionaria-o-fechamento-da-br-376.html
Joven Pan,Chuva forte forma cratera em rodovia de Sergipe e deixa um morto,Três veículos foram “engolidos” pela cratera e arrastados pela correnteza; trecho da rodovia permanece interditado,2022-11-30 13:01:00,https://jovempan.com.br/noticias/brasil/chuva-forte-forma-cratera-em-rodovia-de-sergipe-e-deixa-um-morto.html
Joven Pan,Deslizamento na BR-376 no Paraná deixa ao menos 30 desaparecidos; autoridades alertam para risco de novos desabamentos,"Acidente aconteceu na segunda-feira, 28, no km 669 da rodovia; estimativa é que cerca de 20 veículos tenham sido soterrados pela lama",2022-11-30 12:01:08,https://jovempan.com.br/noticias/brasil/autoridades-do-parana-alertam-para-risco-de-novos-deslizamentos-na-br-376.html
Joven Pan,Corpo é encontrado após deslizamentos em estrada no Paraná; polícia busca desaparecidos,Autoridades não revelaram detalhes sobre a vítima e nem quantas pessoas ainda não foram localizadas; deslizamentos provocaram interdição total da BR-376,2022-11-29 09:03:03,https://jovempan.com.br/noticias/brasil/corpo-e-encontrado-apos-deslizamentos-em-estrada-no-parana-policia-busca-desaparecidos.html
Joven Pan,"Chuvas fortes causam transbordamento de córregos, alagamentos e interrupção de serviços de transporte em São Paulo","Bairro Vila Prudente, na Zona Leste da cidade, enfrenta o cenário mais crítico com quatro pontos intransitáveis; expectativa é de que o temporal continue até terça-feira, 29",2022-11-28 15:01:08,https://jovempan.com.br/noticias/brasil/chuvas-fortes-causam-transbordamento-de-corregos-alagamentos-e-interrupcao-dos-servicos-de-transporte-em-sao-paulo.html
Joven Pan,São Paulo tem previsão de chuvas fortes e risco de alagamentos nos próximos dias,"Espírito Santo, Minas Gerais e Rio de Janeiro têm previsões semelhantes para os próximos dias; tempestades podem vir acompanhadas de fortes rajadas de ventos",2022-11-23 09:00:03,https://jovempan.com.br/noticias/brasil/sao-paulo-tem-previsao-de-chuvas-fortes-e-risco-de-alagamentos-nos-proximos-dias.html
Joven Pan,Fortes chuvas em MG deixam mais de 2.800 desalojados ou desabrigados e 31 cidades em situação de emergência,"Ao menos uma pessoa morreu desde o início do período chuvoso, em 21 de setembro",2022-11-17 21:01:04,https://jovempan.com.br/noticias/brasil/fortes-chuvas-em-minas-gerais-deixam-mais-de-2-800-desalojados-ou-desabrigados-31-cidades-estao-em-situacao-de-emergencia.html
Joven Pan,Chegada de frente fria deve derrubar temperaturas e causar chuvas pelo Brasil,"Próximos dias devem ser marcados por fortes chuvas e rajadas de vento em diversas regiões; no Sul, existe a possibilidade de geada e neve",2022-10-31 16:01:00,https://jovempan.com.br/noticias/brasil/chegada-de-frente-fria-deve-derrubar-temperaturas-e-causar-chuvas-pelo-brasil.html
Joven Pan,Temperatura sobe e São Paulo pode registrar chuva de granizo nos próximos dias,"Previsão é de sol, chegando aos 29ºC nesta quinta-feira, 5, podendo ocorrer temporais durante a noite",2022-10-05 16:04:01,https://jovempan.com.br/noticias/brasil/sao-paulo-pode-registrar-chuva-de-granizo-nos-proximos-dias.html
Joven Pan,Chuva de granizo cria camadas de gelo em rua de cidade mineira,Moradora fotografou uma enorme placa de gelo que cobria a via; fenômeno foi previsto pelo Instituto Nacional de Meteorologia (Inmet),2022-10-04 17:04:03,https://jovempan.com.br/noticias/brasil/chuva-de-granizo-cria-camadas-de-gelo-em-rua-de-cidade-mineira.html
Joven Pan,Chuva pode causar abstenção nas eleições; confira a previsão do tempo para todo o Brasil,"Dia da votação deve ser de sol na maior parte do país, mas pode chover em alguns locais do Sudeste, do Norte e do Centro-Oeste",2022-09-30 17:00:01,https://jovempan.com.br/noticias/brasil/chuva-pode-causar-abstencao-nas-eleicoes-confira-a-previsao-do-tempo-para-todo-o-brasil.html
Joven Pan,Polícia identifica corpo levado por enxurrada na tragédia de Petrópolis após seis meses,"Pedro Henrique Braga Gomes, de oito anos de idade, estava em um ônibus que foi arrastado pela correnteza",2022-09-02 07:04:05,https://jovempan.com.br/programas/jornal-da-manha/policia-identifica-corpo-levado-por-enxurrada-na-tragedia-de-petropolis.html
Joven Pan,Governo de MG entrará na Justiça para tentar agilizar indenizações a vítimas da tragédia de Mariana,"Ministério Público fala em R$ 155 bilhões em reparações das mineradoras, dos quais apenas R$ 9 bi teriam já teriam sido destinados aos atingidos",2022-08-26 06:03:06,https://jovempan.com.br/programas/jornal-da-manha/governo-de-mg-entrara-na-justica-para-tentar-agilizar-indenizacoes-a-vitimas-da-tragedia-de-mariana.html
Joven Pan,Frio chega a São Paulo e deve causar chuvas e vendavais; confira a previsão do tempo para os próximos dias,Temperatura pode chegar a 8ºC na capital e 2ºC na Serra da Mantiqueira; frente fria vai durar até o final de semana,2022-08-17 13:00:09,https://jovempan.com.br/noticias/brasil/frio-chega-a-sao-paulo-e-deve-causar-chuvas-e-vendavais-confira-a-previsao-do-tempo-para-os-proximos-dias.html
Joven Pan,"Escassez de chuva gera queda de água no Cantareira e nível chega a 36,4%",Taxa é a menor para o mês de julho dos últimos 7 anos,2022-07-29 16:03:09,https://jovempan.com.br/noticias/brasil/escassez-de-chuva-gera-queda-de-agua-no-cantareira-e-nivel-chega-a-364.html
Joven Pan,"Chegada de frente fria encerra ‘veranico’ e deve trazer geadas e chuvas a SP, MS e Estados do Sul","Frente fria vinda do Uruguai já começará a impactar no clima do Rio Grande do Sul nesta segunda-feira, 11, e deve atingir os demais Estados até quarta-feira, 13",2022-07-11 09:05:07,https://jovempan.com.br/noticias/brasil/chegada-de-frente-fria-encerra-veranico-e-deve-trazer-geadas-e-chuvas-a-sp-ms-e-estados-do-sul.html
Joven Pan,Secretário nacional da Defesa Civil detalha socorro às vítimas das chuvas em Alagoas,51 cidades ainda estão em situação de emergência no Estado e 56 mil pessoas seguem desabrigadas ou desalojadas,2022-07-05 10:02:00,https://jovempan.com.br/programas/jornal-da-manha/secretario-da-defesa-civil-fala-dos-prejuizos-economicos-e-sociais-apos-chuvas-em-alagoas.html
Joven Pan,Chuvas em Alagoas deixam seis mortos e afetam mais de 56 mil pessoas,"Governo de Alagoas já decretou situação de emergência em 51 municípios do Estado, entre eles Barra de São Miguel e Maceió; são 8.830 desabrigados e 47.651 desalojados",2022-07-04 15:00:01,https://jovempan.com.br/noticias/brasil/chuvas-em-alagoas-deixam-seis-mortos-e-afetam-mais-de-56-mil-pessoas.html
Joven Pan,"No aniversário da ‘Lei Seca’, Detran-SP registra maior índice de recusa ao teste do bafômetro da história","A ‘Lei Seca’ completou 14 anos no domingo, 19, em meio ao aumento do índice de recusa ao teste do etilômetro (bafômetro) em São Paulo, que alcançou o maior patamar registrado desde 2016",2022-06-20 17:00:02,https://jovempan.com.br/noticias/brasil/no-aniversario-da-lei-seca-detran-sp-registra-maior-indice-de-recusa-ao-teste-do-bafometro-da-historia.html
Joven Pan,"A tragédia no caso Dom Phillips e Bruno Pereira, novo reajuste nos preços dos combustíveis e muito mais: confira os destaques da semana","‘Ponto Final’, da Jovem Pan News, também fala sobre os principais cotados para compor a chapa do presidente Jair Bolsonaro (PL) para as eleições e o aumento de casos da varíola dos macacos no Brasil",2022-06-18 10:02:01,https://jovempan.com.br/noticias/brasil/a-tragedia-no-caso-dom-phillips-e-bruno-pereira-novo-reajuste-nos-precos-dos-combustiveis-e-muito-mais-confira-os-destaques-da-semana.html
Joven Pan,Governo de PE abre linha de crédito com juros zero para empreendedores afetados pelas chuvas,MEI poderá contratar até R$ 6 mil em recurso sem solicitação de garantias para análise de crédito e nem exigência certidões negativas de débito,2022-06-12 13:00:00,https://jovempan.com.br/noticias/brasil/governo-de-pe-abre-linha-de-credito-com-juros-zero-para-empreendedores-afetados-pelas-chuvas.html
Joven Pan,"Governo de PE sanciona auxílio de R$ 1,5 mil a desabrigados após tragédia por chuvas",Recurso vai ser distribuído em parcela única; dependentes de vítimas fatais passam a receber pensão vitalícia de um salário mínimo; Estado tem 9.134 pessoas que perderam suas casas e outras 119.523 estão desalojadas,2022-06-09 12:03:04,https://jovempan.com.br/noticias/brasil/governo-de-pe-dara-r-15-mil-a-desabrigados-e-pensao-vitalicia-a-dependentes-das-vitimas-fatais.html
Joven Pan,Adolescente morre em Recife após deslizamento de terra; Pernambuco já tem 129 mortos,"Quatro municípios registraram acidentes após chuvas da madrugada desta terça-feira; número de desabrigados diminuiu para 9.134 e desalojados subiu para 119.523, segundo a Defesa Civil",2022-06-07 10:02:03,https://jovempan.com.br/noticias/brasil/adolescente-morre-em-recife-apos-deslizamento-de-terra-estado-ja-tem-129-mortos.html
Joven Pan,"Em Pernambuco, mais de 71 mil pessoas estão desalojadas ou desabrigadas após chuvas",Número de cidades que decretaram Situação de Emergência aumentou de 34 para 37,2022-06-05 16:04:07,https://jovempan.com.br/noticias/brasil/em-pernambuco-mais-de-71-mil-pessoas-estao-desalojadas-e-desabrigadas-apos-chuvas.html
Joven Pan,Chuva forte causa alagamentos e novo deslizamento no Recife; não há vítimas,Corpo de Bombeiros atendeu deslizamento de barreira no Córrego do Boleiro por volta do meio-dia,2022-06-04 18:04:07,https://jovempan.com.br/noticias/brasil/chuva-forte-causa-alagamentos-e-novo-deslizamento-no-recife-nao-ha-vitimas.html
Joven Pan,Mais de 25% dos óbitos causados pelas chuvas na década ocorreram em 2022,"Segundo Confederação Nacional de Municípios, nos últimos dez anos, foram 1.756 vítimas em decorrência dos excessos de chuvas; nos últimos cinco meses, porém, houve um acumulado de 457 mortes",2022-05-31 19:04:03,https://jovempan.com.br/noticias/brasil/mais-de-25-dos-obitos-causados-pelas-chuvas-na-decada-ocorreram-em-2022.html
Joven Pan,Sobe para 120 o número de mortos em Pernambuco em decorrência das chuvas,"Ao todo, 7.312 pessoas estão desabrigadas e ao menos 4 continuam desaparecidas no Estado; apesar da chuva continuar com intensidade moderada, buscas estão mantidas",2022-05-31 12:00:07,https://jovempan.com.br/noticias/brasil/sobe-para-100-o-numero-de-mortos-em-pernambuco-em-decorrencia-das-chuvas.html
Joven Pan,Bombeiros retomam buscas por 26 desaparecidos em PE após pausa por risco de deslizamento,Corporação afirma que pequenas paralisações no trabalho fazem parte da técnica de busca; previsão é de chuvas moderadas até a próxima sexta-feira,2022-05-31 09:01:09,https://jovempan.com.br/noticias/brasil/bombeiros-retomam-buscas-por-26-desaparecidos-em-pe-apos-pausa-por-risco-de-deslizamento.html
Joven Pan,Sobe para 91 o número de mortos por causa das chuvas em Pernambuco,Outras 26 pessoas continuam desaparecidas e 6 mil estão desabrigadas; previsão é de que precipitações continuem com intensidade moderada até a próxima sexta-feira,2022-05-30 12:00:01,https://jovempan.com.br/noticias/brasil/sobe-para-91-o-numero-de-mortos-por-causa-das-chuvas-em-pernambuco.html
Joven Pan,"‘Ondas no leste’ provocaram chuvas no Recife, explica geógrafo",Fiscalização e obras de infraestrutura são necessárias para evitar inundações e vítimas fatais; fenômeno também ocorreu em 2010 e 2017,2022-05-30 07:01:03,https://jovempan.com.br/programas/jornal-da-manha/ondas-no-leste-provocaram-chuvas-no-recife-explica-geografo.html
Joven Pan,Chuvas em Pernambuco: 14 municípios decretam estado de emergência,Temporais que atingem o Estado desde o início da semana causaram a morte de ao menos 56 pessoas,2022-05-29 15:03:09,https://jovempan.com.br/noticias/brasil/chuvas-em-pernambuco-nove-municipios-decretam-estado-de-emergencia.html
Joven Pan,Bolsonaro diz que irá a Recife na segunda para ‘se inteirar da tragédia’,"Presidente prometeu liberação de recursos para auxiliar os municípios atingidos pelas fortes chuvas que causaram, até o momento, a morte de 35 pessoas",2022-05-29 10:03:04,https://jovempan.com.br/noticias/brasil/bolsonaro-diz-que-ira-a-recife-na-segunda-para-se-inteirar-da-tragedia.html
Joven Pan,Casa desliza por conta das enchentes e é levada pelo rio em Recife; veja vídeo,"Homem grita desesperado: ‘Olha a casa caindo. Ô, senhor do céu. A casa caiu’; ao menos 33 pessoas já morreram por causa das fortes chuvas",2022-05-28 22:00:09,https://jovempan.com.br/noticias/brasil/casa-desliza-por-conta-das-enchentes-e-e-levada-pelo-rio-em-recife-veja-video.html
Joven Pan,Governo federal aciona Forças Armadas para auxiliar municípios atingidos pelas chuvas em Pernambuco,"De acordo com balanço da Defesa Civil do Estado, ao menos 30 pessoas morreram em razão de deslizamentos de terra",2022-05-28 17:02:06,https://jovempan.com.br/noticias/brasil/governo-federal-aciona-forcas-armadas-para-auxiliar-municipios-atingidos-pelas-chuvas-em-pernambuco.html
Joven Pan,"Chuva congelada, neve e mínimas históricas: Onda de frio chega ao Brasil com ‘perigo’ no Sul","Em São Paulo, mínima de 6ºC será registrada nesta quarta-feira, 18; produtores rurais de Minas Gerais, Goiás e do Mato Grosso devem sofrer com as baixas temperaturas",2022-05-17 09:02:09,https://jovempan.com.br/programas/jornal-da-manha/chuva-congelada-neve-e-minimas-historicas-onda-de-frio-chega-ao-brasil-com-perigo-no-sul.html
Joven Pan,Ciclone com ventos de mais de 100 km/h deve atingir a região Sul a partir desta terça,"Órgãos do governo federal fazem recomendações à população de Rio Grande do Sul e Santa Catarina, que devem ser atingidos por vendavais",2022-05-16 20:02:06,https://jovempan.com.br/noticias/brasil/ciclone-com-ventos-de-mais-de-100-km-h-deve-atingir-a-regiao-sul-a-partir-desta-terca.html
Joven Pan,"Entenda o que é chuva congelante, raro fenômeno que chega ao Brasil na próxima semana","Massa de ar polar deve chegar ao centro-sul do país e derrubar temperaturas na próxima semana, gerando neve e geadas",2022-05-13 16:02:04,https://jovempan.com.br/noticias/brasil/entenda-o-que-e-chuva-congelante-raro-fenomeno-que-chega-ao-brasil-na-proxima-semana.html
Joven Pan,Comissão especial do Senado vota relatório final da tragédia de Petrópolis nesta quinta,Documento traz 95 recomendações que podem ajudar a reverter os estragos que aconteceram na cidade e minimizar riscos de novas tragédias,2022-05-12 09:01:04,https://jovempan.com.br/programas/jornal-da-manha/comissao-especial-do-senado-vota-relatorio-final-da-tragedia-de-petropolis-nesta-quinta.html
Joven Pan,Ciclone em Santa Catarina deixa 22 cidades em estado de emergência,"Defesa Civil catarinense confirma três óbitos, 7.100 desalojados e 518 desabrigados; 13 presos conseguem escapar durante transferência",2022-05-06 22:05:00,https://jovempan.com.br/noticias/brasil/ciclone-em-santa-catarina-deixa-22-cidades-em-estado-de-emergencia.html
Joven Pan,Bombeiros encontram ossada em Brumadinho após mais de três anos da tragédia,Ainda não é possível afirmar que a localização resultará em nova identificação de vítima; equipes ainda buscam seis desaparecidos,2022-05-03 15:02:04,https://jovempan.com.br/noticias/brasil/bombeiros-encontram-ossada-em-brumadinho-apos-mais-de-tres-anos-da-tragedia.html
Joven Pan,"Chuva forte causa alagamentos, deslizamentos e uma morte na região metropolitana do Rio",Pessoa estava em carro que caiu em valão no município de São Gonçalo; outros quatro ocupantes do veículo sofreram ferimentos leves,2022-04-30 14:03:01,https://jovempan.com.br/noticias/brasil/chuva-forte-causa-alagamentos-deslizamentos-e-uma-morte-na-regiao-metropolitana-do-rio.html
Joven Pan,Número de mortos por enchentes na África do Sul chega a 433; outros 63 estão desaparecidos,"Governo estima que 40 mil pessoas tenham sido afetadas pelas inundações, 3.937 casas destruídas e 8.039 foram parcialmente danificadas",2022-04-17 22:04:02,https://jovempan.com.br/noticias/brasil/numero-de-mortos-por-enchentes-na-africa-do-sul-chega-a-433-outros-63-estao-desaparecidos.html
Joven Pan,"Em deslizamento no Rio, pedra destrói casa e prende pernas de jovem por 5 horas","Lucas da Silva era o único dos seis moradores que estava na residência; após o resgate, ele foi levado em estado grave ao hospital",2022-04-16 19:01:09,https://jovempan.com.br/noticias/brasil/em-deslizamento-no-rio-pedra-destroi-casa-e-prende-pernas-de-jovem-por-5-horas.html
Joven Pan,Justiça dá prazo para prefeitura de São Paulo apresentar novo plano contra enchentes,Decisão atende a um pedido do Ministério Público; em março deste ano a cidade foi castigada pelas fortes chuvas e um jovem morreu ao ser levado pelas águas do rio Aricanduva,2022-04-07 12:00:05,https://jovempan.com.br/programas/jornal-da-manha/justica-da-prazo-para-prefeitura-de-sao-paulo-apresentar-novo-plano-contra-enchentes.html
Joven Pan,Mortos pelas chuvas no Rio de Janeiro chegam a 18,A cidade de Angra dos Reis foi a mais afetada pelas chuvas e já registra 10 mortos; cinco pessoas seguem desaparecidas em todo o Estado,2022-04-04 11:02:00,https://jovempan.com.br/noticias/brasil/mortos-pelas-chuvas-em-angra-dos-reis-sobem-para-10.html
Joven Pan,"Após chuvas, rodovia Rio-Santos apresenta mais de 20 trechos interditados","Bloqueio das vias ocorre de maneira total ou parcial devido a deslizamentos de terra, queda de postes e desmoronamentos nas vias",2022-04-03 20:01:00,https://jovempan.com.br/noticias/brasil/apos-chuvas-rodovia-rio-santos-apresenta-mais-de-20-trechos-interditados.html
Joven Pan,Chuvas no Estado do Rio de Janeiro deixam 16 mortos e pelo menos oito desaparecidos,"Cidades ficaram alagadas, e muitos moradores perderam casas, carros, móveis e eletrodomésticos; Angra dos Reis e Paraty foram os municípios mais castigados",2022-04-02 17:03:00,https://jovempan.com.br/noticias/brasil/bombeiros-encontram-mais-tres-corpos-em-angra-dos-reis-e-vitimas-das-chuvas-no-rj-chegam-a-13.html
Joven Pan,Mãe e seis filhos morrem após deslizamento em Paraty,Uma criança de 9 anos foi socorrida pelos moradores e sobreviveu; outras sete casas do bairro Ponta Negra sofreram danos,2022-04-02 14:00:09,https://jovempan.com.br/noticias/brasil/mae-e-cinco-filhos-morrem-apos-deslizamento-em-paraty.html
Joven Pan,"Fortes chuvas alagam cidades, causam deslizamentos e deixam ao menos 13 mortos no Estado do RJ","Em Angra dos Reis, morreram uma criança e um adolescente, e 13 pessoas estão desaparecidas; Nova Iguaçu, Paraty e Mesquita também foram drasticamente atingidas",2022-04-02 12:05:02,https://jovempan.com.br/noticias/brasil/fortes-chuvas-alagam-cidades-causam-deslizamentos-e-deixam-ao-menos-9-mortos-no-estado-do-rj.html
Joven Pan,Deslizamentos em Angra dos Reis deixam pelo menos 11 desaparecidos,Equipes do Corpo de Bombeiros ainda trabalham na busca por vítimas em Ilha Grande e Ponta Negra,2022-04-02 09:05:07,https://jovempan.com.br/noticias/brasil/deslizamentos-em-angra-dos-reis-deixam-pelo-menos-11-desaparecidos.html
Joven Pan,Bombeiros encontram mais uma possível vítima das chuvas em Petrópolis,Corpo encontrado no Rio Piabanha pode ser de desaparecido do temporal de 15 de fevereiro,2022-03-24 23:02:08,https://jovempan.com.br/noticias/brasil/bombeiros-encontram-mais-uma-possivel-vitima-das-chuvas-em-petropolis.html
Joven Pan,Chuvas deixam pelo menos 5 mortos em Petrópolis; 3 estão desaparecidos,"Defesa Civil mantém alerta para risco alto de deslizamento nesta segunda-feira, 21, e reforça a orientação para que a população busque locais seguros",2022-03-21 13:05:06,https://jovempan.com.br/noticias/brasil/chuvas-deixam-pelo-menos-5-mortos-em-petropolis-3-estao-desaparecidos.html
Joven Pan,Chuva forte em Petrópolis causa alagamentos e Defesa Civil aciona sirenes,Centro da cidade ficou debaixo d’água; população foi orientada a procurar locais seguros,2022-03-20 16:01:06,https://jovempan.com.br/noticias/brasil/chuva-forte-em-petropolis-causa-alagamentos-e-defesa-civil-aciona-sirenes.html
Joven Pan,"Atingida por tragédia, Petrópolis tem aviso de alerta por causa de chuva",Chuva que deve começar a cair durante a tarde pode se prolongar ao longo da noite; 233 pessoas morreram no temporal do dia 15 de fevereiro,2022-03-20 15:02:05,https://jovempan.com.br/noticias/brasil/atingida-por-tragedia-petropolis-tem-aviso-de-alerta-por-causa-de-chuva.html
Joven Pan,Mortos pelas chuvas em Petrópolis chegam a 195; desaparecidos são 69,"Secretaria de Defesa Civil emitiu alerta para o risco de chuvas em diversas áreas do município nesta terça-feira, 22; 32 vítimas são menores de idade",2022-02-22 15:03:08,https://jovempan.com.br/noticias/brasil/mortos-pelas-chuvas-em-petropolis-chegam-a-183-desaparecidos-sao-85.html
Joven Pan,Tragédia em Petrópolis já causou 181 mortes; previsão é de mais chuvas nesta segunda,"Segundo a Polícia Civil, há registros de 126 pessoas que ainda estão desaparecidas",2022-02-21 08:02:05,https://jovempan.com.br/noticias/brasil/tragedia-em-petropolis-ja-causou-176-mortes-previsao-e-de-mais-chuvas-nesta-segunda.html
Joven Pan,Mortos pelas chuvas em Petrópolis chegam a 171; 124 já foram identificados,Prefeitura da cidade da região serrana do Rio de Janeiro informou que 114 sepultamentos foram feitos até o momento,2022-02-20 23:03:05,https://jovempan.com.br/noticias/brasil/numero-de-mortos-pelas-chuvas-em-petropolis-sobe-para-171.html
Joven Pan,Defesa Civil aciona sirene e previsão aponta novas chuvas em Petrópolis; 124 vítimas foram identificadas,Monitoramento de equipe técnica indica a possibilidade de ocorrer chuva moderada nas próximas horas,2022-02-20 18:05:00,https://jovempan.com.br/noticias/brasil/defesa-civil-aciona-sirene-e-previsao-aponta-novas-chuvas-em-petropolis-124-vitimas-foram-identificadas.html
Joven Pan,Polícia Civil identifica 124 vítimas das chuvas em Petrópolis; veja a lista,"Ao todo, 152 corpos já foram localizados e 165 pessoas permanecem desaparecidas",2022-02-20 14:01:03,https://jovempan.com.br/noticias/brasil/policia-civil-identifica-124-vitimas-das-chuvas-em-petropolis-veja-a-lista.html
Joven Pan,Petrópolis: Mais de 200 animais já foram resgatados em áreas de deslizamentos,Animais estão sendo direcionados para lares temporários e clínicas voluntárias,2022-02-20 13:02:08,https://jovempan.com.br/noticias/brasil/petropolis-mais-de-200-animais-ja-foram-resgatados-em-areas-de-deslizamentos.html
Joven Pan,Defesa Civil aciona sirenes em Petrópolis e faz alerta para chuvas fortes; tragédia já deixou 152 mortos,"Para melhorar a comunicação na operação que acontece na cidade, foram instaladas antenas de internet",2022-02-19 16:05:00,https://jovempan.com.br/noticias/brasil/defesa-civil-aciona-sirenes-em-petropolis-e-faz-alerta-para-chuvas-fortes-tragedia-ja-deixou-139-mortos.html
Joven Pan,Mudanças climáticas devem tornar as tragédias ambientais mais frequentes; entenda,"Especialista avalia a relação entre os eventos climáticos e os recentes casos de enchentes, deslizamentos de terra e temporais no Brasil",2022-02-19 10:05:03,https://jovempan.com.br/programas/jornal-da-manha/mudancas-climaticas-deve-tornar-as-tragedias-ambientais-mais-frequentes-entenda.html
Joven Pan,Petrópolis inicia 5º dia de buscas com previsão de chuvas; mortes já chegam a 139,"Segundo o Inmet, há riscos de corte de energia elétrica, queda de galhos de árvores, alagamentos e de descargas elétricas; ao menos 19 vítimas já foram sepultadas neste sábado",2022-02-19 09:03:01,https://jovempan.com.br/noticias/brasil/petropolis-inicia-5o-dia-de-buscas-com-previsao-de-chuvas-mortes-ja-chegam-a-136.html
Joven Pan,Secretaria da Saúde de Petrópolis alerta para doenças após contato com água de enchentes,"Tétano, leptospirose e outras enfermidades causam preocupação após tragédia das chuvas na cidade do Rio de Janeiro",2022-02-18 23:01:03,https://jovempan.com.br/noticias/brasil/secretaria-da-saude-de-petropolis-alerta-para-doencas-apos-contato-com-agua-de-enchentes.html
Joven Pan,Três pessoas morrem soterradas em deslizamento de terra em Caratinga (MG),"Vizinhos retiraram os corpos enterrados antes do Corpo de Bombeiros chegar ao local, mas família estava sem vida",2022-02-18 18:02:08,https://jovempan.com.br/noticias/brasil/tres-pessoas-morrem-soterradas-em-deslizamento-de-terra-em-caratinga-mg.html
Joven Pan,"Petrópolis sofre com saques, cenário de guerra e mais chuvas; mortos sobem para 136","Segundo o Corpo de Bombeiros, 24 pessoas foram resgatadas com vida e 967 estão desabrigadas; total de desaparecidos é de 218",2022-02-18 17:00:04,https://jovempan.com.br/noticias/brasil/petropolis-sofre-com-saques-cenario-de-guerra-e-mais-chuvas-mortos-sobem-para-129.html
Joven Pan,Vítimas de deslizamentos começam a ser sepultadas em Petrópolis,Cidade ainda trabalha para encontrar vítimas; governo diz ter montado uma força tarefa para identificar as pessoas com mais rapidez,2022-02-18 10:04:03,https://jovempan.com.br/programas/jornal-da-manha/vitimas-de-deslizamentos-comecam-a-ser-sepultadas-em-petropolis.html
Joven Pan,Mortos em Petrópolis chegam a 129 e Defesa Civil alerta para novos deslizamentos,"Segundo o Inmet, há previsão de chuva superior a 60mm/h ou acima de 100mm/dia, com alagamentos, transbordamento de rios e queda de encostas; ao menos 116 pessoas ainda estão desaparecidas",2022-02-18 08:00:08,https://jovempan.com.br/noticias/brasil/sirenes-voltam-a-tocar-em-nove-regioes-de-petropolis-numero-de-mortos-ja-chega-a-120.html
Joven Pan,"‘Escapei da morte por um minuto’, diz sobrevivente da tragédia de Petrópolis","Morador da região do Alto da Serra, Rodrigo Kopke, de 48 anos, decidiu fumar na parte externa da casa segundos antes de seu quarto ser levado pela avalanche de lama: ‘Foi um terror, um filme de terror’",2022-02-17 21:03:04,https://jovempan.com.br/noticias/brasil/escapei-da-morte-por-um-minuto-diz-sobrevivente-da-tragedia-de-petropolis.html
Joven Pan,São Paulo registra alagamentos em dia de fortes chuvas,Circulação no corredor metropolitano de ônibus ABD foi alterada por causa das inundações,2022-02-17 20:01:04,https://jovempan.com.br/noticias/brasil/sao-paulo-registra-alagamentos-em-dia-de-fortes-chuvas.html
Joven Pan,Novo deslizamento provoca evacuação de área em Petrópolis,"Moradores foram orientados a deixar suas casas, na rua 24 de Maio, diante de risco de novo desabamento; desabrigados foram encaminhados para pontos de acolhimento montados pela Prefeitura",2022-02-17 18:01:01,https://jovempan.com.br/noticias/brasil/novo-deslizamento-provoca-evacuacao-de-area-em-petropolis.html
Joven Pan,"Chuvas voltam a castigar Petrópolis, e Defesa Civil interdita trechos inundados na cidade","No início da noite desta quinta-feira, em uma hora, foram registrados mais de 60 milímetros de precipitação; buscas por vítimas foram interrompidas",2022-02-17 17:04:04,https://jovempan.com.br/noticias/brasil/defesa-civil-aciona-sirenes-e-emite-alerta-sobre-chuvas-fortes-em-petropolis-para-as-proximas-horas.html
Joven Pan,Ao menos 50 animais são resgatados após tragédia em Petrópolis,"Fortes chuvas que atingem o município desde a última terça-feira têm causado deslizamentos de terra, inundações e desabamento de casas",2022-02-17 16:05:03,https://jovempan.com.br/noticias/brasil/ao-menos-50-animais-sao-resgatados-apos-tragedia-em-petropilis.html
Joven Pan,Defesa Civil de Petrópolis emite alerta de fortes chuvas nesta sexta; moradores recebem SMS,"Previsão é que temporais continuem no município até o sábado, 19, acompanhados por descargas elétricas e rajadas de vento forte",2022-02-17 10:04:09,https://jovempan.com.br/noticias/brasil/defesa-civil-de-petropolis-emite-alerta-de-fortes-chuvas-nesta-sexta-moradores-recebem-sms.html
Joven Pan,"Tragédia em Petrópolis aconteceu por falta de interesse político, afirma pesquisador da USP","Segundo Paulo Artaxo, havia recursos disponíveis para prevenir situações como a que ocorreu, mas não foram utilizados pela prefeitura",2022-02-17 10:01:02,https://jovempan.com.br/programas/jornal-da-manha/tragedia-em-petropolis-aconteceu-por-falta-de-interesse-politico-afirma-pesquisador-da-usp.html
Joven Pan,Cláudio Castro: chuva que atingiu Petrópolis foi ‘a pior desde 1932’,Governador do Rio de Janeiro esteve no local e informou que foram registrados 240 milímetros de chuva em apenas duas horas,2022-02-16 19:01:09,https://jovempan.com.br/noticias/brasil/claudio-castro-chuva-que-atingiu-petropolis-foi-a-pior-desde-1932.html
Joven Pan,Cláudio Castro diz que cenário em Petrópolis é de guerra e que sirenes impediram tragédia maior,"Segundo o governador, o Sistema de Alerta e Alarme foi importante para evitar um número maior de óbitos; 78 pessoas morreram",2022-02-16 18:04:06,https://jovempan.com.br/noticias/brasil/claudio-castro-diz-que-cenario-em-petropolis-e-de-guerra-e-que-sirenes-impediram-tragedia-maior.html
Joven Pan,Saiba como ajudar as vítimas da chuva na Região Serrana do RJ,"Diferentes campanhas arrecadam alimentos, água potável, cobertores, itens de higiene e roupas para famílias afetadas",2022-02-16 17:01:00,https://jovempan.com.br/noticias/brasil/saiba-como-ajudar-as-vitimas-da-chuva-na-regiao-serrana-do-rj.html
Joven Pan,Tragédia em Petrópolis: Chuva causa deslizamento de terra e arrasta veículos; veja imagens,"Forte temporal deixou ao menos 66 pessoas mortas, entre elas duas crianças; equipes se mobilizam em busca de sobreviventes",2022-02-16 17:00:07,https://jovempan.com.br/noticias/brasil/tragedia-em-petropolis-chuva-causa-deslizamento-de-terra-e-arrasta-veiculos-veja-imagens.html
Joven Pan,Veja vídeos das enxurradas e dos deslizamentos de terra em Petrópolis,"Com o excesso de água que atingiu a região, casas, carros, ônibus, lojas e árvores foram arrastados, e as vias públicas se transformaram em um rio",2022-02-16 14:03:08,https://jovempan.com.br/noticias/brasil/veja-videos-do-momento-exato-do-deslizamento-de-terra-em-petropolis.html
Joven Pan,Flávio Bolsonaro lamenta tragédia em Petrópolis e diz que sobrevoará local com o presidente,"Senador se pronunciou sobre a tragédia e afirmou que irá ao local sexta-feira com o presidente, que estará retornando de viagem e vai diretamente para o Rio de Janeiro",2022-02-16 11:05:01,https://jovempan.com.br/noticias/brasil/flavio-bolsonaro-lamenta-tragedia-em-petropolis-e-diz-que-sobrevoara-local-com-o-presidente.html
Joven Pan,Fortes chuvas em Petrópolis deixam ao menos 38 mortos,Buscas por sobreviventes e corpos prosseguem na cidade da região serrana do Rio de Janeiro; temporal deve continuar ao longo da quarta-feira,2022-02-15 22:02:05,https://jovempan.com.br/noticias/brasil/fortes-chuvas-em-petropolis-deixam-ao-menos-seis-mortos-diz-ministro-rogerio-marinho.html
Joven Pan,Marco Vinholi nega que São Paulo tenha investido menos em obras contra enchentes: ‘Investimento recorde’,"Secretário de Desenvolvimento Regional projeta destinação de R$ 1,2 bilhão neste ano para ações nos municípios; Estado registrou 34 mortos em janeiro em decorrência das chuvas",2022-02-09 08:03:05,https://jovempan.com.br/programas/jornal-da-manha/marco-vinholi-nega-que-sao-paulo-tenha-investido-menos-em-obras-contra-enchentes-investimento-recorde.html
Joven Pan,"Em 1 mês, São Paulo tem mais mortes por deslizamentos que em todo 2021",Investimento em prevenção pelo governo estadual foi menor do que a metade do previsto,2022-02-08 08:02:06,https://jovempan.com.br/programas/jornal-da-manha/em-1-mes-sao-paulo-tem-mais-mortes-por-deslizamentos-que-em-todo-2021.html
Joven Pan,Defesa Civil emite alerta de fortes chuvas em cidades de São Paulo na próxima semana,"De acordo com o órgão, os temporais podem causar mais alagamentos, inundações, enxurradas e deslizamentos de terra",2022-02-05 18:03:02,https://jovempan.com.br/noticias/brasil/defesa-civil-emite-alerta-de-fortes-chuvas-em-cidades-de-sao-paulo-na-proxima-semana.html
Joven Pan,Mortes pelas chuvas em SP sobem para 32; mais de 5 mil famílias estão desabrigadas,Corpo de Bombeiros localizou mais uma vítima do deslizamento em Franco da Rocha; 2 ainda estão desaparecidos,2022-02-04 15:03:05,https://jovempan.com.br/noticias/brasil/numero-de-mortes-pelas-chuvas-em-sp-sobe-para-32-mais-de-5-mil-familias-estao-desabrigadas.html
Joven Pan,Mais dois corpos são encontrados em Franco da Rocha; número de mortos após chuvas vai para 29 em SP,Cidade contabiliza 13 vítimas fatais das tragédias ocorridas no último final de semana; bombeiros ainda trabalham com a possibilidade de encontrar sobreviventes,2022-02-03 08:04:09,https://jovempan.com.br/noticias/brasil/mais-dois-corpos-sao-encontrado-em-franco-da-rocha-numero-de-mortos-vai-para-29-em-sp.html
Joven Pan,Governo federal nega pedido de Doria por verba de R$ 470 milhões para cidades atingidas pelas chuvas,"Segundo Rogério Marinho, a requisição de recursos foi para obras regulares de contenção, não para execução de ações emergenciais; presidente disse que ‘fará o possível’ para auxiliar os municípios",2022-02-01 15:05:02,https://jovempan.com.br/noticias/brasil/governo-federal-nega-pedido-de-doria-por-verba-de-r-470-milhoes-para-cidades-atingidas-pelas-chuvas.html
Joven Pan,Famílias de Embu da Artes tentam recuperar pertences após deslizamentos,Imóveis foram internados pela Defesa Civil no domingo após duas casas serem atingidas; três pessoas da mesma família morreram soterradas,2022-02-01 09:01:03,https://jovempan.com.br/programas/jornal-da-manha/familias-de-embu-da-artes-tentam-recuperar-pertences-apos-deslizamentos.html
Joven Pan,"‘Até zonas que não eram consideradas de risco foram impactadas pelo grande volume de chuvas’, diz Vinholi","Segundo o secretário de Desenvolvimento Regional de São Paulo, choveu em 72 horas mais do que era esperado em um mês; governo estadual espera ajuda do governo federal",2022-02-01 08:02:08,https://jovempan.com.br/programas/jornal-da-manha/ate-zonas-que-nao-eram-consideradas-de-risco-foram-impactadas-pelo-grande-volume-de-chuvas-diz-vinholi.html
Joven Pan,Bolsonaro visita áreas afetadas pelas chuvas em São Paulo nesta terça-feira,"Presidente estará acompanhado do ministro da Cidadania, João Roma; governo federal trabalha para apoiar as cidades prejudicadas com a doação de alimentos e liberação do FGTS",2022-02-01 08:02:03,https://jovempan.com.br/programas/jornal-da-manha/bolsonaro-visita-areas-afetadas-pelas-chuvas-em-sao-paulo-nesta-terca-feira.html
Joven Pan,Sobe para 24 o número de mortos pelas chuvas no Estado de São Paulo,Defesa Civil confirmou mais três mortes em Franco da Rocha; corpos ainda estão sendo extraídos dos escombros pelas equipes de resgate,2022-01-31 17:00:02,https://jovempan.com.br/noticias/brasil/sobe-para-24-o-numero-de-mortos-pelas-chuvas-no-estado-de-sao-paulo.html
Joven Pan,Prefeito de Itapevi decreta estado de emergência devido às chuvas e faz apelo ao governo federal,Igor Soares defende a criação de um programa habitacional tripartite para acabar com as moradias irregulares e evitar novos acidentes; bebê de três meses morreu após deslizamento no município,2022-01-31 10:01:02,https://jovempan.com.br/programas/jornal-da-manha/prefeito-de-itapevi-decreta-estado-de-emergencia-devido-as-chuvas-e-faz-apelo-ao-governo-federal.html
Joven Pan,"Fortes chuvas devem persistir em São Paulo até quarta-feira, afirma meteorologista do Inmet","Segundo Mamedes Luiz Melo, o Estado já está no limite em relação à média climatológica, já tendo ultrapassado 200 milímetros em vários municípios",2022-01-31 10:00:09,https://jovempan.com.br/programas/jornal-da-manha/fortes-chuvas-devem-persistir-em-sao-paulo-ate-quarta-feira-afirma-meteorologista-do-inmet.html
Joven Pan,Doria lamenta mortes causadas pelas chuvas em SP e anuncia liberação de R$ 15 milhões para municípios atingidos,"Segundo balanço da gestão estadual, pelo menos 18 pessoas morreram em decorrência dos temporais que atingiram, de forma mais intensa, 11 cidades do Estado",2022-01-30 16:00:05,https://jovempan.com.br/noticias/brasil/doria-lamenta-mortes-causadas-pelas-chuvas-em-sp-e-anuncia-liberacao-de-r-15-milhoes-para-municipios-atingidos.html
Joven Pan,"Chuvas no Estado de São Paulo causam deslizamentos, alagam cidades e deixam 21 mortos","Cidades mais castigadas foram Arujá, Franco da Rocha, Francisco Morato, Embu das Artes, Várzea Paulista, Campo Limpo Paulista, Jaú, Ribeirão Preto, Capivari, Monte Mor e Rafard",2022-01-30 13:02:08,https://jovempan.com.br/noticias/brasil/chuvas-no-estado-de-sao-paulo-causam-deslizamentos-e-deixam-cidades-alagadas.html
Joven Pan,Prefeitura de São Paulo suspende vacinação em parques e farmácias por causa da chuva,Imunização será retomada na capital paulista nesta segunda-feira; temporais causaram alagamentos na cidade,2022-01-30 10:01:07,https://jovempan.com.br/noticias/brasil/prefeitura-de-sao-paulo-suspende-vacinacao-em-parques-e-farmacias-por-causa-da-chuva.html
Joven Pan,Deslizamento de terra deixa três mortos em Embu das Artes,Outras quatro pessoas que viviam no imóvel conseguiram escapar com a ajuda de vizinhos,2022-01-30 09:03:00,https://jovempan.com.br/noticias/brasil/deslizamento-de-terra-deixa-tres-mortos-em-embu-das-artes.html
Joven Pan,Tragédia de Brumadinho completa 3 anos com poucas barragens desativadas e prazo perto do fim,"Empresas já admitiram que 42 estruturas não serão desativadas no tempo determinado pela lei; Vale, responsável pela maioria das barragens, prevê terminar a descaracterização em 2035",2022-01-25 10:00:00,https://jovempan.com.br/noticias/brasil/tragedia-de-brumadinho-completa-3-anos-com-poucas-barragens-desativadas-e-prazo-perto-do-fim.html
Joven Pan,Governo libera mais R$ 104 milhões para cidades afetadas pelas chuvas na Bahia,"Segundo a Defesa Civil, 27 pessoas morreram e 523 ficaram feridas em decorrência das enchentes, que afetaram mais de 130 municípios do Estado",2022-01-20 07:05:01,https://jovempan.com.br/programas/jornal-da-manha/governo-libera-mais-r-104-milhoes-para-cidades-afetadas-pelas-chuvas-na-bahia.html
Joven Pan,Sobe para 27 o número de mortos pelas chuvas na Bahia,Nova vítima é idoso de 72 anos que se afogou na região oeste do Estado; 190 cidades continuam sob decreto de situação de emergência,2022-01-17 07:05:00,https://jovempan.com.br/programas/jornal-da-manha/sobe-para-27-o-numero-de-mortos-pelas-chuvas-na-bahia.html
Joven Pan,Deslizamento de terra destrói casarão no centro histórico de Ouro Preto; veja vídeo,"Acidente aconteceu nesta quinta-feira, 13, e também atingiu um depósito; segundo a Defesa Civil, a recomendação é que os moradores não passem pela região",2022-01-13 11:00:00,https://jovempan.com.br/noticias/brasil/deslizamento-de-terra-destroi-casarao-no-centro-historico-de-ouro-preto.html
Joven Pan,Zema prevê mudanças climáticas e aumento de chuvas em MG no futuro e fala da necessidade de reformas,"Quase 4 mil pessoas estão desabrigadas e 24,6 mil desalojadas no Estado; 24 morreram desde o início dos temporais em outubro",2022-01-13 07:02:04,https://jovempan.com.br/programas/jornal-da-manha/zema-preve-mudancas-climaticas-e-aumento-de-chuvas-em-mg-no-futuro-e-fala-da-necessidade-de-reformas.html
Joven Pan,"95% dos afetados pelas chuvas em MG devem conseguir voltar para casa, diz governador",Romeu Zema disse que a prioridade é assistência humanitária às famílias e informou que o governo federal enviará recursos ao Estado,2022-01-12 16:02:08,https://jovempan.com.br/noticias/brasil/95-dos-afetados-pelas-chuvas-em-mg-devem-conseguir-voltar-para-casa-diz-governador.html
Joven Pan,Chuvas causam mais 5 mortes em Minas Gerais; total de vítimas chega a 24,"De acordo com a Defesa Civil, mais de 3 mil pessoas estão desabrigadas; 341 cidades estão em estado de emergência",2022-01-12 15:00:03,https://jovempan.com.br/noticias/brasil/chuvas-causam-mais-5-mortes-em-minas-gerais-total-de-vitimas-chega-a-24.html
Joven Pan,São Paulo entra em estado de atenção para alagamentos nesta terça-feira,"Segundo o Centro de Gerenciamento de Emergências, a capital paulista segue com tempo instável nas próximas horas",2022-01-11 14:03:03,https://jovempan.com.br/noticias/brasil/sao-paulo-entra-em-estado-de-atencao-para-alagamentos-nesta-terca-feira.html
Joven Pan,Chuva causa dez mortes em 24 horas em MG; mais de 3 mil estão desabrigados,"Uma das vítimas é uma criança de 10 anos, que morreu soterrada em São Gonçalo do Rio Abaixo na madrugada do dia 10, após o desabamento de um muro",2022-01-11 13:04:07,https://jovempan.com.br/noticias/brasil/chuva-causa-dez-mortes-em-24-horas-em-mg-3481-estao-desabrigados.html
Joven Pan,"Afetado pelas chuvas, Estado de MG vive série de riscos para segurança das pessoas, diz coordenador da Defesa Civil","Previsão é que chuvas continuem atingindo a região nesta terça-feira, 11; avaliação é que cenário permanece crítico em 20% dos municípios, com riscos geológicos principalmente na região metropolitana de BH",2022-01-11 09:03:00,https://jovempan.com.br/programas/jornal-da-manha/afetado-pelas-chuvas-estado-de-mg-vive-serie-de-riscos-para-seguranca-das-pessoas-diz-coordenador-da-defesa-civil.html
Joven Pan,Polícia identifica última das 10 vítimas da tragédia de Capitólio,"Vítimas eram de São Paulo e Minas Gerais, estavam na lancha ‘Jesus’ e se conheciam, segundo delegado",2022-01-10 08:05:09,https://jovempan.com.br/noticias/brasil/policia-identifica-8-dos-10-mortos-na-tragedia-de-capitolio-veja-quem-sao.html
Joven Pan,Romeu Zema decreta luto de 3 dias por vítimas de Capitólio e fortes chuvas,Decreto acontece após o desabamento de um cânion causar a morte de 10 pessoas em Minas Gerais; cidades sofrem consequências dos temporais na região,2022-01-10 06:04:08,https://jovempan.com.br/noticias/brasil/romeu-zema-decreta-luto-de-3-dias-por-vitimas-de-capitolio-e-fortes-chuvas.html
Joven Pan,Polícia identifica 5 dos 10 mortos na tragédia em Capitólio; vítimas são de MG e SP,"Segundo o delegado, vítimas se conheciam e estavam hospedadas na mesma pousada",2022-01-09 20:05:03,https://jovempan.com.br/noticias/brasil/policia-identifica-5-dos-10-mortos-na-tragedia-em-capitolio-vitimas-sao-de-mg-e-sp.html
Joven Pan,Bombeiros encontram corpos e mortos na tragédia de Capitólio sobem para 10,"Polícia Civil acredita que as duas vítimas eram pai e filho; buscas seguem no Lago de Furnas, embora as autoridades suspeitem que não há mais nenhuma pessoa sumida",2022-01-09 15:01:09,https://jovempan.com.br/noticias/brasil/bombeiros-encontram-ultimos-desaparecidos-e-numero-de-morto-em-capitolio-sobe-para-dez.html
Joven Pan,Deslizamento de barragem interdita rodovia em Paraty,Estrada só será liberada obras de reparo emergenciais; autoridades fluminenses pedem que todos os motoristas busquem rotas alternativas,2022-01-09 12:04:09,https://jovempan.com.br/noticias/brasil/deslizamento-de-barragem-interdita-rodovia-em-paraty.html
Joven Pan,Marinha abre investigação para apurar causas da tragédia em Capitólio,"Serão analisadas a segurança da navegação, a habilitação dos barqueiros e a observância das normas e legislações para navegabilidade na região",2022-01-09 12:00:01,https://jovempan.com.br/noticias/brasil/marinha-abre-investigacao-para-apurar-causas-da-tragedia-em-capitolio.html
Joven Pan,"Para especialistas, surtos em navios eram ‘tragédia anunciada’; entenda por que cruzeiros são propícios à Covid-19",Associação Brasileira de Navios de Cruzeiros anunciou suspensão das atividades após dezenas de infectados; médicas dizem que vacinação diminuiu possibilidade de casos graves da doença,2022-01-09 10:00:00,https://jovempan.com.br/noticias/brasil/para-especialistas-surtos-em-navios-eram-tragedia-anunciada-entenda-por-que-cruzeiros-sao-propicios-a-covid-19.html
Joven Pan,"Bolsonaro, autoridades e políticos falam sobre tragédia em Capitólio","Senadores, deputados e ministros utilizaram as redes sociais para prestarem solidariedade às vítimas da tragédia; até o momento, foram confirmadas cinco mortes",2022-01-08 17:04:06,https://jovempan.com.br/noticias/brasil/bolsonaro-autoridades-e-politicos-falam-sobre-tragedia-em-capitolio.html
Joven Pan,"Transbordamento em Minas Gerais ocorreu devido às fortes chuvas, explica bombeiro","Tenente Pedro Haiara deu entrevista à Jovem Pan News e explicou o que causou o acidente em Nova Lima, na região metropolitana de Minas Gerais",2022-01-08 14:03:08,https://jovempan.com.br/noticias/brasil/transbordamento-em-minas-gerais-ocorreu-devido-as-fortes-chuvas-explica-bombeiro.html
Joven Pan,"Tornado passa por Santa Catarina, causa alagamentos, derruba árvores e arranca telhados","Região atingida foi a do Vale do Itajaí; ventos chegaram a 130 km/h, de acordo com a Defesa Civil",2022-01-06 16:01:04,https://jovempan.com.br/noticias/brasil/defesa-civil-confirma-passagem-de-tornado-em-santa-catarina.html
Joven Pan,Governo do Tocantins decreta situação de emergência em decorrência de enchentes,Estado sofre com desastres causados pelas fortes chuvas desde 24 de dezembro de 2021; decreto terá vigência de 90 dias,2022-01-06 11:00:01,https://jovempan.com.br/noticias/brasil/governo-do-tocantins-decreta-situacao-de-emergencia-em-decorrencia-de-enchentes.html
Joven Pan,Mortos pelas chuvas no Estado da Bahia sobem para 26,"Ao todo há 518 feridos no estado, com 30.915 pessoas desabrigadas e 62.731 desalojadas",2022-01-03 23:00:00,https://jovempan.com.br/noticias/brasil/mortos-pelas-chuvas-no-estado-da-bahia-sobem-para-26.html
Joven Pan,Tocantins chega a 340 pessoas desabrigadas em decorrência de enchentes,"De acordo com a Defesa Civil do Estado, 35 municípios foram afetados pelas fortes chuvas; 114 pessoas foram desalojadas",2022-01-03 14:04:05,https://jovempan.com.br/noticias/brasil/tocantins-chega-a-340-pessoas-desabrigadas-em-decorrencia-de-enchentes.html
Joven Pan,Saúde envia mais 34 médicos para atender vítimas de enchentes na Bahia,"Segundo o ministro Marcelo Queiroga, 119 profissionais serão deslocados ao local até o dia 10 de janeiro",2022-01-03 11:04:03,https://jovempan.com.br/noticias/brasil/saude-envia-mais-34-medicos-para-atender-vitimas-de-enchentes-na-bahia.html
Joven Pan,Bombeiros de São Paulo voltam da Bahia e contam como foi o trabalho de auxílio nas enchentes,"Agentes atuaram em duas frentes, uma mais indireta, de transporte de equipes, e outra mais direta, com ação humanitária, socorro de vítimas isoladas e entrega de alimentos e remédios",2022-01-03 07:02:09,https://jovempan.com.br/programas/jornal-da-manha/bombeiros-de-sao-paulo-voltam-da-bahia-e-contam-historias-das-enchentes.html
Joven Pan,Chuva forte deixa pontos de alagamento na cidade de São Paulo,"Trechos intransitáveis no Centro e na Zona Oeste paralisaram avenidas na tarde deste domingo, 2",2022-01-02 19:01:03,https://jovempan.com.br/noticias/brasil/chuva-forte-deixa-pontos-de-alagamento-na-cidade-de-sao-paulo.html
Joven Pan,Defesa Civil emite alerta de fortes chuvas para Belo Horizonte,Capital mineira pode ter fortes chuvas com rajadas de vento e raios; previsão é válida até às 8h de domingo,2022-01-01 16:03:00,https://jovempan.com.br/noticias/brasil/defesa-civil-emite-alerta-de-fortes-chuvas-para-belo-horizonte.html
Joven Pan,Bolsonaro libera R$ 700 milhões para atender regiões atingidas pela chuva,Governo editou medida provisória que destina quantia para o Ministério da Cidadania poder prestar assistência a cidades da Bahia e de Minas Gerais,2021-12-31 16:01:09,https://jovempan.com.br/noticias/brasil/bolsonaro-libera-r-700-milhoes-para-atender-regioes-atingidas-pela-chuva.html
Joven Pan,Chuvas atingem cidades do litoral norte de SP e causam alagamentos; veja vídeos,Cidades como Ilhabela e Caraguatatuba tiveram mais de 100mm de chuva e viram fortes enxurradas se formarem nas ruas,2021-12-30 22:01:03,https://jovempan.com.br/noticias/brasil/chuvas-atingem-cidades-do-litoral-norte-de-sp-e-causam-alagamentos-veja-videos.html
Joven Pan,Gilmar Mendes fala sobre desastres na Bahia e diz que agenda deve ser tratada com prioridade,Ministro do STF usou redes sociais para se pronunciar sobre desastre natural que deixou mais de 20 mortos e devastou dezenas de cidades,2021-12-30 08:00:07,https://jovempan.com.br/programas/jornal-da-manha/gilmar-mendes-fala-sobre-desastres-na-bahia-e-diz-que-agenda-deve-ser-tratada-com-prioridade.html
Joven Pan,Sobe para 24 o número de mortos pelas tempestades na Bahia,"Em números atualizados da Defesa Civil, são 37.324 desabrigados, 53.934 desalojados e 434 feridos",2021-12-29 18:05:08,https://jovempan.com.br/noticias/brasil/sobe-para-24-o-numero-de-mortos-pelas-tempestades-na-bahia.html
Joven Pan,Seis pessoas morreram e mais de 2 mil estão desabrigadas em Minas Gerais pelas fortes chuvas,O município de Salinas sofreu com o transbordamento do rio e a interdição de quatro pontes que ligam os dois lados da cidade,2021-12-29 18:02:07,https://jovempan.com.br/noticias/brasil/seis-pessoas-morreram-e-mais-de-2-mil-estao-desabrigadas-em-minas-gerais-pelas-fortes-chuvas.html
Joven Pan,Bahia tem maior acumulado de chuvas em um único mês dos últimos 32 anos,"Itamaraju foi o município mais castigado, com 769,8mm, mais que o quíntuplo da climatologia do município para dezembro",2021-12-29 12:04:05,https://jovempan.com.br/noticias/brasil/bahia-tem-maior-acumulado-de-chuvas-em-um-unico-mes-dos-ultimos-32-anos.html
Joven Pan,Sobe para 21 o número de mortos em enchentes na Bahia e mais de 77 mil estão desabrigados,Pelo menos 136 municípios decretaram situação de emergência; 358 pessoas ficaram feridas,2021-12-28 18:04:02,https://jovempan.com.br/noticias/brasil/sobe-para-21-o-numero-de-mortos-em-enchentes-na-bahia-e-mais-de-34-mil-estao-desabrigados.html
Joven Pan,Chuvas causam alagamentos no ABC paulista e prejudicam circulação de trens da CPTM,Ao menos duas estações de trem da linha 10-Turquesa registraram alagamento; Defesa Civil emitiu alerta,2021-12-28 18:00:08,https://jovempan.com.br/noticias/brasil/chuvas-causam-alagamentos-no-abc-paulista-e-prejudicam-circulacao-de-trens-da-cptm.html
Joven Pan,"Fortes chuvas na Bahia devem continuar e podem ocorrer em outros estados, diz especialista","Em conversa com o ‘Jornal da Manhã’, Maria Clara Sassaki afirmou que Minas Gerais, Piauí, Tocantins, Maranhão e Espírito Santo podem ver fortes chuvas nos próximos dias",2021-12-28 09:01:06,https://jovempan.com.br/programas/jornal-da-manha/fortes-chuvas-na-bahia-devem-continuar-e-podem-ocorrer-em-outros-estados-diz-especialista.html
Joven Pan,Chuvas deixam cidades isoladas no Piauí após rompimento de estrada,Parte da PI-247 cedeu na ligação entre Uruçuí e Ribeiro Gonçalves na manhã desta segunda-feira,2021-12-27 20:04:09,https://jovempan.com.br/noticias/brasil/chuvas-deixam-cidades-isoladas-no-piaui-apos-rompimento-de-estrada.html
Joven Pan,Mortos por chuvas na Bahia sobem para 20 e mais de 31 mil estão desabrigados,Governo do Estado eleva para 100 o número de cidades em situação de emergência; tempestades devem dar trégua a partir de quarta-feira,2021-12-27 19:00:07,https://jovempan.com.br/noticias/brasil/numero-de-desabrigados-na-bahia-chega-a-31-405-chuva-deixa-100-cidades-em-estado-de-emergencia.html
Joven Pan,Bahia chega a 20 mortos em decorrência das chuvas; mais de 70 cidades estão em situação de emergência,"Enchentes afetaram, até agora, 430 mil pessoas e deixaram um rastro de desabrigados e desalojados; governador Rui Costa afirma que esta é a maior tragédia da história do Estado",2021-12-27 15:05:03,https://jovempan.com.br/noticias/brasil/bahia-chega-a-20-mortos-em-decorrencia-das-chuvas-mais-de-70-cidades-estao-em-situacao-de-emergencia.html
Joven Pan,Rui Costa classifica enchentes como ‘maior desastre já ocorrido na Bahia’,"O governador do Estado afirmou que não há registro de outra tragédia que tenha atingido tantos municípios ao mesmo tempo; 72 cidades foram afetadas, deixando 16 mil pessoas desabrigadas e 18 mortos",2021-12-27 11:02:04,https://jovempan.com.br/noticias/brasil/rui-costa-classifica-enchentes-como-maior-desastre-ja-ocorrido-na-bahia.html
Joven Pan,Famosos se mobilizam para ajudar regiões afetadas pelas chuvas na Bahia,"Com mensagens de apoio, divulgação de pontos de doação e anúncio de atos beneficentes, influencers deram visibilidade para tragédia que deixou milhares de desabrigados",2021-12-27 10:01:09,https://jovempan.com.br/programas/jornal-da-manha/famosos-se-mobilizam-para-ajudar-regioes-afetadas-pelas-chuvas-na-bahia.html
Joven Pan,Famílias de MG e BA afetadas pela chuva vão receber vale-gás a partir desta segunda-feira,"Para beneficiários de outros estados, valor começa a ser pago no dia 18 de janeiro; previsão é de que primeiro mês de auxílio seja de R$ 52",2021-12-27 07:02:05,https://jovempan.com.br/programas/jornal-da-manha/familias-de-mg-e-ba-afetadas-pela-chuva-vao-receber-vale-gas-a-partir-desta-segunda-feira.html
Joven Pan,"Chuvas na Bahia afetam mais de 430 mil pessoas, deixam 16 mil desabrigados e 18 mortos","Governo do Estado eleva para 72 as cidades em situação de emergência, mais de 50 municípios estão debaixo d’água; nova barragem se rompe e a previsão é de mais chuva nos próximos dias",2021-12-26 22:02:05,https://jovempan.com.br/noticias/brasil/chuvas-na-bahia-afetam-mais-de-431-mil-pessoas-deixam-16-mil-desabrigados-e-18-mortos.html
Joven Pan,Governo de São Paulo envia força-tarefa para auxiliar vítimas das chuvas na Bahia,"No total, 66 municípios estão em estado de emergência; Superintendência de Proteção e Defesa Civil do Estado registra 4.185 desabrigados e 17 mortes",2021-12-25 20:00:06,https://jovempan.com.br/noticias/brasil/governo-de-sao-paulo-envia-forca-tarefa-para-auxiliar-vitimas-das-chuvas-na-bahia.html
Joven Pan,Chuvas voltam a causar inundações na Bahia; governador cria base de apoio em Ilhéus,"Desde o mês de novembro, Superintendência de Proteção e Defesa Civil do Estado registra 4.185 desabrigados, 11.260 desalojados, 286 feridos e 17 mortes",2021-12-25 16:01:04,https://jovempan.com.br/noticias/brasil/chuvas-voltam-a-causar-inundacoes-na-bahia-governador-cria-base-de-apoio-em-ilheus.html
Joven Pan,Chuva em SP atrasa mais de 70 voos do aeroporto de Guarulhos,Operação foi impactada pela queda de sistema de iluminação do aeroporto após um alagamento na subestação elétrica,2021-12-17 20:04:00,https://jovempan.com.br/noticias/brasil/chuva-em-sp-atrasa-mais-de-70-voos-do-aeroporto-de-guarulhos.html
Joven Pan,Ação de controladora de tráfego aéreo evita tragédia em Congonhas,Presidente do Fórum Brasileiro para o Desenvolvimento da Aviação Civil destaca que ocorrido prova que voar no país é muito seguro,2021-12-15 12:02:02,https://jovempan.com.br/programas/jornal-da-manha/acao-de-controladora-de-trafego-aereo-evita-tragedia-em-congonhas.html
Joven Pan,"Chuvas no sul da Bahia deixam dez mortos e 6,3 mil desabrigados",51 municípios estão em estado de emergência; governo estadual anuncia gabinete de crise e envia projeto de lei à assembleia estadual que cria linha de crédito para comerciantes,2021-12-13 16:04:09,https://jovempan.com.br/noticias/brasil/chuvas-no-sul-da-bahia-ja-deixaram-dez-mortos-e-63-mil-desabrigados.html
Joven Pan,"Chuvas no sul da Bahia afetam 70 mil pessoas e deixam 3,7 mil desabrigados; Bolsonaro sobrevoa a região","Governos federal e estadual tentam lidar com a destruição na região, que já colocou 20 cidades em situação de emergência, segundo os Bombeiros",2021-12-12 14:00:08,https://jovempan.com.br/noticias/brasil/chuvas-no-sul-da-bahia-afetam-70-mil-pessoas-e-deixam-37-mil-desabrigados-bolsonaro-sobrevoa-a-regiao.html
Joven Pan,Bolsonaro vai sobrevoar neste domingo regiões afetadas pelas chuvas na Bahia,"Presidente irá para o local com os ministros do Desenvolvimento Regional, Rogério Marinho, e da Cidadania, João Roma; ele deve falar com jornalistas em seguida",2021-12-12 08:01:02,https://jovempan.com.br/noticias/brasil/bolsonaro-vai-sobrevoar-neste-domingo-regioes-afetadas-pelas-chuvas-na-bahia.html
Joven Pan,Caixa vai liberar FGTS para cidades atingidas pelas chuvas na BA e MG,Presidente do Banco garantiu que o valor a ser retirado será até o limite de R$ 6.220,2021-12-11 16:02:09,https://jovempan.com.br/noticias/brasil/caixa-vai-liberar-fgts-para-cidades-atingidas-pelas-chuvas-na-ba-e-mg.html
Joven Pan,Segundo dia do Enem tem perguntas sobre tragédia de Mariana e Copa do Brasil,"Estudantes realizaram as provas de Matemática e Ciências da Natureza, com 45 questões sobre cada área",2021-11-28 19:05:05,https://jovempan.com.br/noticias/brasil/segundo-dia-do-enem-tem-perguntas-sobre-tragedia-de-mariana-e-copa-do-brasil.html
Joven Pan,"Em operação contra milícias, Polícia Civil do Rio de Janeiro resgata mulher que seria queimada viva",Ação visava sufocar fontes de financiamento de grupos na zona oeste da cidade e na Baixada Fluminense,2021-11-17 00:03:01,https://jovempan.com.br/noticias/brasil/em-operacao-contra-milicias-policia-civil-do-rio-de-janeiro-resgata-mulher-que-seria-queimada-viva.html
Joven Pan,Governo federal lamenta tragédia e exalta Marília Mendonça: ‘Cantora do mundo’,Secretaria Especial de Cultura e o secretário Mário Frias lamentaram a perda da cantora nas redes sociais,2021-11-05 19:00:00,https://jovempan.com.br/noticias/brasil/governo-federal-lamenta-tragedia-e-exalta-marilia-mendonca-cantora-do-mundo.html
Joven Pan,Chuvas intensas podem atingir nove Estados neste domingo; veja lista,"Regiões estão zona laranja, com grau de severidade considerado ‘perigoso’ para o Inmet",2021-10-17 08:00:03,https://jovempan.com.br/noticias/brasil/chuvas-intensas-podem-atingir-nove-estados-neste-domingo-veja-lista.html
Joven Pan,Naufrágio após tempestade deixa pelo menos 6 mortos em Mato Grosso do Sul,Sobrevivente do acidente afirma que sete pessoas ficaram submersas após o barco virar; bombeiros seguem no local com o apoio da Marinha,2021-10-16 14:00:01,https://jovempan.com.br/noticias/brasil/naufragio-apos-tempestade-deixa-pelo-menos-6-mortos-em-mato-grosso-do-sul.html
Joven Pan,Nova tempestade de poeira atinge cidades do interior de São Paulo,Fenômeno é causado pelo tempo seco e falta de chuvas; tempestade causou queda de energia e transtornos em Ribeirão Preto,2021-10-14 17:01:00,https://jovempan.com.br/noticias/brasil/nova-tempestade-de-poeira-atinge-cidades-do-interior-de-sao-paulo.html
Joven Pan,Bombeiros encontram corpo após 2 anos e 8 meses da tragédia em Brumadinho: ‘Esperança nos motiva’,Expectativa é que restos mortais localizados sejam de uma das nove vítimas ainda desaparecidas,2021-10-03 10:00:05,https://jovempan.com.br/programas/jornal-da-manha/bombeiros-encontram-corpo-apos-2-anos-e-8-meses-da-tragedia-em-brumadinho-esperanca-nos-motiva.html
Joven Pan,Entenda o que causou a tempestade de poeira no interior de São Paulo e qual a chance de acontecer de novo,Meteorologista explica que o que levantou a poeira foi uma frente de rajada de vento; chance de o fenômeno ocorrer novamente nos próximos meses em São Paulo é pequena,2021-09-27 16:02:08,https://jovempan.com.br/noticias/brasil/entenda-o-que-causou-a-tempestade-de-poeira-no-interior-de-sao-paulo.html
Joven Pan,"Após tempestade de areia, Sabesp pede que população de Franca não desperdice água na limpeza","Companhia ressaltou que o município passa por um período de estiagem, com rodízio no abastecimento",2021-09-27 14:01:00,https://jovempan.com.br/noticias/brasil/apos-tempestade-de-areia-sabesp-pede-que-populacao-de-franca-nao-desperdice-agua-na-limpeza.html
Joven Pan,Chuva ajuda a apagar incêndio na Chapada dos Veadeiros,Chamas duravam duas semanas na região; polícia acredita em motivação criminal,2021-09-26 09:03:09,https://jovempan.com.br/programas/jornal-da-manha/chuva-ajuda-a-apagar-incendio-na-chapada-dos-veadeiros.html
Joven Pan,"Agravado pelas queimadas, tempo seco castiga moradores de São Paulo","Pela primeira vez em 22 anos, a capital paulista atingiu o nível péssimo de qualidade do ar nesta semana; incêndio no Parque Estadual do Juquery, em Franco da Rocha, contribuiu para o cenário",2021-08-26 10:00:07,https://jovempan.com.br/programas/jornal-da-manha/agravado-pelas-queimadas-tempo-seco-castiga-moradores-de-sao-paulo.html
Joven Pan,Estudo aponta que área queimada no Brasil aumentou 10 vezes em 35 anos,"Levantamento do projeto Mapbiomas mostra que quase 20% do território nacional já foi atingido pelo fogo, entre locais de floresta, de campo, pasto e com produção agrícola",2021-08-16 06:03:08,https://jovempan.com.br/programas/jornal-da-manha/estudo-aponta-que-area-queimada-no-brasil-aumentou-10-vezes-em-35-anos.html
Joven Pan,MG garante que está monitorando os efeitos de deslizamento de terra em mineradora do Estado,"Obra da mineradora Itaminas, localizada na Mina do Engenho Seco, deslizou nesta segunda, 9",2021-08-10 07:01:08,https://jovempan.com.br/programas/jornal-da-manha/mg-garante-que-esta-monitorando-os-efeitos-de-deslizamento-de-terra-em-mineradora-do-estado.html
Joven Pan,Sá Leitão fala em ‘tragédia anunciada’ e coloca Estado e Prefeitura à disposição para assumir Cinemateca,"Secretário estadual de Cultura afirmou que a negligência começou em 2019, quando o contrato com a organização social responsável pela gestão foi rompido",2021-07-30 10:05:08,https://jovempan.com.br/programas/jornal-da-manha/sa-leitao-fala-em-tragedia-anunciada-e-coloca-estado-e-prefeitura-a-disposicao-para-assumir-cinemateca.html
Joven Pan,"Melhora da economia deve agravar situação de reservatórios na seca, diz ONS","Segundo o Operador Nacional do Sistema Elétrico, o impacto maior deve ser maior nos subsistemas Sul e Nordeste, com as reservas chegando quase ao limite em novembro",2021-07-23 06:01:07,https://jovempan.com.br/programas/jornal-da-manha/melhora-da-economia-deve-agravar-situacao-de-reservatorios-na-seca-diz-ons.html
Joven Pan,Especialistas alertam que Pantanal pode sofrer pior seca dos últimos anos,"Quase 700 focos de fogo ativo na região pantaneira na bacia do Rio Paraguai, mais importante bacia do bioma, foram registrados desde o início do ano",2021-07-18 11:05:06,https://jovempan.com.br/programas/jornal-da-manha/especialistas-alertam-que-pantanal-pode-sofrer-pior-seca-dos-ultimos-anos.html
Joven Pan,Governo de Mato Grosso do Sul avalia decretar emergência por queimadas,"Falta de chuvas e a baixa umidade do ar são os principais responsáveis pela propagação das chamas; julho, agosto e setembro devem registrar um volume de precipitação até 50% menor do que a média histórica",2021-07-13 06:04:04,https://jovempan.com.br/programas/jornal-da-manha/governo-de-mato-grosso-do-sul-avalia-decretar-emergencia-por-queimadas.html
Joven Pan,"Com escassez de chuvas para os próximos anos no Brasil, crise hídrica preocupa","Especialistas apontam que os reservatórios brasileiros podem não dar conta da demanda já em 2021; segundo o Ministério de Minas e Energia, o país enfrenta o período mais seco dos últimos 91 anos",2021-07-12 11:01:07,https://jovempan.com.br/programas/jornal-da-manha/com-escassez-de-chuvas-para-os-proximos-anos-no-brasil-crise-hidrica-preocupa.html
Joven Pan,Amazônia registra o maior número de queimadas desde 2007,"Em junho deste ano, foram 2.308 focos de calor na região, um recorde para os últimos 14 anos",2021-07-02 10:00:03,https://jovempan.com.br/programas/jornal-da-manha/amazonia-registra-o-maior-numero-de-queimadas-desde-2007.html
Joven Pan,Mulher trans queimada viva no Recife tem braço amputado; prefeito diz que crime ‘não pode ser tolerado’,"Roberta encontra-se na sala de recuperação, mas o estado de saúde é considerado grave; João Campos afirmou que vai ‘cobrar a investigação’ do caso",2021-06-27 17:01:00,https://jovempan.com.br/noticias/brasil/mulher-trans-queimada-viva-no-recife-tem-braco-amputado-prefeito-diz-que-crime-nao-pode-ser-tolerado.html
Joven Pan,"Lei Seca completa 13 anos, e multas nas rodovias federais caem 64%",Especialista alerta que próximo passo para garantir segurança no trânsito é aprimorar fiscalização para uso de psicoativos,2021-06-20 13:00:00,https://jovempan.com.br/programas/jornal-da-manha/lei-seca-completa-13-anos-e-multas-nas-rodovias-federais-caem-64.html
Joven Pan,Tragédia de Mariana: Juristas e ONGs pedem afastamento do juiz Mário de Paula,"Autoridades apontam que ‘nenhum reassentamento foi construído e não houve responsabilização criminal dos envolvidos’; caso completa seis anos em novembro, ainda sem solução",2021-04-29 06:01:05,https://jovempan.com.br/programas/jornal-da-manha/tragedia-de-mariana-juristas-e-ongs-pedem-afastamento-do-juiz-mario-de-paula.html
Joven Pan,"Fortes chuvas causam alagamentos, prejuízos ao trânsito e acidente em São Paulo; veja imagens","Com exceção da Zona Sul, todas as regiões da capital entraram em estado de atenção na tarde desta sexta-feira, 19",2021-03-19 18:04:04,https://jovempan.com.br/noticias/brasil/fortes-chuvas-causam-alagamentos-prejuizos-ao-transito-e-acidente-em-sao-paulo.html
Joven Pan,"Chuva causa pontos de alagamento, mas deve dar trégua nos próximos dias","Durante a chuva, foram registrados quatro pontos de alagamento na cidade, sendo que, após atualização feita por volta das 18h, nenhum deles ainda estava ativo",2021-03-02 18:03:05,https://jovempan.com.br/noticias/brasil/apos-chuvas-cge-encerra-estado-de-atencao-em-sao-paulo.html
Joven Pan,Corpo de criança é resgatado e número de mortos após chuvas em Minas Gerais sobe para 6,Menino foi o último dos quatro moradores de casa na cidade de Santa Maria de Itabira a ser retirado dos escombros; previsão é de que chuva continue no estado,2021-02-22 15:04:02,https://jovempan.com.br/noticias/brasil/corpo-de-crianca-e-resgatado-e-numero-de-mortos-apos-chuvas-em-minas-gerais-sobe-para-6.html
Joven Pan,"‘Há 17 anos não víamos um evento como esse’, afirma prefeito de Rio Branco sobre enchentes no Acre","Além da pandemia de Covid-19, estado também enfrenta surto de dengue e crise migratória; segundo Tião Bocalom, o governo federal tem sido solícito em relação aos problemas da cidade",2021-02-22 11:05:03,https://jovempan.com.br/noticias/brasil/ha-17-anos-nao-viamos-um-evento-como-esse-afirma-prefeito-de-rio-branco-sobre-crise-no-acre.html
Joven Pan,Previsão do tempo: Carnaval será de chuva e frio na região Sudeste,"Acumulados significativos de precipitações atingirão principalmente Minas Gerais e Espírito Santo, diz o INMET",2021-02-12 16:03:07,https://jovempan.com.br/noticias/brasil/carnaval-sera-de-chuva-e-frio-na-regiao-sudeste.html
Joven Pan,Chuvas fortes causam alagamentos em SP e cidade entra em estado de atenção,"Segundo a Prefeitura, novas áreas de chuva que atuam no interior seguem em direção à capital",2021-02-11 15:02:01,https://jovempan.com.br/noticias/brasil/chuvas-fortes-causam-alagamentos-em-sp-e-cidade-entra-em-estado-de-atencao.html
Joven Pan,Chuvas em São Paulo deixam quatro pontos de alagamento intransitáveis,"Todas as áreas da capital paulista ficaram em estado de atenção durante a tarde, mas próximas horas não devem ter novas pancadas de chuva",2021-01-10 17:00:05,https://jovempan.com.br/noticias/brasil/chuvas-em-sao-paulo-deixam-quatro-pontos-de-alagamento-intransitaveis.html
Joven Pan,"Em época de chuvas, moradores temem novos deslizamentos de terra em São Paulo","Segundo a Defesa Civil, a capital paulista tem 481 áreas de risco, sendo a Zona Sul uma das regiões mais atingidas",2021-01-07 11:00:02,https://jovempan.com.br/programas/jornal-da-manha/em-epoca-de-chuvas-moradores-temem-novos-deslizamentos-de-terra-em-sao-paulo.html
Joven Pan,Chuva causa deslizamento de terra e deixa mortos em Embu das Artes,"Entre as vítimas estão uma mulher de 25 anos e os três filhos — 5 anos, 7 anos e oito meses; Defesa Civil alerta para fortes volumes de chuva nos próximos dias",2020-12-30 11:03:08,https://jovempan.com.br/noticias/brasil/chuva-causa-deslizamento-de-terra-e-deixa-mortos-em-embu-das-artes.html
Joven Pan,Temporal provoca alagamentos e deixa carros submersos no Morumbi,Corpo de Bombeiros recebeu 53 chamados para enchentes e 28 para queda de árvores,2020-12-30 07:04:07,https://jovempan.com.br/programas/jornal-da-manha/temporal-provoca-alagamentos-e-deixa-carros-submersos-no-morumbi.html
Joven Pan,Samarco retoma atividades em Mariana cinco anos após desastre ambiental,Retorno ocorre antes de os moradores atingidos pela tragédia serem realocados para local próximo do rompimento da barragem; até hoje ninguém foi responsabilizado pelo ocorrido,2020-12-25 13:04:00,https://jovempan.com.br/noticias/brasil/samarco-retoma-atividades-em-mariana-cinco-anos-apos-desastre-ambiental.html
Joven Pan,Rodrigo Maia diz que ministro Eduardo Pazuello ‘é um desastre’,Presidente da Câmara questionou capacidade de logística do militar para a área de Saúde,2020-12-17 09:00:08,https://jovempan.com.br/programas/jornal-da-manha/rodrigo-maia-diz-que-ministro-eduardo-pazuello-e-um-desastre.html
G1,"Cidade atingida por enchente no RS instala sinalização com rotas de fuga, pontos de encontro e locais perigosos","Cidade atingida por enchente no RS instala sinalização com rotas de fuga, pontos de encontro e locais perigosos&nbsp;&nbsp;G1",2026-05-13 14:16:56,https://news.google.com/rss/articles/CBMilwJBVV95cUxPYXVYWkcwZzV5RnFJSHVEcms2cC14LUxFYkNqWEpkSjBUU1dEUzBTZUM3QUc4MjZBNXRyLTdMTmNsOUN0alFrSnJ5OWFPZi1wSDRUejh3dXRCa1pzTzJJRDY2azBUZFAxWnpBNEd4Y29nQUhXSXRFdF9KelVMX0JhT2lxMUkxel9iazNrWlZjZ3FEb2M4ZG5VQmhib29sanVDVzdiVWUxMEZZa0dwYVY5WEFOZnhDazNBT2pCWHduZnBLRGRCMGxiS0FUNWdFemp3ZExqLUdzUHBtSndlVVZPU2syblVfVkItajEybTBfR1pUdjE3WVgxamtqWDNmWkhDVlRoeko0WXg1YWpWRmx0MmI1Z3ZpaVnSAZcCQVVfeXFMT2F1WFpHMGc1eUZxSUh1RHJrNnAteC1MRWJDalhKZEowVFNXRFMwU2VDN0FHODI2QTV0ci03TE5jbDlDdGpRa0pyeTlhT2YtcEg0VHo4d3V0Qmtac08ySUQ2NmswVGRQMVp6QTRHeGNvZ0FIV0l0RXRfSnpVTF9CYU9pcTFJMXpfYmsza1pWY2dxRG9jOGRuVUJoYm9vbGp1Q1c3YlVlMTBGWWtHcGFWOVhBTmZ4Q2szQU9qQlh3bmZwS0RkQjBsYktBVDVnRXpqd2RMai1Hc1BwbUp3ZVVWT1NrMm5VX1ZCLWoxMm0wX0daVHYxN1lYMWpralgzZlpIQ1ZUaHpKNFl4NWFqVkZsdDJiNWd2aWlZ?oc=5
G1,Governo Federal reconhece situação de emergência por estiagem em três municípios da Paraíba,Governo Federal reconhece situação de emergência por estiagem em três municípios da Paraíba&nbsp;&nbsp;G1,2026-05-13 12:45:19,https://news.google.com/rss/articles/CBMi8AFBVV95cUxPQ2stN2VqdUxNVm5WRldrbTg0cS03anphQkxFZm1HT1BNaVg5b014Mk0tRzZXOXVwMkFUMktsQmpIQ2c0emluUjVHQWtueFJqZndWeWx0ZmE4ZjZPelhPdHNjMnlNQThhaGdDa3FjX2pQaktNcU9JNG1NdXRBUVBWcXc2OEpUeVdKNl9udkJKTzk3RS1lbmo3ZzQ1WVFvd0VtSk56cDV3ZzlCeDVCV3BIMDZESkhva3RvaTNQd04xTVZkSU9WaXJHSGJtc19acy1kSEdHY05RRzdGVVE5UkIxMG1lWl9WNmVzTWNheFVCNETSAfABQVVfeXFMT0NrLTdlanVMTVZuVkZXa204NHEtN2p6YUJMRWZtR09QTWlYOW9NeDJNLUc2Vzl1cDJBVDJLbEJqSENnNHppblI1R0FrbnhSamZ3VnlsdGZhOGY2T3pYT3RzYzJ5TUE4YWhnQ2txY19qUGpLTXFPSTRtTXV0QVFQVnF3NjhKVHlXSjZfbnZCSk85N0UtZW5qN2c0NVlRb3dFbUpOenA1d2c5Qng1QldwSDA2REpIb2t0b2kzUHdOMU1WZElPVmlyR0hibXNfWnMtZEhHR2NOUUc3RlVROVJCMTBtZVpfVjZlc01jYXhVQjRE?oc=5
G1,Avanço da estiagem: baixo volume de chuvas preocupa especialistas e produtores,Avanço da estiagem: baixo volume de chuvas preocupa especialistas e produtores&nbsp;&nbsp;G1,2026-05-13 12:34:39,https://news.google.com/rss/articles/CBMi8gFBVV95cUxOSFc5d0tBRHpvR2VNdDdrVkx2bDRNSWtnT2ctQkNueFJYbW5uQ0hrRjVMS2NKdkpOTmh5X3hCTjRGdjlZV2JTU2hTTWkxVERnN0Q0N2pLa0txcEZpVm9RWF81TWdjcklqS0p3NnZ0bGFxZDl1YkZzWEQ4QmpGTTNSSGZ0eU9YOG1ldVUzcm5TTl95VkFFbnRRM0UxWDFNWGh0dmlLbjUybVYzMVE3WXF2Z1J2RHVKV05HdTdOTEJnSHFpNmlHdlJwR084Vkp3TkVodTU5RXZDRlBGQ0Q1TFNmMTIyM1RUMWxaRlg2eFhUOW5SZ9IB8gFBVV95cUxOSFc5d0tBRHpvR2VNdDdrVkx2bDRNSWtnT2ctQkNueFJYbW5uQ0hrRjVMS2NKdkpOTmh5X3hCTjRGdjlZV2JTU2hTTWkxVERnN0Q0N2pLa0txcEZpVm9RWF81TWdjcklqS0p3NnZ0bGFxZDl1YkZzWEQ4QmpGTTNSSGZ0eU9YOG1ldVUzcm5TTl95VkFFbnRRM0UxWDFNWGh0dmlLbjUybVYzMVE3WXF2Z1J2RHVKV05HdTdOTEJnSHFpNmlHdlJwR084Vkp3TkVodTU5RXZDRlBGQ0Q1TFNmMTIyM1RUMWxaRlg2eFhUOW5SZw?oc=5
G1,Avanço da Estiagem: baixo volume de chuvas preocupa especialistas e produtores,Avanço da Estiagem: baixo volume de chuvas preocupa especialistas e produtores&nbsp;&nbsp;G1,2026-05-12 23:07:06,https://news.google.com/rss/articles/CBMi8gFBVV95cUxOVGN3Zk9MckRHaDl1TlVHeEdUMmxwWnl6TDltMjhQekdEV1RpSGpVSnBZNU9uOW90NTFMUkJuMzRtbXJOZTJwa2NjQXBWNXBNdWkzS3ZLX2UwRTR6RW90R3o5N1pILUFkTXNGYnhZSEE3MGtUaFVnNlhub3FoMmZsclloMmlWQnh5QmpCcHVjZ3Q4YjJHcVh5QlEtSk1aQ0FyNy05dlJxY2x5eUxxZE0zMEFMSTRNMERlV1hkb3VMSEpHS0toZ2YxRy1ENjdncUZUWVBBSUNOUFNPdFpPNng5STJ0VDVyRGZQZTNBRmtSMkFhd9IB8gFBVV95cUxOVGN3Zk9MckRHaDl1TlVHeEdUMmxwWnl6TDltMjhQekdEV1RpSGpVSnBZNU9uOW90NTFMUkJuMzRtbXJOZTJwa2NjQXBWNXBNdWkzS3ZLX2UwRTR6RW90R3o5N1pILUFkTXNGYnhZSEE3MGtUaFVnNlhub3FoMmZsclloMmlWQnh5QmpCcHVjZ3Q4YjJHcVh5QlEtSk1aQ0FyNy05dlJxY2x5eUxxZE0zMEFMSTRNMERlV1hkb3VMSEpHS0toZ2YxRy1ENjdncUZUWVBBSUNOUFNPdFpPNng5STJ0VDVyRGZQZTNBRmtSMkFhdw?oc=5
G1,Quando volta a funcionar o aeromóvel de Porto Alegre? Operação está paralisada desde a enchente,Quando volta a funcionar o aeromóvel de Porto Alegre? Operação está paralisada desde a enchente&nbsp;&nbsp;G1,2026-05-12 16:19:42,https://news.google.com/rss/articles/CBMiggJBVV95cUxNWlllZGJrbk9BNlNFdmdxM0RvRjNZYU8tS1FDMnRKNE5aYjF2a3I0R244SXpVeFdRWHZ6M3d1VUVDTVNHSjYxU2V1OTJqWU95T08wZDJoUlNoamNwdUxfb0J4Ykc3WE9JRlJoTHVhNkR3OFowWlhCb2Vmd2pyLTRQcjNiSWpySE14WTQ2WFhOMFNwdXB2dnVvQ1A4Y2hXc2dLalRKanFrR2VDSHNyVUpyeTQ3bmhwSWlsSzZtNmpmLWRpSENDTFBIQ2VCSXN4djd3eTRxUVNMbHNVVmFwNGh0dDlHeWpmYVJFbWhLdU9IWUh1d0pXTGhIRmRvUWZOWEVOYkHSAYICQVVfeXFMTVpZZWRia25PQTZTRXZncTNEb0YzWWFPLUtRQzJ0SjROWmIxdmtyNEduOEl6VXhXUVh2ejN3dVVFQ01TR0o2MVNldTkyallPeU9PMGQyaFJTaGpjcHVMX29CeGJHN1hPSUZSaEx1YTZEdzhaMFpYQm9lZndqci00UHIzYklqckhNeFk0NlhYTjBTcHVwdnZ1b0NQOGNoV3NnS2pUSmpxa0dlQ0hzclVKcnk0N25ocElpbEs2bTZqZi1kaUhDQ0xQSENlQklzeHY3d3k0cVFTTGxzVVZhcDRodHQ5R3lqZmFSRW1oS3VPSFlIdXdKV0xoSEZkb1FmTlhFTmJB?oc=5
G1,Feminicídio em Teresina: morre mulher queimada por ex-marido na zona Leste,Feminicídio em Teresina: morre mulher queimada por ex-marido na zona Leste&nbsp;&nbsp;G1,2026-05-12 12:26:58,https://news.google.com/rss/articles/CBMi7AFBVV95cUxQWHFXbWhEa3JhOGZVa0hOZWc2aHJjSXJDeFc5Mkg3UnpEUlAtZDVVNzROWE4yczFmSjI2b0pqQXFwZ0taTnVZVm8ydmpCODQyb1Z5MmZMZzNJVkRFcnBEa0s1dGFJXy1wSW5YcHJMb3VxOU44N3RYbF82ODZuTkNRc3hhSEVwQ3FVT0FxakotN251RHBCTGc3R0ZsVTlrYzREOWRYNkhLNE5fYldQeV9wZzBVQ1c1OFhLX0RkUGtOQ25XazdLOVROY2s3aHFyTi1CVHRzMkhENEx3WktlNldtMHluNDNNaUh3ekVxcNIB7AFBVV95cUxQWHFXbWhEa3JhOGZVa0hOZWc2aHJjSXJDeFc5Mkg3UnpEUlAtZDVVNzROWE4yczFmSjI2b0pqQXFwZ0taTnVZVm8ydmpCODQyb1Z5MmZMZzNJVkRFcnBEa0s1dGFJXy1wSW5YcHJMb3VxOU44N3RYbF82ODZuTkNRc3hhSEVwQ3FVT0FxakotN251RHBCTGc3R0ZsVTlrYzREOWRYNkhLNE5fYldQeV9wZzBVQ1c1OFhLX0RkUGtOQ25XazdLOVROY2s3aHFyTi1CVHRzMkhENEx3WktlNldtMHluNDNNaUh3ekVxcA?oc=5
G1,Morre mulher que foi queimada por ex-marido em Teresina; mãe da vítima também foi atacada e está internada,Morre mulher que foi queimada por ex-marido em Teresina; mãe da vítima também foi atacada e está internada&nbsp;&nbsp;G1,2026-05-11 14:56:47,https://news.google.com/rss/articles/CBMiogFBVV95cUxNVVFsZ1BBZHR6bzNxTDUxTFVBeTVaOHJZSmRJTUpZNU5fUVdmdi00VjFBdEVRY2NINFFYaGpTc0xEcU1IdlJEMlUybGtrMTBQZHcxeHJBbk43TTJ4TDVOREVYbFRrcVY3b1BNQTRoNWhHNjlYZURMZHV4VXJ3S3RUakpGTjAzUGJKODBGMlhRS093djg2YVhUV2d6TGZQZzNKV1HSAaIBQVVfeXFMTVVRbGdQQWR0em8zcUw1MUxVQXk1WjhyWUpkSU1KWTVOX1FXZnYtNFYxQXRFUWNjSDRRWGhqU3NMRHFNSHZSRDJVMmxrazEwUGR3MXhyQW5ON00yeEw1TkRFWGxUa3FWN29QTUE0aDVoRzY5WGVETGR1eFVyd0t0VGpKRk4wM1BiSjgwRjJYUUtPd3Y4NmFYVFdnekxmUGczSldR?oc=5
G1,"Queimada volta a atingir a Mata do Furquim, em Presidente Prudente","Queimada volta a atingir a Mata do Furquim, em Presidente Prudente&nbsp;&nbsp;G1",2024-09-13 07:00:00,https://news.google.com/rss/articles/CBMikAJBVV95cUxOeEhnODQ1cW5QWnhDeDhhS3NxNlZOWDdEaS1rRkU2M01fQ2xZRC1uQkFmUjczTEcxRlEwMjUxZjdmb3gwWk5kS3NsYmRRLVNnYncxVXZWZGxEdlpyYTlTUUVSY0o4czNsYzV4WDNyWUFYU2lnZGJzaGh2b0Zjb096ejFGMWt5N1UzcXRSVDh3dU1qWXVnNVFFYi00MHpXSFBmeVlXOUFFN191aXhVMVg5SmdhRmRVUDBZWm80TnlqTHRrOURiUUxRR2FHQm9iRkZTOWlxLTFHV0lSbVJTbzlyN3JhNlVQYkUzVWZQbkVkQk1ta2kyNGNNZ2FpeWhWOEZLN2xmenpCbGxzRnctTEJoSdIBkAJBVV95cUxOeEhnODQ1cW5QWnhDeDhhS3NxNlZOWDdEaS1rRkU2M01fQ2xZRC1uQkFmUjczTEcxRlEwMjUxZjdmb3gwWk5kS3NsYmRRLVNnYncxVXZWZGxEdlpyYTlTUUVSY0o4czNsYzV4WDNyWUFYU2lnZGJzaGh2b0Zjb096ejFGMWt5N1UzcXRSVDh3dU1qWXVnNVFFYi00MHpXSFBmeVlXOUFFN191aXhVMVg5SmdhRmRVUDBZWm80TnlqTHRrOURiUUxRR2FHQm9iRkZTOWlxLTFHV0lSbVJTbzlyN3JhNlVQYkUzVWZQbkVkQk1ta2kyNGNNZ2FpeWhWOEZLN2xmenpCbGxzRnctTEJoSQ?oc=5
G1,Defesa Civil alerta para riscos de queimada em dias de tempo seco,Defesa Civil alerta para riscos de queimada em dias de tempo seco&nbsp;&nbsp;G1,2023-07-25 07:00:00,https://news.google.com/rss/articles/CBMi-gFBVV95cUxPbUtIWEZnY0wyNEUtS1ptUzZCdTdlZnhUdzcwQUhKdnI0emQ2eWg5bVFqLThob2J3Y3h4MFVWTmVfUGZHV096ZF9LOEQxbWo4dzIwNUVYb0JaeUhQX0pBMmFmZjRFYWxIaXM4d1hRVS1FRUpOTy1pOWJwdDZvXzRiMkczNWxGWEpydGZ0NjNjMW1JUVlHb2pIVlJSb09NRmpHcmpnZmtTR1YyTlUwS29SUi1VT0prSXZtMTJINmcwLV9GTzFGbVVfTFBuZjdvS1RuZVFJRkt1WjdZLVpZVXBsd1QtdzZ5YlpNcHdybXNSTDdxYTFtS2NwMHdn0gH6AUFVX3lxTE9tS0hYRmdjTDI0RS1LWm1TNkJ1N2VmeFR3NzBBSEp2cjR6ZDZ5aDltUWotOGhvYndjeHgwVVZOZV9QZkdXT3pkX0s4RDFtajh3MjA1RVhvQlp5SFBfSkEyYWZmNEVhbEhpczh3WFFVLUVFSk5PLWk5YnB0Nm9fNGIyRzM1bEZYSnJ0ZnQ2M2MxbUlRWUdvakhWUlJvT01Gakdyamdma1NHVjJOVTBLb1JSLVVPSmtJdm0xMkg2ZzAtX0ZPMUZtVV9MUG5mN29LVG5lUUlGS3VaN1ktWllVcGx3VC13NnliWk1wd3Jtc1JMN3FhMW1LY3Awd2c?oc=5
G1,Resultado da apuração das Eleições 2016 em Queimada Nova para prefeito e vereador,Resultado da apuração das Eleições 2016 em Queimada Nova para prefeito e vereador&nbsp;&nbsp;G1,2022-01-20 03:28:23,https://news.google.com/rss/articles/CBMie0FVX3lxTFBBMWF6TXlvVU1STXRhc21HMy03S0NWb3ktQUpfeUtyY2pnRkdydENrbXVBUVo2U2xGS0NNRVVDTlZ3emxseUZQYXlFcEFDZHpEUHh0U0lwalRjZHZ0bWVBRWxXM0RVVFRZOEJYX2dlRWwtbEpsMnhOaDBzRQ?oc=5
G1,Moradores reclamam de falta de energia após chuva na Grande Goiânia,Moradores reclamam de falta de energia após chuva na Grande Goiânia&nbsp;&nbsp;G1,2021-09-27 07:00:00,https://news.google.com/rss/articles/CBMi4gFBVV95cUxPZWlRcXZPNHAwMFR6NEZrdUxxUEx4QVlNZ2phYzl0VVhwR3BtZkJSWUk2RlJGY0JOX3VST3hrMVdXZWo0ckh6LTdDQVF2Q1pVck1OWXBTd0VvMm8zbTE4bUVvWjNjWE9MTDZfcXFveTJ4QzBpaFZaRnpZbTI1eDQxd0p5SGtIWXd6bHAydjg0djhXOTZyVG5LNm10NlZHeVZnbDkxN1RTenp2cnVtc3JqLWo3YjYtdDBDY0FJdmdpallUX2dWWFVwRmlwal9IYkh0b0U2Q2NoMkw0QUhEdmhaVnhR0gHiAUFVX3lxTE9laVFxdk80cDAwVHo0Rmt1THFQTHhBWU1namFjOXRVWHBHcG1mQlJZSTZGUkZjQk5fdVJPeGsxV1dlajRySHotN0NBUXZDWlVyTU5ZcFN3RW8ybzNtMThtRW9aM2NYT0xMNl9xcW95MnhDMGloVlpGelltMjV4NDF3SnlIa0hZd3pscDJ2ODR2OFc5NnJUbks2bXQ2Vkd5VmdsOTE3VFN6enZydW1zcmotajdiNi10MENjQUl2Z2lqWVRfZ1ZYVXBGaXBqX0hiSHRvRTZDY2gyTDRBSER2aFpWeFE?oc=5
G1,Goiânia tem chuva em alguns bairros nesta segunda-feira,Goiânia tem chuva em alguns bairros nesta segunda-feira&nbsp;&nbsp;G1,2021-09-14 07:00:00,https://news.google.com/rss/articles/CBMi0gFBVV95cUxNaHV1T2VRVUs0Ty1FaXhYb0lvWWZ6eVhRYjF6c0E4QWlGZmVqcjFiWFB6WlVxYmJjZUxBNFNRYTFGdXY5SGFleDlyUFl0bUl0VHhwWUM1QXNOTFJ1WVNld1dlTlpxb3pCalo2WGFMMV9SU0p3N2lNd0t6V2x6aTItckcwT2JOTnRBa1lXaHpPZG5PUGhHMkd6ekpiazkwRGlCT20yTzVia3RHU18xSWNsMUxfdDd5TG51N2tFOGswRDViMTVaNS1QM1FGNU5Gbjlfc2fSAdIBQVVfeXFMTWh1dU9lUVVLNE8tRWl4WG9Jb1lmenlYUWIxenNBOEFpRmZlanIxYlhQelpVcWJiY2VMQTRTUWExRnV2OUhhZXg5clBZdG1JdFR4cFlDNUFzTkxSdVlTZXdXZU5acW96QmpaNlhhTDFfUlNKdzdpTXdLeldsemkyLXJHME9iTk50QWtZV2h6T2RuT1BoRzJHenpKYms5MERpQk9tMk81Ymt0R1NfMUljbDFMX3Q3eUxudTdrRThrMEQ1YjE1WjUtUDNRRjVORm45X3Nn?oc=5
G1,Mãe de criança queimada continua em estado grave em Vilhena,Mãe de criança queimada continua em estado grave em Vilhena&nbsp;&nbsp;G1,2021-06-09 07:00:00,https://news.google.com/rss/articles/CBMi7wFBVV95cUxOUjVmNjZvWWxzTUc1clZQYy1QUXMzSDdJOVp5YzRxLUJTVVo4WWpfU09EcGNQaWNrcXdfaHV4aHBKNDFybzhMQURDYkc3ejA0eEFIZEw5T3NmQjNRUW5rcHYwRU55dHhSbHpSUFRoYVhHTzdvQTlKdzR5Nk5kcGI0czljdk9Hb2Zub0hrMF9yLV9sUE93bzlvUnBTeTAzMFlzcm94Q2s1OVFWQzBtdjE1a1l3aTBoZlI5d3piMkV1Z0RTZTBSWFRDZ09RaVd1VDB0LXlyQnZxSHdYRHYxNC1yOG9Yd28wc2tqYUNzY0VqZ9IB7wFBVV95cUxOUjVmNjZvWWxzTUc1clZQYy1QUXMzSDdJOVp5YzRxLUJTVVo4WWpfU09EcGNQaWNrcXdfaHV4aHBKNDFybzhMQURDYkc3ejA0eEFIZEw5T3NmQjNRUW5rcHYwRU55dHhSbHpSUFRoYVhHTzdvQTlKdzR5Nk5kcGI0czljdk9Hb2Zub0hrMF9yLV9sUE93bzlvUnBTeTAzMFlzcm94Q2s1OVFWQzBtdjE1a1l3aTBoZlI5d3piMkV1Z0RTZTBSWFRDZ09RaVd1VDB0LXlyQnZxSHdYRHYxNC1yOG9Yd28wc2tqYUNzY0VqZw?oc=5
G1,CINCO MIL PESSOAS FORAM AFETADAS PELAS CHUVAS EM NOVA IGUAÇU,CINCO MIL PESSOAS FORAM AFETADAS PELAS CHUVAS EM NOVA IGUAÇU&nbsp;&nbsp;G1,2021-03-03 06:01:59,https://news.google.com/rss/articles/CBMicEFVX3lxTE5ISXZMZktoUmR5WXU2ODBfeUVqaTkzVkhPOER6a21RS0dZNlNvZUVHRWJpQWFIVTJhbGRYQlZ4Zl82SkUwQXZEb29TM3F1TEx1MTYtdC01OTFrdEhueDJtczZGemg4cVVCTWtyTkpNNjA?oc=5
G1,Alerta nas fronteiras!,Alerta nas fronteiras!&nbsp;&nbsp;G1,2020-03-14 07:00:00,https://news.google.com/rss/articles/CBMiwAFBVV95cUxNSTNMdWFUaE5iRG9wY0Q1anR2QllDZkJ4a2dHZE1KSmVVN0J1TmlHamxqZW5yZzNnZXEydHRvMjBFbVQ5cjBSQm1heklfQW0taTlqSjAwbzF6T1p5VlYzWVFqY1c0SDhHc0VNUzdyUWdjVU9ZSEhYS01udmhLYUhqTnJpU1I0M0R6NGxwcGY0QTN1d0NNdkNlQTA3aWg4NEJfWEVUOHk0T1pfN3JfT3pfRWZfUDVmMlNZLUdHa3dZQ3XSAcABQVVfeXFMTUkzTHVhVGhOYkRvcGNENWp0dkJZQ2ZCeGtnR2RNSkplVTdCdU5pR2psamVucmczZ2VxMnR0bzIwRW1UOXIwUkJtYXpJX0FtLWk5akowMG8xek9aeVZWM1lRamNXNEg4R3NFTVM3clFnY1VPWUhIWEtNbnZoS2FIak5yaVNSNDNEejRscHBmNEEzdXdDTXZDZUEwN2loODRCX1hFVDh5NE9aXzdyX096X0VmX1A1ZjJTWS1HR2t3WUN1?oc=5
G1,Chuva continua em Maringá nesta quarta-feira,Chuva continua em Maringá nesta quarta-feira&nbsp;&nbsp;G1,2019-12-17 08:00:00,https://news.google.com/rss/articles/CBMi3wFBVV95cUxOMm9MZWRUVURMZ0JUUzQtNWtxbnNxT01zZ0hfWEV4YVVQOUdFSFRPeTJGdzA1Mmh5bk5QSHNrSUJPWGZPX2d1MGhNQjI0RGd5WFd4STI1LV9TVk9kT2lyRkF4cU9PcF9NTm9DRnhEampoSGtNaTdTckNBU1BmQ1RwNnYyY1Q5bGgxZ0xiYmFzV2p6dVpmeUo0TFZ6bF9qc29oTkhhcW4ybGxaZkxWM3QyZ1IxXzRiMS1yb1d6d0d0MjRObHNhMXhDQ0NvRzQ3M0RBbWRYZ3BvbTM1b2tEem9J0gHfAUFVX3lxTE4yb0xlZFRVRExnQlRTNC01a3Fuc3FPTXNnSF9YRXhhVVA5R0VIVE95MkZ3MDUyaHluTlBIc2tJQk9YZk9fZ3UwaE1CMjREZ3lYV3hJMjUtX1NWT2RPaXJGQXhxT09wX01Ob0NGeERqamhIa01pN1NyQ0FTUGZDVHA2djJjVDlsaDFnTGJiYXNXanp1WmZ5SjRMVnpsX2pzb2hOSGFxbjJsbFpmTFYzdDJnUjFfNGIxLXJvV3p3R3QyNE5sc2ExeENDQ29HNDczREFtZFhncG9tMzVva0R6b0k?oc=5
G1,A quinta deve ter chuva,A quinta deve ter chuva&nbsp;&nbsp;G1,2019-11-13 08:00:00,https://news.google.com/rss/articles/CBMiwwFBVV95cUxQalVmakJmMWxtcWhpcWk1WjhIT05wQnYyeVVYb1ZacDBDTWxCeXk2eThQRUxnMEZQQ3hpem4tUUNqOEJTamc2NUwxbWVkZjF1RlF2UTZYWHhNRlp6SUdqSlNGUTFYdEE2bnJnaW4yMUpYaUlWOVVoblo4dDRyZTJYSjZIZXNRdDlvaURRMmoxNF9fdzFxS180N1h5VjdDeDR4R3BxamxmZ2JxTXV3Qk53ZXJBMUh3SkdQZmRUWXlLQlg1TFnSAcMBQVVfeXFMUGpVZmpCZjFsbXFoaXFpNVo4SE9OcEJ2MnlVWG9WWnAwQ01sQnl5Nnk4UEVMZzBGUEN4aXpuLVFDajhCU2pnNjVMMW1lZGYxdUZRdlE2WFh4TUZaeklHakpTRlExWHRBNm5yZ2luMjFKWGlJVjlVaG5aOHQ0cmUyWEo2SGVzUXQ5b2lEUTJqMTRfX3cxcUtfNDdYeVY3Q3g0eEdwcWpsZmdicU11d0JOd2VyQTFId0pHUGZkVFl5S0JYNUxZ?oc=5
G1,A terça-feira pode ter pancadas de chuva,A terça-feira pode ter pancadas de chuva&nbsp;&nbsp;G1,2019-04-22 07:00:00,https://news.google.com/rss/articles/CBMi2gFBVV95cUxNNEwtREVBM3FWZklBUGwyb2hhd2xXSUVNMi1sVjZ3RnhWSVQ3OTFVSUxiRXE1bE5fSzZmUXBKOWpGZFdQQjRicXl4Z3BsUUpFOFNnZlhPS3J5cEpZcS1GYUxlalV4dmNQZVJReXBUa1ptdWlDTEZwTHhkbnY0NkpVQThSeV9IRTdjOWFSMUZYcnVKajI3M2lDVnlSeWxDX0xkTlNnMXhTdnd0OW45T185SDNqYzV5R2VvbmJ2cjdOelhyajhSX0xmZXZSNGVGVFhiUXJaRGxtdktpd9IB2gFBVV95cUxNNEwtREVBM3FWZklBUGwyb2hhd2xXSUVNMi1sVjZ3RnhWSVQ3OTFVSUxiRXE1bE5fSzZmUXBKOWpGZFdQQjRicXl4Z3BsUUpFOFNnZlhPS3J5cEpZcS1GYUxlalV4dmNQZVJReXBUa1ptdWlDTEZwTHhkbnY0NkpVQThSeV9IRTdjOWFSMUZYcnVKajI3M2lDVnlSeWxDX0xkTlNnMXhTdnd0OW45T185SDNqYzV5R2VvbmJ2cjdOelhyajhSX0xmZXZSNGVGVFhiUXJaRGxtdktpdw?oc=5
G1,Meteorologistas alertam para o risco de temporais nesta quinta-feira,Meteorologistas alertam para o risco de temporais nesta quinta-feira&nbsp;&nbsp;G1,2019-03-13 07:00:00,https://news.google.com/rss/articles/CBMigAJBVV95cUxNRGFmSnJFSkhnaDBzdzVLRk5ZNzgxd1VDbWN2ZkQ0SG9IbkFNcjZYU0JaZ1B1eDBNdk52ZGVwRzVCSlJkcnkyeWI3ZmpvcnhnUHZ4Y1FKYm5rTXZRM1dUYmNVQnFycVpURU8wUGZiZC1henBydDZkWmN1bUtjV0toOTBsRUxaUnZNdWUxcGJFSU5UU2RWR2dPOXBhRkxxU3NQNzRCeXpHOXZlSDUwa3J6OF9xaGtlN3dkNTgySk5fYVVTcnZoSTlSUm1GZlFtaGlfeUZuZ3NaN1BtamZpOVY1UUhkR3N6RUJZSWxvUUNRYmI5eWk4SlBFbER4VW96dDR10gGAAkFVX3lxTE1EYWZKckVKSGdoMHN3NUtGTlk3ODF3VUNtY3ZmRDRIb0huQU1yNlhTQlpnUHV4ME12TnZkZXBHNUJKUmRyeTJ5Yjdmam9yeGdQdnhjUUpibmtNdlEzV1RiY1VCcXJxWlRFTzBQZmJkLWF6cHJ0NmRaY3VtS2NXS2g5MGxFTFpSdk11ZTFwYkVJTlRTZFZHZ085cGFGTHFTc1A3NEJ5ekc5dmVINTBrcno4X3Foa2U3d2Q1ODJKTl9hVVNydmhJOVJSbUZmUW1oaV95Rm5nc1o3UG1qZmk5VjVRSGRHc3pFQllJbG9RQ1FiYjl5aThKUEVsRHhVb3p0NHU?oc=5
G1,Mais uma queimada é registrada em Itapetininga,Mais uma queimada é registrada em Itapetininga&nbsp;&nbsp;G1,2018-07-27 07:00:00,https://news.google.com/rss/articles/CBMi-gFBVV95cUxNcUtpdEZDMG4tNGVzMlU5UkYtNU9sYWZicHRKSGlOWEdUY0xXOEl2M0tGdmliNkxGaEdmdFVaam5TaTNTbldUMnprWjJDd1J5dGE0MHNFOF9GcmxmUWRjUURNM0lMVWFVbW9VTjV3UGZuamFCS0ZkSWtXUzdMUXdEbi1HX0U4NmdTekM5TU5CZWtoVDJ5a0JxYmtsT3hWc1hWeE9heUFtV3YtVk9CcHJyRjMtdF90c0w0ZEdDSmgxYVFqbko2d3Z2YzBnUnJBYWhGRjh5SHNWWUkzVjhocDF3WEcyZ3NfOUk0MC1Rbi03ejNpY3FRb29Qc0lB0gH6AUFVX3lxTE1xS2l0RkMwbi00ZXMyVTlSRi01T2xhZmJwdEpIaU5YR1RjTFc4SXYzS0Z2aWI2TEZoR2Z0VVpqblNpM1NuV1QyemtaMkN3Unl0YTQwc0U4X0ZybGZRZGNRRE0zSUxVYVVtb1VONXdQZm5qYUJLRmRJa1dTN0xRd0RuLUdfRTg2Z1N6QzlNTkJla2hUMnlrQnFia2xPeFZzWFZ4T2F5QW1Xdi1WT0JwcnJGMy10X3RzTDRkR0NKaDFhUWpuSjZ3dnZjMGdSckFhaEZGOHlIc1ZZSTNWOGhwMXdYRzJnc185STQwLVFuLTd6M2ljcVFvb1BzSUE?oc=5
Folha de S.Paulo,Desastre natural: Terremoto mata 2.000 na Turquia,Desastre natural: Terremoto mata 2.000 na Turquia - 18/08/99&nbsp;&nbsp;Folha de S.Paulo,2018-06-17 02:00:45,https://news.google.com/rss/articles/CBMiZEFVX3lxTE9TSDRRRUNmWTdJendhLXZIM3QzbUhEcWY5aHpYX2hwOHJaVHd5ek9mS0NkTngyaE1tSXRuc3kwQ3NoRV9UOUxvSTBtYWZpYmxBd1dSN3NBRkNrR3BIc3ZKMkFIaXU?oc=5
Folha de S.Paulo,Ambiente: Queimada diminui a chuva na Amazônia,Ambiente: Queimada diminui a chuva na Amazônia - 27/02/2004&nbsp;&nbsp;Folha de S.Paulo,2018-06-08 23:38:54,https://news.google.com/rss/articles/CBMiakFVX3lxTE5pQV92VTZteVdMcVgtdGxaLU5ra1otLW1wa3JPbGlwRGVJUjV3RTQwTi0zWm9BQkhWTFlIUWVXa2k4MUZ4dnA1SXVWamtLMWd6OF9iOUdtTmtYakdBODdNNk1tU3R0aEM1dHc?oc=5
Folha de S.Paulo,Temporal: Chuva mata 2 pessoas em Jaboticabal (com foto),Temporal: Chuva mata 2 pessoas em Jaboticabal (com foto) - 15/02/99&nbsp;&nbsp;Folha de S.Paulo,2018-06-08 12:01:14,https://news.google.com/rss/articles/CBMiaEFVX3lxTFBsU2NTMUx4bk5VSGtVUGRHMFMwNVYxM20ySTVmdTZ6OUxGUHVlWVVzSG8wRjhkbTJJNVdZTU9INFpYT2M1NDEzdC1NMnk0X2JfcW5NR1JsOHZqNWo2eEU5V3FscDlMUHF0?oc=5
Folha de S.Paulo,Chuva provoca inundação e desabamento em SP,Chuva provoca inundação e desabamento em SP&nbsp;&nbsp;Folha de S.Paulo,2018-06-08 11:01:05,https://news.google.com/rss/articles/CBMiZkFVX3lxTFB1Z0dmMUY3OFJvOXpfTVZjZDRxNERqVTdTOHhjMXUwaU5DMUt4Uk84YUFYeFFWT0tVTXFkb1NsaERtaElNX0VxQVZPYmJ0MXNIRUxWMEpUZkFHZ2g0Tm8waGNFVUhlUQ?oc=5
Folha de S.Paulo,Personagens: Enchente é rotina em bairro de Sumaré (com foto),Personagens: Enchente é rotina em bairro de Sumaré (com foto) - 11/01/99&nbsp;&nbsp;Folha de S.Paulo,2018-06-08 07:06:23,https://news.google.com/rss/articles/CBMiaEFVX3lxTE1kQkpLN1dKYU1ONTBiaE55WlRFSHZNN0s2RHNVNTNHQzJuSGhmMHpONE5KMXR5ZGdkNnRaUGNBNDJnVi0yaGoxNDNFSDBRZTFDZlQ3dXhISU0zNTV2M3ViMVV2YmhNbnRp?oc=5
Folha de S.Paulo,Catástrofe: Chuvas deixam 12 mortos e 87 mil desabrigados na Argentina,Catástrofe: Chuvas deixam 12 mortos e 87 mil desabrigados na Argentina - 25/04/98&nbsp;&nbsp;Folha de S.Paulo,2018-06-08 01:57:00,https://news.google.com/rss/articles/CBMiZEFVX3lxTFBRY25NSng3d0lzOV93VlRCZzNjYWJfRTRWWjF2OFJ3dXoyNnhYam1zS3d2cTBpQWQ2YW1EM1dxNlI3a0N6VkZVb3pTQ3pQRTNOejc4Ujg4emxJRWtyMmw5Mmo4aVo?oc=5
Folha de S.Paulo,Crime: Mulher é queimada em Minas Gerais,Crime: Mulher é queimada em Minas Gerais - 30/12/1999&nbsp;&nbsp;Folha de S.Paulo,2018-06-07 18:04:48,https://news.google.com/rss/articles/CBMia0FVX3lxTFBUN2NtbmUydFZ5THBQNEEwZzM1ckpONFZIaVhwRjdLTlFzcXROQVFZc2wwUDdIZU5WNkxzc2tlS2tsVS1JWkE1ZTdqU3NMVlZ4dDRwVGtiNW95VEFJUEctTEF1MFJ2VGhHZGlN?oc=5
Folha de S.Paulo,Enchente: Chuva faz Aricanduva transbordar de novo,Enchente: Chuva faz Aricanduva transbordar de novo - 18/03/2002&nbsp;&nbsp;Folha de S.Paulo,2018-06-07 11:39:39,https://news.google.com/rss/articles/CBMia0FVX3lxTFBwWUpNR2hkY3RXM2IweE9xM29wWVg0YThJekFFdTZZN1k4V3BKNGNFM0w5a21QbHZKNFJyQzVudmdnVm1QMDhmbDloZHNDZV9VcVBOdVZ0YnBkNDFpcDd6R3FNVTlhc1ZKdUNZ?oc=5
Folha de S.Paulo,Chuva: Enchente faz carros boiarem na Anchieta,Chuva: Enchente faz carros boiarem na Anchieta - 07/12/2004&nbsp;&nbsp;Folha de S.Paulo,2018-06-07 02:26:41,https://news.google.com/rss/articles/CBMia0FVX3lxTE5KcDVGcGE2ZUtpYnJsRWVDOXZfc01xRW5OTTU2eDRFWFNPY0haTjg1UFZySDA0bHlnT0V0bnpPaFlxa2l0UDhLT1RXR3gzaEJ0ZGY1NjA0Yk04bE9RUFN4R2FDaDN6WDhSZzBN?oc=5
G1,Tem alerta de temporais para a região de Curitiba,Tem alerta de temporais para a região de Curitiba&nbsp;&nbsp;G1,2018-03-02 08:00:00,https://news.google.com/rss/articles/CBMizwFBVV95cUxQZTlpdk1SN2Eta1NtRkEwd1I0OXoxaWQ2NmZzMUNoNktuY1poVFQ3VkVMSTg2R0FMR3o2emhYZENEUjFVQ3VHTkJsdFNYSjgtX2Iwa0dLWFZUbUx5VHpMd094ajg1ck8wMWxOc1R5ZnVFeVVEYkcwUUJ3dVZvNU4tRkhlb1k3WTJxSFg3Z1pFcU1lS0preWZXNFo3MGpVNFVDd29BMHF2WmNpQUxKYVhUNEdueWt1bGdJYTVlVTRaTTlBR0V5OU01VG5hbkkzY03SAc8BQVVfeXFMUGU5aXZNUjdhLWtTbUZBMHdSNDl6MWlkNjZmczFDaDZLbmNaaFRUN1ZFTEk4NkdBTEd6NnpoWGRDRFIxVUN1R05CbHRTWEo4LV9iMGtHS1hWVG1MeVR6THdPeGo4NXJPMDFsTnNUeWZ1RXlVRGJHMFFCd3VWbzVOLUZIZW9ZN1kycUhYN2daRXFNZUtKa3lmVzRaNzBqVTRVQ3dvQTBxdlpjaUFMSmFYVDRHbnlrdWxnSWE1ZVU0Wk05QUdFeTlNNVRuYW5JM2NN?oc=5
G1,"Com estiagem no Nordeste, período chuvoso ameniza seca no Maranhão","Com estiagem no Nordeste, período chuvoso ameniza seca no Maranhão&nbsp;&nbsp;G1",2017-04-02 07:00:00,https://news.google.com/rss/articles/CBMiuwFBVV95cUxPR283TE9WODZQTnlUQnF2YV82N2phWWxOaUtXWjQxSDlhVXlFTEZqaEJwUHRaVnFlb3lHVW5hbXkxYlVEWnFVdWxJeDIyekNWcUFuU0tQUlA3Wmw0U2tjbm1sWlh4MElTaktlSXlNb0k5aDc4WjZiMGFuQVp6SnhmaEk3NEt1N2s1b1R4X3B4WXZGOERMVTVBY09XZzl2NXA2ZkR2QnI0UkFPX2RDa202TTkxblYzdGVFVmdB0gG6AUFVX3lxTFBJTDVUcy1za2tWQzVHbFNGNDNCVGpqV3NNRHhqa2IyMWI0MDhSbms4S3M1SzlONkQ3el9NWUlvN3VKcWw1dDI5TGNTWHpLUFFaeUdtOFh3LTZ1WHBqMndycnBvRmlsaWE0NU9MeVdRSl9zQ0lGZ3JENi01OFFQeldibFBjdTZ0OVI0RHZsN0tCRldwc0JVT2RPTG5fdDNOZk5aMkdaSUJxNHlKVEhhZkNuV0xIOXc2QlZBQQ?oc=5
G1,Vídeo mostra moradores usando canoa em rua durante enchente no AP,Vídeo mostra moradores usando canoa em rua durante enchente no AP&nbsp;&nbsp;G1,2017-03-11 08:00:00,https://news.google.com/rss/articles/CBMiugFBVV95cUxOT3pSSXdoV0hxblZVUE9GU0MxS2VfTGxraUtFdEhZTnByNkJ5Zm5Fd3lXTUhaS2Q0MnVLR1M0Q2VPQnppbVR0Y0ZTNXFzTlBwWjZiT0RoX2RTSnVaX3FSbWZFclBBT0cwYU9aY09JbGV1R1M4ZVY0MFNhOWloVl9tc1NsTVA5VDBDYXlMQWIwSnpVYkNDQ0d1dWlGUkRtM0dHY1Zfa184NFJvMUdNd2pKZmJYOTBxQlQ0dVHSAbgBQVVfeXFMUGtBb0NzdEV6UXJvSWI3TWVwejlmN2xtNDljc2xkOWhybEFOaTRnRmtxUnZLVmRDNjExZG8zRGtkdGtaN2tPWGp1cGZBbFlpOFFMNHdrUjVjVVZrbmE2RDFvNjFFbzhLVkRlbTY0c015YlBxaGtFUG5TdGJoSUFGTl82eHo3VXZ6WHVMUk0zYUM2bWhqU1hqUlFMTjR0a05QWk9TSVhkQ3d0SWxVSUJoZXJVTTFYRzR2VA?oc=5
G1,Cidade afetada pela enchente no AM recebe ajuda humanitária,Cidade afetada pela enchente no AM recebe ajuda humanitária&nbsp;&nbsp;G1,2017-03-07 08:00:00,https://news.google.com/rss/articles/CBMiswFBVV95cUxNcy1UaWY4ZG0zM2p6bzN3TmVwZzU4NXhvcU1VdVVlejhOMjlUZ3paQ2NJR1daeV9kdWVkNXNNUWx0ZDRRb0VzNHduRDF6eldXM0EzZ3JSamo0NXJQYUI3a3paUm51dTN0UW5RSTRTNEpzVWlBblJTT2JkQ2pvQndKejIyRElrX2xnVzZyTXZBQm0xTTJUT3V2T0RFVWxXV1RqNHpldXVJbE55LXNJaUZ6R0VHSdIBsgFBVV95cUxPaS1Gc0pXWlJKbGJfWm9xbGpfOHZUTHVFWHFPSThURnJPQlhqQ2UyTVFuWEpJdHdRMk8yVXdMblFNZkFicVBYLVo1ZjVucFZ4bWI0N2IyRjVKNjBON1ZlRUROZW5YZTBhcTVWSHR1Sld1MXJBNV9TbG91RzlHZTlodHpyVy1pTnJqN2ZCcGxhakQ2Wi16VHBoYmd4Rl9ROHdUQTFCMzd3OUo5cmdtRVNsZ2tn?oc=5
G1,"Após 2 anos, mãe diz que sumiço de grávida em enchente é 'ferida aberta'","Após 2 anos, mãe diz que sumiço de grávida em enchente é 'ferida aberta'&nbsp;&nbsp;G1",2017-03-04 08:00:00,https://news.google.com/rss/articles/CBMiygFBVV95cUxQVWlxU1ZGQ0kzVF9talUtNEc0YnRrM3pjTVdtRTNSWFo2VGFpQWdXOVRLc0ZwbE1hRE52S0EwUkpwVWZ0d2F6UEZYTlpfcFlFUjBSUzJ2dXdHNDJGR1pjNTg2QVBxOXg2UE1PZ3V5a2hIbWFhemN0YzMzeXZwS2VkV0pkRnByeFpMdnlHTzh5b1V2VzhqNEh5Y0pQdVhCTEpWN2kzeGJKaUhCOWx3cDRQWmZCYmJwcE9VdDFDYkxReHVIQmxYT01QTjlR0gHIAUFVX3lxTFB5VTdEZnduaXFCbG1wTGZ4TWhtNGJxVXJUMTVWLVhobm9uQ0lGQkhzTG9PQW5UaFh4R0MzT2w3Ym5Hd25Oa3hjdUFxV3poeGZWb0s1eGVrcVBYdVMtMHNDY3FYbmlaZDE1NUtLdkY0bVkzY21WQUJQcEFxVkRxMk1aOHJrVWVSa0RHUG5ZOGdxZ3Y2eU91cDNteC1hR2x4TzhCZ2ZUR19RWTAzWmVyN2p2SjRTSjJ6OW5zQXA2Q0RWN0dsYVlKV2J5?oc=5
G1,Enchente do Rio Jordão desabriga famílias indígenas no interior do Acre,Enchente do Rio Jordão desabriga famílias indígenas no interior do Acre&nbsp;&nbsp;G1,2017-02-22 08:00:00,https://news.google.com/rss/articles/CBMivgFBVV95cUxONlgxbHI2ZkNsaEswZWhfSlRPY2Fqd3BNSmdsUGxnUTcyNXoteFI3aFNPSmZRVzh0WWk0dXV2YVRTWURkT2RCQ2FaN1BjZFdKbDlZd1RwQmlzdW8xYVd4Z1VzeFpQQU5udGdCUUwwMXE3MkY5WE4zVzMwR1pqcmMtU0pleDVEbS1SYW5lUHVxQ1BVOWJpc0xwU0NCdnRMclVwcF9faE52WnFWRHFCc3dwZG90b204RHFIUDdDbkd30gG8AUFVX3lxTFBOYXZDRjVXc0JKempYenVUMnpVb1N0XzdIcGR6TC1uQS1ucWVyYmxxY05MX2FWS0JkSnJFS3BiZEtlU1Vacng1R1dMcDQ5YUFTUWVUZ2FvUzVZaDlqNk9ickpHVU9yUmRuR1JxWHFpVUF0TzVtX2wtQVc5LUV3X3ZqVWJJcmRPeXl1UHBoRmpMR1NoMUtlbndjTl8tWEdDc3g1eEdQU0ZGUExaa2k0SGstazBfNmt6QUlwUjBt?oc=5
G1,"'Não brinquem com fogo', diz criança queimada ao imitar vídeo na web","'Não brinquem com fogo', diz criança queimada ao imitar vídeo na web&nbsp;&nbsp;G1",2017-02-03 08:00:00,https://news.google.com/rss/articles/CBMiswFBVV95cUxNdXFZZ3pvODFNcXU4TzRxT0RvNV9LMnRjOGVEVDFmNGsyOHlKeFNtLVlFNGlDZjdJb1IxSG9ncThxTkwxVExWUjYzX18tQU9rT0xxQjJ1SnZEekR2aXBUV3duanRUdDlhZXdVM1ZkY3FLd2FEWDlKN1F6ZTI3RXpaRnRoM2o0aU9qUEptd3ZRakQ4RFRhX1AxYndvZ3lVQ1piQTJycXo5X2RSZEI0RlBhWGNoUdIBsgFBVV95cUxNSjlRYkR1akdxNjNwa2N2aGlqaDh5QUViNkxOZWFwazZremtmUVlvbXhydFU4NTA1TE9Rbk5MbVlzdHplY0YtZE1YYVYzeEhNYW9GX2NpQS1JM3Q1VG5NQ0pGc05laEdXZXBiNnJ1bGd3NGhiYW8tZ0lNUWVUNEpfOGRtWXFETmplT1pLbU5aTk4wYm9SakUyN1BZT2REcV9mOEE1bjFSLWQwcDlCandCTUhB?oc=5
G1,"Guajará e Ipixuna decretam situação de Emergência por enchente, no AM","Guajará e Ipixuna decretam situação de Emergência por enchente, no AM&nbsp;&nbsp;G1",2017-02-03 08:00:00,https://news.google.com/rss/articles/CBMivwFBVV95cUxNeXZsUG52dFBGUmFBaHlHWWZ2UjBkTzFMWXhDY2cySE54Q0lsc1p4MzF5U0M5TFJJLXMzMUloNWQ3UWthc3JzRG5VMGVIbUozMGZ2QUJZZ1ZEUVRSRUlxeDcyandVZmNlTndsSXYtLU9QUy0yNklGdVhzank3Y2pYMlRoTmFUVldGMjVHZHJVRHplRk5waDFLenF3RW5EMDdMN09MZ25MbTJTekVpaXZBVVoyU2R0Q0dEY2hLMENTa9IBvgFBVV95cUxOOG5qR1RoUmlrQ0pWa3N0akpBbDd3bTgwYWtKY2VQZHhHWU1qaldmTUM3dUx6czNGVG5DRzVMMnlic25WN09KbHVDSU9BOV81VzNBcFcxOVR6cVdUU2NRMkdILWZ3NVIzbHJEX2NvN05LdUxVNGZVaGRqbkFLcktWUUFNbG9CbXVKMUw5cGE5TGxPaGNpVXhfa05aY3VGVm9RMlQ4RGxvYUZPQ1J5QWdzcHdGVXFnZ1lReVZGZDBB?oc=5
G1,Enchente: cheia de rio interdita rodovia e travessia é feita de canoa,Enchente: cheia de rio interdita rodovia e travessia é feita de canoa&nbsp;&nbsp;G1,2017-02-02 08:00:00,https://news.google.com/rss/articles/CBMi0gFBVV95cUxQeGpieHZOMG9fWlp1ZHQ0Z0JkZEhXQXpfTXgtSEFQeTJJN19yZ0lsNFZCdk9FcEtidjBldzhoaFJMZHFXSWJUbXVUakxZX1lYY3NYTTRTMm1UelpkWmVqTXpETlh4Q0Y0S1ZyQl94ZmZfWmJ2bUZwQ3FXaFlTR0s3azBBYTZLWWhsX2V0bmloOTh1aThXdGd3R25KQ3RzV2JiUHJRejBuRUpkSVlCb2ZJekRlUHhUQVltZjNMRGZBZW9kOXBJWDRKY1VmYl9xVTU0RVHSAdABQVVfeXFMUDZ4RzE4dHFaTXo2bjZDdTBOa0lfdjd3SEU0VFIxTzF5V2psMHlVc0JMc0d3Skx0SmlQQkt6Y09MWEhJT3lMRkl4dzl0RzJ0NTFJZ09yWWc4dkpLX0hMVllPUzRuRTJLZXpmT0J0MnB4NzlVQ1c0bFdlTEVJYXU5ZVZwSUt4MmxuTm56SC1KNjlhRkx6UThzXzlPNzVpclhYaWFHSzJTXzJFTEk5TWVYNV83TmxBRk1PSUxyYlVSUzhISnhmcDdjUmU0NXE0NTYxOA?oc=5
G1,"Policiais militares resgatam cachorro de enchente do Rio Juruá, no Acre","Policiais militares resgatam cachorro de enchente do Rio Juruá, no Acre&nbsp;&nbsp;G1",2017-02-02 08:00:00,https://news.google.com/rss/articles/CBMi1AFBVV95cUxOX1NmbWdPRlVoSGswM3AtT3ZVYlQyUlV1MDVPZU1YX0ZuVnpXbWJfR3VzQXJzNzFObE5kU3A3c2RSTFpabWdoYUVYQmhBd0wxekg4d1VobTNUTy1hemJYREdQSkFMRXJJSkRFalFNb3ltUncwdlFDTnoyUG1JRHRDTy1iR0R2aFJpbmZtMzRIYzV5UXhKSWhwY2Z5dW9WcUZsTHFRRURvcEtRQUcwV3dXWUFJc2M0SFlDM19oRkxEMXI3cGtPc1BtYXQtX21SN05VRnhVN9IB0wFBVV95cUxOc1pQZmxjNzVhOHFFUlEtd2VaV3pOa0VkbG1qTjFUWU5DVlhyY3BZbDFGZTdlWWYwZGIzdnNQREZDSzM4OVAweWVJelVGZUkxS0FWd3RRYmpBZzVhOFNwWG1RM2tlU2J4Y0Zkbnl3VVdBTlRiSDZ3LTdKOEFjc2FXN3RpNmdpWjcyc3dEbVF4b084WW95QmhzV185d3FIRE5NdTRoWFJXWkNiU2x4VThPbGJOQWlZdDdkM0ZaWUZMZU83eTc0a2RRQWhtQ2lvLVpSUUpn?oc=5
G1,"'Pensei que estava morrendo queimada', diz atingida por poste","'Pensei que estava morrendo queimada', diz atingida por poste&nbsp;&nbsp;G1",2017-01-13 08:00:00,https://news.google.com/rss/articles/CBMirAFBVV95cUxQZ3A0TlNRS29zZGtMOWtfY2REaEt1M3REUXVqTF9abDFPc0x1TWJBWXROWFkyR3VPN3RhWk01dldGc2hOcmVYbkZxdHhpSm55aEhUU0g3Vnp3YmU5dEhNSnFKak5BQk5ZZE5od2FyaGd4MTZRcWJNYnpfMF9PamhmT1FtbGl2ZG5PMHZKeHgzVzE0R1dXWldfc3JEdFktODRPeWxPd2l5NGctOG1C0gGrAUFVX3lxTFAyNk1KN1hLVXJ6aVpTaTJMRC1CWnNZaVp1QzhlRGxZLTVyR2gwSnR2ejBya1ZHeXk0ZW9hN3pRQ3k4TGU0UXhiQTN6MXZmclcySk9DV1VGSkhKSW8yVUYxR2JoeTE3NVZYbFpTU2ZBTzcwOWs0QXFaUUtNaVktTVVuaDFUVFhiTVhJOGFyUFRBdEZqRzY1YUlzRXlYVlA2Y1pUWHp3bWZGSXRTWQ?oc=5
G1,Retrospectiva 2016: enchente 'histórica' e acidentes marcam o ano,Retrospectiva 2016: enchente 'histórica' e acidentes marcam o ano&nbsp;&nbsp;G1,2016-12-28 08:00:00,https://news.google.com/rss/articles/CBMivAFBVV95cUxONjJDQ3NDS0FlMTVGZW9IQUJBOVk3NUtyY3hYc1VudVFqclB2UHJUVlY2a2c4RW5BOURDb2w5bHRnTEhKdEs2U0s0N0ZSMVF6QTJ3VExidUhFTURQN1NVRDZCVkdDQ2ZzNkVia1N1NVhVQzRvRjE0ZVM3a2lLVERvcGFyaFZ2LVFXN0ktenRLSnFqSnl4MDhRLWJSekNUaUVZVlVac2hsaFRocXJKM2p2SzJUa3QtNW5NYi0xStIBuwFBVV95cUxPbVpHM3I1Rk1UbVhlQVFOdkxBYTRLVUdId3dERlo4NmxEanRCLWt0RVhfVHZ2NEhQamZpYlRmZWNGU2Q5WWYtc2hxUUhzZGxjSzhDVWR2QzZ0cTBpQVpMY3BWR2ZMQmVwRTFFZFdNQkhrQVFwZ2cySW9DaGNEcDdYcXZzbTFDVXJrMkZ2QVhVUjZHcllVcmF1aTVUM2ZTUWJMcEtXSkZmc1dvejkyRVljOWI1VUlBUGNNMVFV?oc=5
G1,Mulher queimada por ex em briga morre em hospital de Bauru,Mulher queimada por ex em briga morre em hospital de Bauru&nbsp;&nbsp;G1,2016-11-04 07:00:00,https://news.google.com/rss/articles/CBMiuAFBVV95cUxNX2VoRHlkWmNKdzE3UnZxclZfRVlGNHZSNGsyMHB4VlJaRF9yd1FzekxDSGMxUjJDZXp1OU1MUkVPOVk3a1ZiSTIySWplcmtWRlFxaWQ4bEdZMzFOVVluNkNMUnFMcFNONGlGOWx2clRjNGwtLTU3T3VOa2Z5bTBURHhQaXFkS0FiUTJPNkE0dmJHMkR6bXotVnhpWkJKeW1TNTI3b0tkZmZTcU0yS09KUXA5ZDRqT2NP0gG3AUFVX3lxTE1mM1ljd1luX2VFNFZuNl91UEEtSVlvUDlFR3BFYlN0MEpYUTY1a3JwM0lnTFVhS2I3Q0ppZEMzdGZjeHdZcktVa3l6X0Q2S3hYZUdjU3NMbTNmY1VEcXo3MHo5aXlfXzBRb2twMkhud1ZhRGJ3ci1DWDRvNHF6aS1jLUtabjdmN3JneXNMeUJVRmtuRE9vWlFiZVlzRVhCLXpwOVpCZnpPTjMtV19QVTZtSDJ5dllaYw?oc=5
G1,"Moradores contabilizam prejuízos com enchente em Piracicaba, SP","Moradores contabilizam prejuízos com enchente em Piracicaba, SP&nbsp;&nbsp;G1",2016-11-03 07:00:00,https://news.google.com/rss/articles/CBMiwwFBVV95cUxNZ1d3Y0JHWVVIR21pcWRYenJmV1BjTzRCdGl6Y3Y2Y285TWM0R2RvVmNBWUNpY0p3RThrV2ZTak00blEtWFlFb2VFTEo3YWF5Z2UteEpOZG5LM2JyeWxJbWtta3Ffc0hzV0ZvVTdXSUQ1NEd5THU2UnhuOWk2RzlBUXpTN3Q0cGRzcTJIUnhPQXNmZnFraFhFanlaN09qT3VHd0owazRxeUpWeDRuY2Q0cnFBZ0hoWVFTNkUzdUlZYnl5cEnSAcIBQVVfeXFMTVRBOVhSMERtNm1QaF90Zzd0ZUI4cmVTRXYwX0ZsUXMxVnRfSVpDcGprckRBSDd4UlBEQWpvSlEyc1FRUFh1SWZIdTJOaWEzcnprVWJQUTNxRXFTWGxPd1dCNVhjMFNVUkNpM3JNRTF1Tks1aXdpLVlEWUdQWV9JYU90SEppNk55aEpWaFdrYW9xME5WT1RDOHQ3TUxBOU9lUzJoUEY3WDlLdkF4eWItdHI1aFhWSlFzSHNYZldYN0h5RWc?oc=5
G1,Governo de SP inicia licitação para pôlder contra enchente na Vila Itaim,Governo de SP inicia licitação para pôlder contra enchente na Vila Itaim&nbsp;&nbsp;G1,2016-10-21 07:00:00,https://news.google.com/rss/articles/CBMiwgFBVV95cUxQTm1DX2hneTUxOHBmQlZWZWRiY2M1YW9tWUhCQ0JSYUhTOG1iYXB6R0ZzTTFKN2FKQVh3WmFaWEFMWXRnMkFXWi1lVThNQ19jWWxsdE9NbzZ2VUFzSVRMa2JfM01WVDRoV3c0OXduUjdJaVd3WjF3WnlCNExMWjFIc2p6NFRjZ29iMUdXWHJTeU10Ny1RNXhDU1NUenMyXzdrN2NZOHZiMVVqbE1FT1BSS0xMT0xHSjJGOHN0c2FZSUV4Zw?oc=5
G1,Adolescente queimada com garfo após 'confessar traição' recebe alta,Adolescente queimada com garfo após 'confessar traição' recebe alta&nbsp;&nbsp;G1,2016-09-28 07:00:00,https://news.google.com/rss/articles/CBMizwFBVV95cUxNbnFRT0dhcGpxTnhtelNvUXBRYXFiYmp1Ym5HZ2pNZUlubUZtVXMtNE0tTTNySmZxZ21SWkZiQWt1RU9rSk52SG96cU05M3k0SjREV3pIZFZBUU5yNnNOaWYtaEJoLUtGXzNBbHNZSk80TFZPUmNaUC1TLVVGTGNlWDBqc2prbFR0SEhHWHh3bE54NndDZ2NBdUJUS01KemZ4N3NENi1aQngzdmRBa2NwcDNSU2tmR1N3NWhSN0hOWTdmUVJJN3ZqNU9WUG5qMVnSAc4BQVVfeXFMTVVUMUJCN1l6NGtmSTFWOEIxRnYwZkdseDB6SjIwRC02YzBFV2I4RVpuSGxSMm9yTnZWc1llS3g3WHo3Z2k0UHlMRHBnWTBUQTRqdDBWVE85TXAtVmRSMXVid0ZwYnZmNXpPdTc5NXl4Z1h6U1VuaEs0Q1BmVUdMQlQ0ZXJBTUxoMnY0WURmajRncnlaTU9jdkJDOXJzZDlkd3pFNlFlS1dWQ0pWdkl6RE4xYV8tUlRIeGlWNWpqaG16TEJoWC1jNHk1SmNueUE?oc=5
G1,"Por risco de inundação, Defesa Civil de Sabará interdita casas","Por risco de inundação, Defesa Civil de Sabará interdita casas&nbsp;&nbsp;G1",2016-09-26 07:00:00,https://news.google.com/rss/articles/CBMitwFBVV95cUxNd1dNYnFjdTZkc3lsOXJGSVEtZW5nUDZFM0VQdGFYdnIyeXNTcldGWWVfX3dTNVdKTXY3Mno5WjUtdFBzOE5NbnhMZllIN3N1VXB1R2pJVExwWkNyVWhyVDBBSDJETmtXdzlfaVBrX1pGR2Nqa2h4S0hZNFktNDlFRWZLTmNNYW0zT1pFdVdEWmZyY3duYXFNQnlFSWdXbmNVX2JjdnItQjdhRnlkcGJoVWVydHB5OFHSAbYBQVVfeXFMTU1lOTFEMlRnQXIyQjlKODcxaE1Ed2JvSENxb1dYeGh0X2RTU3RTQUYxZm1CdHhMXzVTczZRRG5fSU5WUFl6bmlXamJIN3NMZVhvT3hHY1lDb0VuMUpMVW9MVFdxaG9YTDdJemlJT0RNTmI1bk00OUFPLVRVaWh6SnB0Q2VWekZYSkhvWlBoNW5jbFEtOUVmMHVoemN0WUt1X3F3WXpNZzgwaEsxX3BMVlBub2xwc1E?oc=5
G1,Pastor que diz que Deus pune gays com desastres naturais tem casa destruída por inundação,Pastor que diz que Deus pune gays com desastres naturais tem casa destruída por inundação&nbsp;&nbsp;G1,2016-08-19 07:00:00,https://news.google.com/rss/articles/CBMi0wFBVV95cUxPdGRWQlZnQlVBRFA4VklPVExpMHg1QVE4TjF0eHB5SGdXcGt1Q01mVW1nNlBEcXVYeTVuQ3Z3SzRGdktTU2RyOTZwZjJXN2JXMUp6dUtYQmxoOFhkYUo2b2FkSGU5NjNzV3BUYzg2NHlIMkc4ZldWY3lHQjMySFZfZ050R3dPakZmdlU3UVFGQldVaFMtY2pDLUdIcFNzNExwNHlVeFpQSTgxTmRIaXRiYlV5bGdqc0tRZEgycVp1bEwxV2prOXk1M1Y2Z0FSU2lUZTlZ0gHSAUFVX3lxTE9iaDZxaFVHTWozX0o1Vi13QUxjM2ljclc1STlFSFBRRTB3dF9LTDlJU3lNeFM1TGpCdVZ1aXNvdHh0dlg1dWYwYWRubkxna2JMRkg4UU9nYmRyUjZMN3l3TEFRRWctYTgxX2EyV0ZxQnJwQVFla19sQmhLUTcxc2RHZ2xQS1dEX0JpNkM4NjhaRGtwZXhGQTgybVVNTnB3WlEtZy1LeUtlTHhIdEg0Q3FETm02S3hIc1ctLXhYQ0owSXptTEJrQjRudk1RbFdSc1VzUQ?oc=5
G1,Estiagem faz governo decretar estado de emergência em 117 cidades do PI,Estiagem faz governo decretar estado de emergência em 117 cidades do PI&nbsp;&nbsp;G1,2016-07-15 07:00:00,https://news.google.com/rss/articles/CBMivwFBVV95cUxNbnlzSjhnbXM3Uk9SYTFNLUYyX0ZVanBEVjRkYTJMY3VvYVY0UWJhcFNhcVR1VldYMXhJUGM0QUN3Z2I3bS1LenJ0Q2dJbkttSjRHVzFDTXRHNDRXX1N1T1F4U2JNRkM3cVU3ZWxuV0hDWDdVVWxjQ01EQXlvZndpNEFDLWhveGxWUVo2Zk5xR1A2Xy1qYktFaC1mYlo2S1FyTjYwRHdVeGhwYWgtSS1tNWVydkJrLWNfOGdmWlRWVdIBvgFBVV95cUxQQXBDYkxJUjI2U0dhanBjRHdISnA2NjhwRXk0QjB6Y09pc2pNTlUxaWY2U05PUWhCandkcEJxQlVNQlVvRVhJYkRCT1ZPQ28yQmUtcHEzR09MS1ZHVUZmY1N6M3d5aU1RQnJ0NzBZdkVoUTNYakM2SzRJNE05dXVvSkQxZkJXcmtISXNyQVdtcWplUTV5cTRDTGFuSlJhd0FKUnZ1RzBicmtRaks1OF9HbEx0Q09YNzZlS3VlOFB3?oc=5
G1,Justiça proíbe queimadas na colheita da cana-de-açúcar no interior de SP,Justiça proíbe queimadas na colheita da cana-de-açúcar no interior de SP&nbsp;&nbsp;G1,2016-06-27 07:00:00,https://news.google.com/rss/articles/CBMiygFBVV95cUxQR2pTclNwdkY5RGE5NzVyNEN2ZzNTRkZ1T0F1MmhoVDdBMTlTTF9rcTBkQlVFN2gyc1lmNndjX3lESWcyWjdFOW5vanpOZ0s4U3FFYlBfeTV3cVR4aTNzVDdLakV3bkl6Z3BfYkRZbTk5anhuaXMwMVF5X04ybUJyMDZwdnBRZ2lQZFdRajdsdlFTTU93S3NmeDFfR2RTY3VZQ3lYYTZxWFlxUG9yQXd0LTliUnF2WUlDcHh0VlhXMUlVaExPaDdCZU1R0gHIAUFVX3lxTE9YRGFSNlZPa2d4aDRBdFB3a1pZd3kwX3pHZTZEZmM0eklyVkY3THZFc29yeUR4ekxYT1c5LWEzRlFxWmVGSldEb180czdaeWxqREgzMkd1N1cyMWFNTlVlbWt5SWlEUloyVmIwNURrUHRENFNwbS1aUThxUWFEajRwMENBemtZRllqZXJ2U1dXOGZaTGhyUHMwdHAzSVQ4SUZPR0JYMEtTN1VfNGZuSWFTcjEybUtIT0lFbGxLWkF2XzA1cGRGbm5E?oc=5
G1,"Com seca, moradores dormem em filas e 'brigam' por água de carros-pipa","Com seca, moradores dormem em filas e 'brigam' por água de carros-pipa&nbsp;&nbsp;G1",2016-06-17 07:00:00,https://news.google.com/rss/articles/CBMitgFBVV95cUxObG53WUwxcm9pUS1COWVUN0xDU3pfOEQxNDQ1eWFqLTlYb2Q1ZXR5U3pYZ0ZYeTBxQkE3SGRvQ0NDOUZvZjZwbmtBZ3BqWi1BMDUzMGVpdlZWdjAtR29obmlCOS1ucHNhLVRVVS13TVNmb0xwV1QwMURuQlNFZl9tam1rbjhRRDZISzJQVXJsM0NzdmhESzJrR2pGWDY3N2Zka1pEZUl0QmhzTm4xdW5EMkN4WnVRd9IBtAFBVV95cUxPczlMZU90b2xmalAtWnA4UFlERnRUbjdvZ3F6OWN4UUhRU0J0bmdVVzlFYnVxU3QzenBsYS0yanE2WVVNcWJFOGp1aEVQNWwzdHFBeDc1NXBiOWhtMzU2bWxld0hIeTluUU1VODk4ZjIyaTY0V1VxSzlFQjFsQzVMR3Q2T2U3bEdaWjJPYkhELUktc0tmTlNaNEdUYmJsQi14bGRERzQyTzR2ZVlydndLU0E4MU0?oc=5
G1,"Cerca de 70% da área de PE está sob seca extrema, aponta relatório","Cerca de 70% da área de PE está sob seca extrema, aponta relatório&nbsp;&nbsp;G1",2016-05-20 07:00:00,https://news.google.com/rss/articles/CBMiuAFBVV95cUxQU3lUX09fbU5SSU96QnRBMHZFNzhIZWlsaTk2eThUUWV3YnM2a0JtOHFLRjJGek9Ha0FaMWEtMjhtWHVUMEx3YTB4UGV3WE5kWWJzY2xuRk95bGM3Y0tfYU5NMWctcGQ4dDJreHBRdmljM3JTLWtYSHZvRWZ5aVdEZ0VheXZNd1h3QzFwb2VDM21jaUxoVzVsbjZYMHpYNGxjNS1rakdlT0lMR3R4ZnpKQmcxUXlFbnVN0gG3AUFVX3lxTE9SNWU2eElVamNMeUtDZWl3MkJHZ2lZYmFNQkVSU2EzSl9JajgxSXhVeWhvekJkYVV3M2VlSjl4NlpjZFpwVVkwN3k2V0RXR0NOdjdnbG9RbG9QbmV4c1dJb3JIcmRBSEZvRUJFN0VJa2MwN1VUdG9FZm9qb2FmVHZ5NkYyVmJ6a0dTbWFzOXJuS0Fmekg0X1VpN01XMnJrTTZLcHE3YWNfMGFQaVhoVmhOdVZOVVY2VQ?oc=5
G1,"Após 7 meses da morte de jovem queimada, polícia indica suspeito","Após 7 meses da morte de jovem queimada, polícia indica suspeito&nbsp;&nbsp;G1",2016-05-07 07:00:00,https://news.google.com/rss/articles/CBMixAFBVV95cUxQU0QwSjRaWk96YV9JTTVNUVVmTDVrX1VCcEM1R0xsNmk4eXpwaDRRY1lSdXV3NUFrQ1AtNWVpdW8yNVBvRXFVZHZzQkdqVVpsczZHZDdZQ0l3RVJfeVpTUEhwRThEX0VNQVBZOUduRDBfQ2dGT2xQbDFXNk5ocnVraWVNbHluWGczVEwweWllaG1mZXhRU04wSE5udTlyZ2tUdzBZUDR6SHV0X1M2Q0NmODhhMU1KWjRZNDlsZnJlaE9LWU5S0gHDAUFVX3lxTE13NGd6WUZXa1pEajhHR0tzUDF0dlVXZkItVDRCNjlKa19PS2oxNTdudkp1Umx1OW43ZEdjRTdYMTdYZFE5OEpJSzdyVjhWYzNvOEw1RWFydFNMd2FrS1d0T25KSm5vS1MteUV2NVUtVFNVWjB3bF9kU1ZuN0ZrZmpUS3lQencwbnRTMU8zNmMxSnZNWkloTXV6M1lSZ2ltSE5WdS1lZjVRSjUyaE9HRTdHY0lRc003X0xZV0NxZW9Nb2hFdw?oc=5
G1,"Mais de um ano após enchente, casa de Chico Mendes passa por reforma","Mais de um ano após enchente, casa de Chico Mendes passa por reforma&nbsp;&nbsp;G1",2016-04-23 07:00:00,https://news.google.com/rss/articles/CBMiuAFBVV95cUxPeURQU092WUx5VktvUlphUW5rWVVRd0FWVWUyYlBCRWxhRUl0SVBObDRPUkdrUWREOU9aZ1JGd0cxLUVnNE9uRWZ0ZUNNb3FSYzJSWjVHQXl5S1ZaTDJMN3lpMjBGalZ2OElMLVBJZS1KT0VVOG5DUHhISk5KTTZNLUhaQWZLN3I4SHFiVjJhRUExYmZramJJd2luQ3NBVE9Cb1NRazVCNDhRRlYxQV9mZFZidnlyOEFL0gG3AUFVX3lxTFBrQmFLVjJBR1kwTkNTUTJNN1EzQVVMQ0p6Q2U0YWpxa0YyTnRTb01jU1lZcjZLdjd2d2FXSlFISko5MWFLLWFUMGY1ZXBqcWF1RjNELVI0ZmdKVVphYmIzT1B4MFNXWU5iM0FzLTVTYjRIdjNYV09xMExHeUgyaDFidWNkNmxFVXpLWUVMeGJYLTlHVHljWV84bmJ5U0Fqb29HRGhucEs1UTZWMTZOUWhaUHVMSnFKaw?oc=5
G1,Leis para ajuda a vítimas de enchente em Suzano esperam regulamentação,Leis para ajuda a vítimas de enchente em Suzano esperam regulamentação&nbsp;&nbsp;G1,2016-04-11 07:00:00,https://news.google.com/rss/articles/CBMi0gFBVV95cUxPdGlrNUhZTEd1d0NoSjBna0J6LUJfaDljdnNPU2d1VFlDTnpQY1YwOTR6UUdRWjZUY2M2NkNlbllzY3A1MUl4QW04b3U2bEVYQVM5V21rVmZhRVFrc2VnUDk5Uks2cHI0MHd1bFpUSTVoTklsMjdieGtjRHNHb25ZN01yNTNmVGxJTjVnZVI2MlN1LUNuTkx5OFh6cndnaVdLOHhGOXNPYVJVd2NCaFB6MFBldFlTX3QtejBDSkE1REZXd2NYU2RPZlF2c3lEaFFuS3fSAdABQVVfeXFMTXh0cXF6WWlxblEyeFRaYkdhNndEY3R1R0FiamEyNF9DRUFDMWV2SENJWi14NnRHZklvQzdyM0dhVDVuTGJza25Ecjl6b3huU2JVVlY2ek9pVW5KOERkNFRsX2VaUjRZM1FILUJObFdZOVZqejRFWXBselluTUEzb2hOZjRjdUZUX0JSRDdLOFU4d0YyRldHck1OSWlCeXpXOTVJaHBkdzFBOWVPVzhUeXhkakFrdDZJaTU4ZjlPNzdTd1BOeWlxX0I0YXhCTlFyNQ?oc=5
G1,Faixa com proposta de brasiliense de 'caixinha' a ladrões é queimada,Faixa com proposta de brasiliense de 'caixinha' a ladrões é queimada&nbsp;&nbsp;G1,2016-03-30 07:00:00,https://news.google.com/rss/articles/CBMiwAFBVV95cUxPNDNNUFNYUVNJek1uWlR5akZkTDF4WGliNldXOWk2Sl9zRk51MjVrWkZrMTNYRnEwX0h3S2Y3ZGNLeERWbzhWYTkxMnZBOE9KSndraE1Ra2tUSV8tcVlTdHBaWmJ6N1NtVFFWdVFaallMN3RxeUNYNkxrUzc4YS1WdERWR2NnbFJtSEx2cjU3YVpNbUhDbnRPcDZtTDhQNXV1VFBSblJFVEYtUnJLU1pxQWZIaUlvejFzOGZraFRmTFjSAb8BQVVfeXFMUElLTmZpYU9mUVU3bG0tTWhMNVliRi05dHh4aXNaUHpxYXRkTG9NTWdVYktkYzdOQTdRemJTSWp5N0phM0xMMF84T1VxVXY4a0RRSEs4MmVQZlI5dWViMzZTZGpGWGN2Rk9fRk9ya3BVTlpZOU1NbHctdHByYkNmYWRiQ2EtbVpmUTBVX1dGT1lXNDFNcFEtNmxid0MyS0NqVVM1WDZQSVg1SXdQLWJmWFBZQXk1WlFjZ1BEVmdHblU?oc=5
G1,Ponte de madeira na BR-367 é queimada entre Almenara e Jacinto,Ponte de madeira na BR-367 é queimada entre Almenara e Jacinto&nbsp;&nbsp;G1,2016-03-25 07:00:00,https://news.google.com/rss/articles/CBMitwFBVV95cUxOa2xrQ2tpbnBPdXU3Wmk0NDZrMDhSZWZ2M0xmcHlmSG5BUk5ycHNETTN6b3FUdzI5ZXYtVVBKaUd0dXNIeEtyRm1KMWlVaTVqeU51WE91TTRqQ3cxYm1HX0c2WU9kYXdUZHFGcF83TjlqUWZzZmJfcnRtZ1RYd0EtYUdnMXdFcFY5RTM3UXBFTnRzU1R1a1Z1ZHg2ZURlVnZ1VjJMdU5tcC1lcm45TW1QbEp2V19vVEHSAbYBQVVfeXFMUHNBbzJheXRZVTNzV3JoUUkwbElUSDA2bzZVTlJFN3pWTElEdEo3alJ0aUNMUGhzUzFzaTR0dHN5YWhHZXdqelJ1OE5obG5jaUFjQzJncnY4YmhON3ZDOEFvbGNlbHVpVUlqSGpjRlpRWDVCdlJkVTMxaTdNcEpDeUdJSU1RNmlHVVRRd1pjSXM5SEQ2dHdoUEpoZ0ZWay1NeDVjWlBqYzVSQWF4TkVEMGhRVXA2VXc?oc=5
G1,"Moradores de São Gonçalo, RJ, sofrem com lama e estragos da chuva","Moradores de São Gonçalo, RJ, sofrem com lama e estragos da chuva&nbsp;&nbsp;G1",2016-03-24 07:00:00,https://news.google.com/rss/articles/CBMivAFBVV95cUxOaDBUaFZyZGQ1UzZJMUZqUkRYcTBkYkk4WnNfMURLNWtQa0lQN3pGU0lQbUNHY1NYYnNrcEFMaEdoNVJtdkdleWpQTFRzZlM5cmFTZ0JJZ2V1RTV4U1QxUHJIVmdQb0daang3ZU9zUmJNZy1LZ21laXRNVVJHN05lY0pRS0RDWG9xWnlKVWtUUjQxVU5hRTFwbldJOEI4WEpIQldxb25rVktabm10SkVZbmNpVDVpVlRoY1B5Z9IBuwFBVV95cUxQU3QzWWRpSnJEVk9wMklsZDhxNHRzbE9DWjk5VFBOODFqMDlwMG1LZlIzTUxJRTNRSjBrUE83S3YwVlljZWpIUm96ZzJaZ2poUy1mZ3MzOFdrSmEzMTh4Z3NtNEtJNngtUW5ldTJGbFA2WE1YWkJtTXk5bXhrekh4c215ejRuVV9CaGw5VUUwQmI4ZGFSZldvS3hyVUx5XzBObDB2cUxNNTNCbUhiQWJuZk8xLWlQVV81cldB?oc=5
G1,"Uma semana após enchente, Franco da Rocha tem lama e desabrigados","Uma semana após enchente, Franco da Rocha tem lama e desabrigados&nbsp;&nbsp;G1",2016-03-18 07:00:00,https://news.google.com/rss/articles/CBMitwFBVV95cUxPbTRVZ0N6RzZqWlNBQTJKejlMM2Y2TFJkV2ROMTFFaUdSSVVGWmI1dkktMzFMWnFJbnpTTF95MTRWdEhnN210QjFPNnFSbGVLTHFDQmFQVHVnUGhPaEpZTVdnTWZGTEI0dTBJOTNsREl0RFVOcUlnZnlvUHRfZzV0cVdRbnpRNlVOSkRNTHBJY2VuUVMyYnhUSHh4OGlsdF9UazNxNHd6eU0yY2VPSWNIZGZ6UHZRdGPSAbYBQVVfeXFMUDY3N25EWmxYOEVPc1hnb3NXU1NhVXdlYVhVOW04eFh2RDNWbVBoYzN4UnRZaHc2NF9JcUxjQ1N3RXFaZ0hYTDVfOHVHejVBWmlpNjI2WWNHeDI1V0JBSGJpWVpoRHdUNFRZYUYzYWkzaWduS2xxcVhXVTBkTmhySWR4MFNfY2k1amI5LTI3TF9CY2FCWkhVTmcwNEJyR21wbTRLTWpGbDlCakJ6MjN3ZXlaVFVKRWc?oc=5
G1,Enchente faz nova vítima em SP; sobe para 20 número de mortos no estado,Enchente faz nova vítima em SP; sobe para 20 número de mortos no estado - notícias em São Paulo&nbsp;&nbsp;G1,2016-03-12 08:00:00,https://news.google.com/rss/articles/CBMivwFBVV95cUxOZ0NMaHFUTl9PMkU0bWZMRGd1d0g2TjNILXRJTk1FcUZyempneHB5YWI4TUZmZDJlSVg2VEFPV1ZEVHpaR1N0OTBOYk1zSms0eGM3bDNtYmJVNGUycjNlVkx5ZXFLcTUyX0ZXWjZQU21uUEM5aUtsR1IwMUY0LXlTZWJ5QU1yY1I1emVEWWtyWS0wRUJRQ3B3X1dVTUJBM3d0Z3QwX0pnS196LXZGT29WTXBtWlRlSEl0Q1FVSFFGRQ?oc=5
G1,Moradores de Xapuri ainda tentam recomeçar após enchente histórica,Moradores de Xapuri ainda tentam recomeçar após enchente histórica&nbsp;&nbsp;G1,2016-01-29 08:00:00,https://news.google.com/rss/articles/CBMitwFBVV95cUxQRmZkUm5jOE1uVjNYdEpSTkljYTd0TjFzaF9wZUdQZWlHZUxNWjZxZC1VeE50YmZ5TnJraWVKdUhUU0k0WDZ2SkQwYVEtRUhHU0RHVEN3Z0tSX1N2cVYyMHRUV1lNNm1xX1BmUmFCTmxqRE5PQ0VYS0laMVJuRjVlR2ZvTTRDR0dYYmppTThyNDEyc3JhbkVFV0dlRUN6cnFIMWxURDdDNVhYZTFZaTRLQWJRMndUbzg?oc=5
G1,Risco de enchente amedronta Baixo Guandu desde tragédia em 2013,Risco de enchente amedronta Baixo Guandu desde tragédia em 2013&nbsp;&nbsp;G1,2016-01-25 08:00:00,https://news.google.com/rss/articles/CBMiugFBVV95cUxPeExIZlBEaHRCYzdlNEJGRVBia3Zta0NHNk9WMEZ4eV9RTlQxOFJ5bzROaDRjeTgwbDdsYkJjRUJ1VjNCcUQ4enpReDhzajdsQmhXVlFqSlJGNHotYVBhNmdlQkhubkY2SXFwX3lnT3ZxZGU1U2FjSUltYzdiZU5zRHduWXBIRC04Q0Q3YVJXam1xS3IybVhYZWgzeVk2UU1EenQ5aWc5dE1FMDhIckNjVXBQcWtpNkxWbUE?oc=5
G1,"Quase um ano após enchente, pontos turísticos de Xapuri seguem fechados","Quase um ano após enchente, pontos turísticos de Xapuri seguem fechados&nbsp;&nbsp;G1",2016-01-25 08:00:00,https://news.google.com/rss/articles/CBMivAFBVV95cUxPNUcxUGVCRE1ldGpKSkZQZzY2MGVOclBsMWNyWmpkSExYU2R2LXFPNnkwVXU4S2E3TWMxMzJGSEVVbTZMcy1sMDVUaHlpXzhlM3ZjTHdyMS0xZ2g1SzlBUkJ4dVpoX09jbVpCbmNsSEw3STFaWlZHN05nek5mV1JCN2tPZ3kwYkhkTHNYMWNfemFLVGZXWmZQRHluS3ZxbU5Vc0R5ZEVWS29aYTVST2VjQ1dmcElEeDBmSFdjZQ?oc=5
G1,Enchente causa prejuízo de R$ 440 mil para os restaurantes da Rua do Porto,Enchente causa prejuízo de R$ 440 mil para os restaurantes da Rua do Porto - notícias em Piracicaba e Região&nbsp;&nbsp;G1,2016-01-19 08:00:00,https://news.google.com/rss/articles/CBMizgFBVV95cUxOUWtoeHZCcnhFU0c0dGx2ZTAtYWJwYndQMUUzSUphOEt4a0xGOTBQbmstWW90aVFjSnBQc1hySDd3aWFJWnVrOW1XeGtTVkVfSTBXbjBLclF5ZWNqVjNEcC1OOWY4Rmw4NEdvaXZfN01OalZ1bFBpU3ZkYlJlRlREckszeVdqSVptbmlLRVRucEsxYXhMWmp4VklRaWFPU3R0MVJJNWM1OEI3MUVvSXZiY0ZBUVhOQ183TklGd2ROMFFCc0V3WDhMNWg4VnppQQ?oc=5
G1,Zoo possui exemplar macho da jararaca da Ilha da Queimada Grande,Zoo possui exemplar macho da jararaca da Ilha da Queimada Grande&nbsp;&nbsp;G1,2016-01-19 08:00:00,https://news.google.com/rss/articles/CBMipgJBVV95cUxPN1lHV3d4alNSUDhFT01SMFBXeDVjTnB4U2NNSkdaWnAyQTg2OE9ibUhJbXNKbzd5OWlJQmszYmJCV1FjazhKd25OemVPMzVDYm1WUlRNNzBWYlNKSnNqdFZlVEcyTDFfenBsTUJxMmlWdHlRamdudUtHQldDV2EwZmFzTEc5QzF2ejNkeWRwZFFfSExldHZ2OFg0dVFfMG4wWW5qZ3VLQmRfSm8waHU1a2Y4MExWWXZaV3VvTXFEc3lhaW9fTTFIVkVJeDBieUpKUkpvLUR0ZE9zNTFVbVFJdzZCc3IzQ2FtWm12cjlWMGxidmJmTFRUdTAxdXNYaldnN0xWOTFHeGJ0WVJDUkhqNzNaa1FjWHY4S0hWMkY3OVZxb293Wnc?oc=5
G1,"Morador 'pesca' tilápia de 4 kg em enchente no Centro de Lambari, MG","Morador 'pesca' tilápia de 4 kg em enchente no Centro de Lambari, MG&nbsp;&nbsp;G1",2016-01-16 08:00:00,https://news.google.com/rss/articles/CBMiwAFBVV95cUxOQy0zejJ2ekhnNTJCZW9UTndtYlZOVmlKemVUcm1IclVya1ZLRnNuVE14aktuZkFQRXlOcFJvXzJudERDLUR6c0gzWGRxWUhSbEwybkM0emF6ZnZRZ1daMFYyREpVMkVkOFVEZUxkd3ZNV2NyZUQxWV9BYTltQXY2amZqWk1ubWtwcWY1NDh1TnlhNGJXZjBub09uMXY1Q1V5NkNzeWZDd0Qtc1lKSUFSZ3lLTU15N2JOeXEyd1dHZm0?oc=5
G1,Rios e córregos transbordam e provocam enchente em bairros de SP,Rios e córregos transbordam e provocam enchente em bairros de SP&nbsp;&nbsp;G1,2016-01-09 08:00:00,https://news.google.com/rss/articles/CBMitwFBVV95cUxPQzJobXhXUTlsX0IzRGJOUVl1eGhfRnJJbEVZSDRtUWpSaW5jTXlOb1FXWXgycVM0a0pKOUtUOGY5M0gteTdxNlVUcURvdFM2ZXgxTDdjLVJ4ZC1jQ1ZuRXpMcTVUWC1icm01Zmw5RkI4U3RKeXpXSXRRSGxzTHNzMmNkZS03YW5EVWtwdHg1cXVVVnB6VGg4cTNUTGhDTTRfN0Y1WTNTY1hNUlRESTN6RU03SHlXekU?oc=5
G1,"Enchente atinge bananais em três cidades do Vale do Ribeira, SP","Enchente atinge bananais em três cidades do Vale do Ribeira, SP&nbsp;&nbsp;G1",2016-01-04 08:00:00,https://news.google.com/rss/articles/CBMivgFBVV95cUxQS0xzTUpaMXZMY0FVd3YyeV9iN0dhWlVTdFhLWGptRzJ2dDJ5UkNRM0cwSFdwMG9sa1RncmpxRFZ6R2tkR29mZjJ6T1paLUpGLTN1d2IxQkxRalpNWnd3VlF1cHh6Z3RDS2xVc1FYdGowY0Myc0U2N2RjS1AzbFpITXpCSnBlMlhfT1NCSEhBaElwdnBEaWhuRGRaOTdPOWVrYUpZZUplRVh5a0NGNkdPV3IxN0VyYXAyTUlHdWRB?oc=5
G1,Moradores contabilizam estragos após enchente em Rio Preto,Moradores contabilizam estragos após enchente em Rio Preto&nbsp;&nbsp;G1,2015-12-16 08:00:00,https://news.google.com/rss/articles/CBMi2gFBVV95cUxObG1TTGwzOGw1cXFxc1FfRmc4b0Jma1pmT0dyRmdRalhYdmRfcjBrRUo5Ym90VlQ3UXlOM0RyWjJGYnpjaWZLZy1rMmZzZVlvZlp3NWRxdXk5em5rYU9iVHZWMERaUVAwU1o5ZV9TX0VFUmdyTlN2bzdxTmYzTkhmVGVXYnRGWFRzdTVXT2pHcGRycWhwTk9XNWdXcTRyOFlZbk5vcHJuTlJyZ0VCWkZXOGNWeXBFWDktR2tsZ05wQ21xY1FfWXhDYmdYeVoyZnA5cGR3RWxWZ0J3Zw?oc=5
G1,Mulher queimada com ácido pelo ex tem alta após 10 meses em Joinville,Mulher queimada com ácido pelo ex tem alta após 10 meses em Joinville&nbsp;&nbsp;G1,2015-12-11 08:00:00,https://news.google.com/rss/articles/CBMiyAFBVV95cUxOTU42SFNxYzVsU1JFMzdYa19qWHJ0OUlPVXNQeEEzMzdUdTZsMzRaVzIxWURLdkUtTE94MDIzTXNRNThpWWVCd2JiWjctUHdiZE9UNGxQbDVIVzBRS0o0aDBVRWI5Yk50YjFfY1RpV2FPcHVJal9RQlFLeVpxQ3pUdVF4WHhaTjVaMlRBWWc5R2Z4cUI2dFRPeTBveC1JVkNBZU84Rk00ZHBTRVpaeHJxUkNPQWxDLU1fcDNwVUxlRjhxdkdiOC1Eaw?oc=5
G1,"De enchente a tornado, fenômenos extremos devem se intensificar em SC","De enchente a tornado, fenômenos extremos devem se intensificar em SC&nbsp;&nbsp;G1",2015-12-08 08:00:00,https://news.google.com/rss/articles/CBMixAFBVV95cUxONkRRZUhoYmV5MHNMeTJkTDZDSXd3c3dUVGxibEhwNW4zMVNzeDMtQUxnYUF5TGgtaHpGbWdNZGhKZGFmeUlkcTAxd1hvb3Bwb1NoUmZ2ZWZtYTFUZWJlWHBiTEd3U0lqaldWX0NybmFFQkRjazFoSHhXbk9mUDJPcDdBUGdmZjRKdGxpeDBYUVFpbG1vcjlqXzFSRElaTElaTjBHZFpmb3BoSXN6OXhFbUZBbURkMUxJVUN2dVJsTHJVWGx1?oc=5
G1,"Após temporal, lojas criam 'Black Enchente' para amenizar prejuízos","Após temporal, lojas criam 'Black Enchente' para amenizar prejuízos&nbsp;&nbsp;G1",2015-11-25 08:00:00,https://news.google.com/rss/articles/CBMixgFBVV95cUxQdXkxM3JGLTVBdERQV0ZRSDVoMFl6czkza0pVM0dEYmlIZURaTXFoRkZxcUQtLUpIZkhiaDQ4TDM5LUFGNXpWOTJCZmNBOEd4am8tajBONGVab1RNZEZ5TWpyR3RNNFd0WVptMlZJeHI5RlNxZGUyTWhJV0RybENyeHNsQkw2eTRuSHZvY0w1MjF1eE9mNThLWUZ4Y2VQN2FXZHdral9DYUxrYk1wM0x6cmV5NUIxdGpwb0laU2NHVjhLelZlaUE?oc=5
G1,Mulher morta após ter sido queimada em Mogi é enterrada,Mulher morta após ter sido queimada em Mogi é enterrada - notícias em Mogi das Cruzes e Suzano&nbsp;&nbsp;G1,2015-11-24 08:00:00,https://news.google.com/rss/articles/CBMizAFBVV95cUxQeFN2c0lyT19XTzdoSURJR1MySXRTb1JNYUxTZTJNbFFDcE04VzQ4UDZDV0xBZ3ZScXh1V3kycTd5MUtyOEJUd0c3dXJSVG9CVHNXLXZvUlU4a1ZtSEJZd29wcEoyUFowT3R3SWFCY1JFZjlQSEFnaWhheTQ2WkVDdmMxRzNHNFBDUjdYUVBVWUxHV1R1UkE5Z202Ylh2NFIxMEhNRENmX2xOOEJWelZhY1NTQXZDNE9HRTQ0a2pudExiWE81c1ZZX1Zqd0k?oc=5
G1,Estiagem prolongada e desmatamento secam a quinta maior lagoa do Brasil,Estiagem prolongada e desmatamento secam a quinta maior lagoa do Brasil&nbsp;&nbsp;G1,2015-11-07 08:00:00,https://news.google.com/rss/articles/CBMivAFBVV95cUxNQkgybkxQaXNnYXYzZHd0R1lqdGNrdzBaVVZBMmFMUFlHaDdXbnp6bUdJb2dBZUViNjF0VnFkc1NXamg1ckpIbHdPTFJCZC1iU3hDRjRQRlZ2SktkUnRYTmY1eWpNOWszN19PRUdxaXBEN1RnUWRxZWl2QVgzckZkT2FFcy1heUVySjRWd3ZJUENIQk01dk12MDRFMlI1NFNEVHBhTjVCcmRNOE5lV0g4MG4yZDJIRTYyak1vSA?oc=5
G1,Rapaz 'surfa' em água de enchente em parque de Curitiba; veja o vídeo,Rapaz 'surfa' em água de enchente em parque de Curitiba; veja o vídeo - notícias em Paraná&nbsp;&nbsp;G1,2015-10-23 07:00:00,https://news.google.com/rss/articles/CBMivwFBVV95cUxObThiS3VVOWc2bVZRMF96c3hucUg2cTNIZlB5cGxJdnRFSlB2bndidWIzaTM3eXVPdllGd1REZlBTWGZfUUtLeVI0Z1NiV0VBcW90aDdQVlRyckJnQXlHTDhjQnB3Rl9QQUtKZTV5M3MzTDg5bEZOT05YQzdpNnFHU3VHdlRpQXpzT3pHbmVjaXpOM29XemRSeDdRVndpSmFjbW9nbnlQS01xZGhLQlItLUZOampVZFZqcUFEaV84WQ?oc=5
G1,"Mulher queimada por maçarico tem melhora de saúde, diz Metropolitano","Mulher queimada por maçarico tem melhora de saúde, diz Metropolitano&nbsp;&nbsp;G1",2015-10-20 07:00:00,https://news.google.com/rss/articles/CBMiuAFBVV95cUxPODc0YmlhazhTel83SVZEUnVMQVEzaXNaVmxpTUV3TnVZanNpVHJYUDgwZ2I1MEE3SUZYYU1kc0VhTl9MU3RwOGhVNWlpN09XSlJfeXpTOG94blJEcTY5TTZ3VlcyREF6U0N6WllZNWxiUm9qbjJGcWNQdjdlTFh4bFo3eHhRNkd6UVZtbThLQTM3SEtwYkR0Vm9Dc1NPR3hhejVMMlpLSllfS3MtVFZFSERkUGkzTERC?oc=5
G1,Seca histórica muda paisagens no RN e faz sertanejo querer ir embora,Seca histórica muda paisagens no RN e faz sertanejo querer ir embora - notícias em Rio Grande do Norte&nbsp;&nbsp;G1,2015-09-18 07:00:00,https://news.google.com/rss/articles/CBMizgFBVV95cUxQU1FuRk11QnlDcVFKTHdLOE1pcTFvVmk5bW5Ra2FZQTZTQ0FIanFwT1RpYmptdHRnc1NkUkNkcWhJbmdpU25UN0Q0UVpiMno3QzlIUU1yX2xEaFpURHdIOU9OblhkY0EtZWNsUTlfdUJTWk1YT2RhejQ0aDdyaTJMNmZQMmFfbENVaEI4QjYzRnhiWWFsaWE5X0NDZ1djVVNYZzBtRmZzZ0MxczVxeXBYckhJU1lCS2FUYkgtRV9qbm1qM2RNT2VZRG9SYU9Tdw?oc=5
G1,Casa é arrastada por enchente no Japão após passagem de tufão,Casa é arrastada por enchente no Japão após passagem de tufão&nbsp;&nbsp;G1,2015-09-10 07:00:00,https://news.google.com/rss/articles/CBMirgFBVV95cUxNcWctMWhIT3BuX3VvRVliOEk1V1V4RTl0R2k4bG1GbWpSZV92anBWR1ZfN1d5NnpSUEw5V0hBbzM1U08yVlVDR3ZLMDgxNkc0TGtGaGMxSXlXVThKUVRzN25YdUhpcEx4Y0dBOU56a0wxeXFXQ1FiMDBudk44YnFKMHNvY3RMazBwX2hkcmlQcGNTQklyOFRGX1BXZ2xhbXpQbWFXc2x5VHNCVmNqYXc?oc=5
G1,Homem usa ônibus para salvar mais de 100 cães de enchente no RS,Homem usa ônibus para salvar mais de 100 cães de enchente no RS - notícias em Rio Grande do Sul&nbsp;&nbsp;G1,2015-07-21 07:00:00,https://news.google.com/rss/articles/CBMixAFBVV95cUxPcnA1Y1dJZnZZS3E2OW12S040X3hDdTd4S2lTdkstU29mWnJ2dHFfSmc3WUVJZE1YZmtpb0ZoOFNFN2RfazhoR0ZDbURyNmRnMGUzUHdXaWlCeTRYaFlkeEVOSTJWQzRRVnM5Z01yV1dhbG9NLUZvdTNtRFh0SEpTVTJDN1RFcWNEN2h5alhENFNVaV9MRG9kZ09aREo5STNqNjlDYXA2RG56akhaQWt1bEhYV19MVVpBci1FaW5vUHp2V0t4?oc=5
G1,Moradores fazem protesto após moradora de rua ser queimada,Moradores fazem protesto após moradora de rua ser queimada - notícias em Bauru e Marília&nbsp;&nbsp;G1,2015-05-18 07:00:00,https://news.google.com/rss/articles/CBMiuAFBVV95cUxPNjFaMTNMN0ZMM2NpbHlPaGVHZkxfMGhrNGd5UTJTRGc4SjVUTllnVEdrcDVDMjBmeG93N0tCWFhOblBzYjJvMGxNWHF5U2I0cjlOdjZCNzNrX2FBckFzYldjOC1TN0JTNGdVdWIyY1JXVG9UTUJfX2g0MlV1R0FKUGljWDFuemxtSzBYSHJsVmZGUXZyQlQ3Ql81T0N6YmY2NEVwVUF2QjNLUHZRMmNSYUhCT0lJSktZ?oc=5
G1,Moradores de Ferraz de Vasconcelos sofrem com enchente,Moradores de Ferraz de Vasconcelos sofrem com enchente - notícias em Mogi das Cruzes e Suzano&nbsp;&nbsp;G1,2015-04-16 07:00:00,https://news.google.com/rss/articles/CBMivwFBVV95cUxObXZmaFRxaE9vQXBFeUdSdk1VNi1STC1GMnZzNDVrTW9UbzBsczl6WmM3dmpUTXRmUzhKUEZmSlJSZE9JUWRLc1paenZSVlZSYUdHLTd4NFdaY0REVzNmd05WbTBMTEFEcXJkUXcwRmVxVkQ3VmVfT0hYUU11QU5hcm5UanZMXy1ZSnduMjAxSDFZQXJKUzZ2WVQyb0ZyTVpoZEdnT2tRN0RSRDQ4WWlFUGdBTVN5QldRT1hKeXdYRQ?oc=5
G1,Criança morre queimada em incêndio no interior do AC,Criança morre queimada em incêndio no interior do AC&nbsp;&nbsp;G1,2015-04-13 07:00:00,https://news.google.com/rss/articles/CBMipAFBVV95cUxNRDJXaDhyQUx6UGRRMGRhSGFsSTBNYWtqOXhxLUVISGx5ZVhkcUFqQXI0clBwaUpZUVVvYjk1RWN6dGcwSnJHMW9nVmM5aExvbG1jc2lIaG9BWnA1TFc4MGJxVkNxWWd1NTJac0Y2eVc1OWt5bENzRUMxWEE3dWE1Mkx2TmxfaDVGTHRxb2Fxcm40ZlhHcW5WVzlJRS1pNW5qU2VyeA?oc=5
G1,"Após enchente, nível da água começa a voltar ao normal em Santo Amaro","Após enchente, nível da água começa a voltar ao normal em Santo Amaro - notícias em Bahia&nbsp;&nbsp;G1",2015-04-11 07:00:00,https://news.google.com/rss/articles/CBMitAFBVV95cUxNWTFKVjBOVkhRRzZ4em5UYTNWRnY5TEtFZVJYY0lLcGdKblpDa0NMemF0WDVqRnZCVWpSSEdNeG8wc1BXdlozZnV4VDhWVVZEVVhFN19XOFgtel9SdTg5NWhhTUVlQ05sd2trQzJXMjhvTmJHMllYbUtBbmF2LWI1M3V3MFVJMVFsUnFnTTBXcFIwRXgxcDZNX1ZEdUdvamJKZnVTR015NWozY21QUnhUZzc3MHo?oc=5
G1,Morre filhote de puma resgatado de queimada em canavial no Paraná,Morre filhote de puma resgatado de queimada em canavial no Paraná&nbsp;&nbsp;G1,2015-04-06 07:00:00,https://news.google.com/rss/articles/CBMiwwFBVV95cUxQQ3ZUNmlUSTdFRThKaktTMkt5OWpnZ3dhblNTQXo2RmdlWjV0Zl9lNUVlZnZFSHFuWDlVTFJJZ3FqZXY4eDN0VElnbUM2UVZDZ2xrUDhHTWlMTFVTVTh6YWxLejRwU2tuWG1TTXE1b3VQOS13bkswbVZleDVwSUpKU2NWQUtYWGttekdWYV84N1hYMm1vNVlxSjVxVXZvMXhzN2thM1laTXpHREtqUzhyWHZYWU1Cek1mUXczS3c4RjZiNG8?oc=5
G1,Suspeito de matar mulher queimada em São José permanece foragido,Suspeito de matar mulher queimada em São José permanece foragido&nbsp;&nbsp;G1,2015-02-27 08:00:00,https://news.google.com/rss/articles/CBMizAFBVV95cUxNU2hYRlJSVmtrVnZXWWFjNGJfekZFWXlaX1ZtbWFMMFB3djJfOURoQzVZYWpUcGtkOTZSeGdSRWRENU9SN1Y1MGZGeldHa2JHZnhUcjlKNDJOQk15QXZvQ0MxbTNqeF9ZYWRGY2VjMm5ZT1pIMUMzLVNIUldZOU1TaS11cUNFUWZ1Y0tjcDczbVBYN0JyOXhZX0xreTVnVTRqaVpQZUg1QjdBQWFHcjFDSW5teW9hWmpjRkNvdmhfOG04NTVVZ2VycTR4bGo?oc=5
G1,Praia de Maresias é classificada como imprópria para banho após enchente,Praia de Maresias é classificada como imprópria para banho após enchente&nbsp;&nbsp;G1,2015-01-09 08:00:00,https://news.google.com/rss/articles/CBMi1wFBVV95cUxQWnY4TE9IMllQZklERVFBcHE4SXBtVTFOcGRBVFlObXJkYVhsVk1veTlBSm9IaVU2ZzE2empSZFBVSVVvOUxDd1Ryam96SVM3SEV3dHBqRTR0RTBNQ2Y1azZoSWhvd2V2Y1l3VjV2TGJGM2FnM1NlZlNpWWk2YUJfN3R4ZkV6ZjEtSWZ6azV6MkU2U2JfaVJ1TFFrV0RaRjhLV24zal9pSG5mT1JTeWphWTZfcEZsVUtqa1dIdzQtbXNVSUg2R2Q3eWhtUE1WQ1VBczVjSVg2VQ?oc=5
G1,Solidão emblemática de uma árvore em meio à queimada,Solidão emblemática de uma árvore em meio à queimada&nbsp;&nbsp;G1,2015-01-05 08:00:00,https://news.google.com/rss/articles/CBMi0gFBVV95cUxNSVhFY2d4Q1EzSUItdzMtYmlCUi1GWml0QmJPRERPZ2s4OFRWNTJtRGw1eGYxaFFraWlHeThfcUhybjJZNVlkZDN4UmZzclNBeDFzQThTRC1ZS3VBNGFoTlNEMlJDVDVUZGV3cHg2OFZyXzBuaV95SHdQTTFENGdHei1BbnZ3VzBtbFpIcDZ2VzZva2Vxd1VCWFdKVXZkYWlBc2Nia2QtNEFtcENRbnFzeUhteGxSdmVNWHlna2xpeHJPN2dIbnlycFNwc016ZlhOMFE?oc=5
G1,Prefeitura de Ribeirão é condenada a indenizar família devido a enchente,Prefeitura de Ribeirão é condenada a indenizar família devido a enchente&nbsp;&nbsp;G1,2015-01-02 08:00:00,https://news.google.com/rss/articles/CBMi0AFBVV95cUxQX2ZzQy1mY1kwaVpqY0FmQ29hNzNCR2dYR21sWjIxWHRieGZ5OEFPb0VxZzBsQnNYelF2SGE3c0trWjN2MHVEcXFKSVRmWDFPV0xETUVoZWIydHotVDR0YTkzZmJuZG9nRnUyS2hHVXVuNUVjdWgwSmZYaFZPbUFneVYzeXZsemxOeExGQXc3bVpGaWZTM0hiWTFodFR5dlNBcHB5dzZ2VUVxdjdnRldNN0xQOXF1N01nSmFVanhiLU1IU2R2d0s3aDhKX3BMTjZX?oc=5
G1,Temporal causa enchente e mulheres ficam ilhadas em avenida de Rio Preto,Temporal causa enchente e mulheres ficam ilhadas em avenida de Rio Preto&nbsp;&nbsp;G1,2014-12-23 08:00:00,https://news.google.com/rss/articles/CBMi7AFBVV95cUxQcjkteXVtbmFaZVdDNmpiaGRCbnJMRFhmeHZ3WkdrUTI5eHFVZzNFV2pNVmF4bnd2YXhxNUJjWXRnYTY1YWlfVk1EdTZLNVZFUDV5dzBsZ3E4N0hacjU2NkFhd1o0TWsxQ21KY2JtTVRnMEwwbEhVSmJvbFJ0WFZNcUwtX0dGU1FxNll2V1lXVjRUQ3FTNFdiSU9zR3dZU2VVU213aE1NOE9aeE9wZVNYX3FaUTRleW1PcC1lTm5HUFRjVzZnS29EVk9qVWhCVUsxRzVESWUtQi14TVBDTzJ0WmtFYnlkaXBFNkNZTQ?oc=5
G1,Moradores da Zona Leste de SP limpam sujeira deixada por enchente,Moradores da Zona Leste de SP limpam sujeira deixada por enchente - notícias em São Paulo&nbsp;&nbsp;G1,2014-12-11 08:00:00,https://news.google.com/rss/articles/CBMiuAFBVV95cUxPVmxXSnlZMmFpVTkwQTZXbk9qX0dGMEdIcW9fWW4tM0dtcUpFV2JsM0pHaU8wMzFnMWNFVEZhd1JFZkFSMHNyVHdtd2ppR2huUE1mMTZrRjNtajhuQlhkYXBxUnZXQkpQZ1ZoS3pXeXJXREh0d2x3TjhCM2RFak9xWmRWU3hHMWpvQzNPa1dJTEJzc1g5SWJrY1B3MGhQaWVBR1Y5aDM0WW1EZjY5MW84Y3JtQTM2Rldr?oc=5
G1,Polícia investiga morte de jovem queimada viva nos EUA,Polícia investiga morte de jovem queimada viva nos EUA&nbsp;&nbsp;G1,2014-12-11 08:00:00,https://news.google.com/rss/articles/CBMipAFBVV95cUxQQTA3ajFzcGwzYWdaeWctNmk1ZVgzOTg5bzlFWUE0NnNCdTRIZ2FBOTYyS1ZReHlXcDZFb01KMVI4dVZQMHdkbk54anN5aEs3Rk5xVEZBakJoTUJVS3NwX3VMbEVpQVVUY2JWNXpkMjlVbTBsMlJWZld5QU1xUTVsN2lRQ1pwaTBOdUZ1cldtOGVwZ29qdnRKNk1UMGE5bXJpQ3dRUQ?oc=5
G1,"Moradores prejudicados por enchente protestam em Marabá, PA","Moradores prejudicados por enchente protestam em Marabá, PA&nbsp;&nbsp;G1",2014-12-08 08:00:00,https://news.google.com/rss/articles/CBMirAFBVV95cUxOSHFQTk1QZ011TWJyQlU2XzRzcGNYTkIyVWJJWVA3Q2hEYldTZDNOeGh4NlJQV3p4Wkt6QnZqTHhIVzNrMG1iaVgzdnRiSVA1R0pJVVl6RWZjTlVEenl4cG5pd1VrU0tpclBOUlFWcWJ1VG9uSmJPVWQxa2o0M0R6RzJUT3F3ckRERHgtMzVJOUJodDFEWlN5ZDg1LXVDSFJhZGRKazNHc1hhbG5t?oc=5
G1,"Após morte de 17 cães e gatos em enchente, 270 esperam por novo lar","Após morte de 17 cães e gatos em enchente, 270 esperam por novo lar&nbsp;&nbsp;G1",2014-11-18 08:00:00,https://news.google.com/rss/articles/CBMi0AFBVV95cUxOSUI5R05LM2dBeUlFSHFMcFF0dGVZYkxaUmdPbFNjVWlVaVd1WWp5Y3p6T1lxdjFiOWtEc2R4Rm80N0F3LUY5UE43MXROd1NDZ3dRR3ZIdms2R3ZWdjZJV1NJX0hDMjgxWlM2RGJlREpqTXpHUUJQY3ZEZzdJTm5qSmJjdHlvejl6Z3BMd0d2Q0VCQm5sWFo1YUtIZlI1c25qNDY2ZHZYMjd0N3plaVNoX21WTFpTU3dic0d4QThaMGptZnJYUEFVMGNiLVdiX19z?oc=5
G1,"Estiagem seca represa e piscinas em parque náutico em Batatais, SP","Estiagem seca represa e piscinas em parque náutico em Batatais, SP&nbsp;&nbsp;G1",2014-10-22 07:00:00,https://news.google.com/rss/articles/CBMizAFBVV95cUxOSWpzVk1uZ2tDbjU1RE9EazMtSDdvUDd3YjRNeS1qNklYd2N4YVpJRzB0VXd1SmxYd0UzR1NSRThYcmN5TzNNMUhWY0p4d29zaVFUSFk0UmIzdXFoQmxZSVByUVY1b2F4b0xwMFJuS1RXMTNaS3ViWmhBNGhTYU9GS2hMU2lBaF91Z00tVEJHLXVUMFZnNDhxRGxqVThGTGIxT2t5MXloNXJQQkZsekFiR0VtZno0dFZFRElNQ2FLVW83c1hWOFBIR2xoZ1I?oc=5
G1,"Enchente no ES contribuiu para seca no Rio Doce, diz engenheiro","Enchente no ES contribuiu para seca no Rio Doce, diz engenheiro - notícias em Espírito Santo&nbsp;&nbsp;G1",2014-10-11 07:00:00,https://news.google.com/rss/articles/CBMiugFBVV95cUxNU01hUkprbjlSczd5ZUJDSVMwYWxkQlRJTXlIM3owcTgybE9OR19NWmIxVnBqNHRjOVk5bU96NHdEbDNtNkJQaFh2SXdWZmFvVExYV0FqMWdjZU5HZXVVVEZYVmpscFljNmxpTEtGbzNGcmttRWlNT0RIVjU4OF96MGZqZDl3dEhvSDJkM3BvUlpwcWE4ZkZOd0FmUkVkT1lHSURXUWRRMkMzOXByVy1hRUFlZEFVWWY5amc?oc=5
G1,Jovem que foi 'herói' em enchente fica tetraplégico e sonha em voltar a dirigir,Jovem que foi 'herói' em enchente fica tetraplégico e sonha em voltar a dirigir&nbsp;&nbsp;G1,2014-09-20 07:00:00,https://news.google.com/rss/articles/CBMi7gFBVV95cUxQcWdZdVFhVUpLcWt5QjdfVjlpcThTNXhxZUlBM1A3Y2Vfcm1Mb3pYQmFsVE1fOWhsRi14UHlON05SSVNfemhUdEhHcFdLTnNmczc3d2tjdDYwTlhwTC1Hd29ObzdBVFhsc0o4SFFVcy1reE9GY05oLU1PdEVDMktqQVN3ZGNaVENVTHdYa2F3QWxpRGxjX3pCZEprMVNTa1RBa24yYjRCOHRBZm43OGF4Q2JsaUlEVU9oLTY3cE54TXdFT05OOFJnTHFKU3FPZkhzOUFSbjFOODFrYmJKQWxWVDljVlAzSmZYamRSSlhn?oc=5
G1,Fantástico,Fantástico - Denúncias mostram desvio de verba em cidades devastadas por enchente&nbsp;&nbsp;G1,2014-09-14 07:00:00,https://news.google.com/rss/articles/CBMivwFBVV95cUxNRmlTeDJheU11VGMtUUFpeW5iSTlkVHRadE5oOUZqUHVaVmhOOEN2WXYtUHJOSjJBTmp6VEN3N1o3cXV0a0xtSmwxaG56TnRpcWV5TlRWNE84Sy1GQzhyeV91YUNUbHRNelZCd09BREhfNzJFWk83YmFPS0Fwd0RhQjdiclJvVVR0WmZQWGNBbTJSMkptdEZDUUVYMW1NNWRyYVIxOG05N3hfY0MwX3dSZUh4eDZXTHpwWUJSYjZZMA?oc=5
G1,Sipam diz que chuvas como a de ontem podem ocorrer com mais frequência a partir deste mês,Sipam diz que chuvas como a de ontem podem ocorrer com mais frequência a partir deste mês&nbsp;&nbsp;G1,2014-08-13 07:00:00,https://news.google.com/rss/articles/CBMilwJBVV95cUxPeXpadWR0X2p1WTQ5NGk4R2hSa0hWMkJmbU1vZFJZS21BUXhCaHc0dHVzZzNiWkRuYy1BelJsYUJNMUNFTDVxV0V5RGFTbGFWbHh6bjdpaXVDY1hpbDFTRnpCSXNGNTYtbTR5RExHWk9PMFhTR1ZxMzZHdUplSFQwN2V5bEdDYVVxZ0Vxdld6N2xoV1NURVhvUGFaT3hPOTBpZ2k2QUNWWHA1WnFlS3ZaVXk3NTRLVUpBYmRNMHJrOVVVMnl1aDVCaFZCS1ptX0FXa3UtVF9kLS1xZHFlZkNuME9RTmdIUVVmeVBuQ2UzSi1EOVNpLTlITzRKOGNkMnlWbkthVG8xbFNzbzhnRWI4TFR0Q1pHN03SAZcCQVVfeXFMT3l6WnVkdF9qdVk0OTRpOEdoUmtIVjJCZm1Nb2RSWUttQVF4Qmh3NHR1c2czYlpEbmMtQXpSbGFCTTFDRUw1cVdFeURhU2xhVmx4em43aWl1Q2NYaWwxU0Z6QklzRjU2LW00eURMR1pPTzBYU0dWcTM2R3VKZUhUMDdleWxHQ2FVcWdFcXZXejdsaFdTVEVYb1BhWk94TzkwaWdpNkFDVlhwNVpxZUt2WlV5NzU0S1VKQWJkTTByazlVVTJ5dWg1QmhWQktabV9BV2t1LVRfZC0tcWRxZWZDbjBPUU5nSFFVZnlQbkNlM0otRDlTaS05SE80SjhjZDJ5Vm5LYVRvMWxTc284Z0ViOExUdENaRzdN?oc=5
G1,Área de recarga do aquífero Guarani seca com estiagem em Ribeirão Preto,Área de recarga do aquífero Guarani seca com estiagem em Ribeirão Preto&nbsp;&nbsp;G1,2014-08-12 07:00:00,https://news.google.com/rss/articles/CBMi1AFBVV95cUxOV0YtY1dFNmNUaTRLN1IzRkptMnV3cUlRbVhhYkxIaXNkaWZsV01YQmdyZlFTOEhDLXhvVUJxMDl3VFV3Rk1yY2pBUXRlV2EyRTRva18zZkY0Q1NkbjNYeUx4enlPdXRqUjM2Q1BESTlxeTI2UmtRRGVhNU95LWF3QWM5Uzk0N0VTWE1jSXo1aVp3N2pkRjdva19qdl9GaHJlWVVzSmlJR3p2NnZjVC05YkZ1NjdpUWhiVXNMMGR5VXhRbFY3alNsbGI1a3N1R3pLNm90LQ?oc=5
G1,Parte de faixa com fotos de vítimas da Kiss é queimada em Santa Maria,Parte de faixa com fotos de vítimas da Kiss é queimada em Santa Maria&nbsp;&nbsp;G1,2014-06-26 07:00:00,https://news.google.com/rss/articles/CBMizAFBVV95cUxOWnBvTGp5Ul9qRzdzUUpLaHNfRHgycUhQWjNveWctemNjRDRaN1VKa1JrZDRJNy1wRV93UWYyeG9NVmhNMmd5d3NRSWQ3ckNKRjZ5QUFYRHZMUEw0NDROVnJLd2V4V2ZqTkdkUndNY0M1RDlsSVVIV0N3bXZCTkQ2UlpTbzZGdnNHckMtdkJCWnBxNEhVOHpCVEtEMnlXSkRONElVWHFzbmZLT0Y4amdzUWZKclBfZnUwVjRwN3NKVmxBb0ZXX1FHU2UzdU4?oc=5
G1,Imagem de santo padroeiro é achada queimada 3 meses após furto em GO,Imagem de santo padroeiro é achada queimada 3 meses após furto em GO - notícias em Goiás&nbsp;&nbsp;G1,2014-06-22 07:00:00,https://news.google.com/rss/articles/CBMitwFBVV95cUxNWVBSb2dQdjQ0MDZOY3J1eTE2TWtrTGYwZ0M1OGN3RTJtTUdOT1Q0QWxxRXhwaFhQd29vQV9fakVvRzVFUkk3REt6Yzc2RTNMSkVNWS0xRks3VFM4VHZkQVNzSDBEXzhyRHNBUFhnaDBUTzloOFFHWHFoY09hQzZRMDlIdXAyS0RxYi1vS0paaEN2aDVFY1ZOcDcxbGxlWUVSYUNIVHkxNTdIUWFlYkQwZUVtWE5lS2s?oc=5
G1,Número de atingidos pela enchente aumenta em União da Vitória,Número de atingidos pela enchente aumenta em União da Vitória&nbsp;&nbsp;G1,2014-06-16 07:00:00,https://news.google.com/rss/articles/CBMiwgFBVV95cUxQaTQ3Zm02eWtIVFQyQUZEVXZVcC1IajJHNjNhSWFyTEkzNWtPS3NKaUl2QlNWNmhtRkE2OEttU29kQ09kS1NqLTFGcmw3eEpzSTNtQ3dhNGs5eE56cnMtUzFmdFE3UzNCTnZDYk5iNUZqZmRvWGtDbkpveVZYVlJBMUlLSVBVU2xOVS04enpKMmp5cWU2aURsb1ZfREVoS1l6cG1OR1JHR3FZSEYxSDc3LXlKamw0M29aSDYxTnFuVWl3Zw?oc=5
G1,"Prejuízos com a enchente em Nova Prata do Iguaçu passam de R$ 10,5 mi","Prejuízos com a enchente em Nova Prata do Iguaçu passam de R$ 10,5 mi&nbsp;&nbsp;G1",2014-06-12 07:00:00,https://news.google.com/rss/articles/CBMiwwFBVV95cUxNZ3JpbjVBeGJLTXFfTF9FdzdpYWJIODlwaTk3WUpWXzZMQ0lkbkxoUmlTc29FSFhhYUN0ZzVLT2hBZjF6d2p0SlozdzFTaVZHRGpQVDdrX2lkeHo2dlhFQV9qZVU4LTA4dHNWN29UMTNaTFZPdFpJRXBjR3cybW1KT0tteTRfWTI3NVp0X3ZmTk8zY21YSWRXUm5XMkNGVkxmeTZJc196eGN2TldyZmY3a19BTWx0d0tXNDFMNHE3akQtdUk?oc=5
G1,"'Só vi algo assim em livros', diz moradora sobre enchente no Paraná","'Só vi algo assim em livros', diz moradora sobre enchente no Paraná&nbsp;&nbsp;G1",2014-06-09 07:00:00,https://news.google.com/rss/articles/CBMixwFBVV95cUxQN0xpaWFsbGlQLW5zTVBveEQzVnM3UVhfSzNlazRza0hTcFJLbnFFc2NCaUNlZ1FIWXI5ZzRORXItX19aT1lsTDZRaFd6WVI5QTFscjZobzNZQXlGdExhYUFvbFY1RFJ3bFV4aXNvOHQ0V0ZNcFZ2UDZzTUJYekVscFVfWHlWX3lkVU5TUTB6ejA3SlAzNWI5Z0w3NlluX09YMHFkWkNNOGpZV2E3a2pqZWtkOG5FNkNVaHZwTHJHOWNmU0ZMR3FZ?oc=5
G1,Pior enchente na Sérvia e na Bósnia em 120 anos mata 5 pessoas,Pior enchente na Sérvia e na Bósnia em 120 anos mata 5 pessoas&nbsp;&nbsp;G1,2014-05-15 07:00:00,https://news.google.com/rss/articles/CBMirwFBVV95cUxQX3pjWkRqUUplYkFKYmNiR29UQU9tZ25XM2RxMWQ2TTIyMFRlU0Y2ZUVKR091X21yTkNtUXplQTFWYk5PcGlTeTJqdzNHel9VX0Jrd0tGNlZmd3VQVUpUUVdvVUVPQTFPWjVMcFFodDlsQndCUnVOMkxvVHlsdXgySGxETkxiN0VPcjZtS1lOUV96bi1CVlFZNkN2eUZTazZNbnk4Umw2M2h6VXA5RXc4?oc=5
G1,"No AP, criança é queimada pela mãe por pegar moeda de cinco centavos","No AP, criança é queimada pela mãe por pegar moeda de cinco centavos - notícias em Amapá&nbsp;&nbsp;G1",2014-03-28 07:00:00,https://news.google.com/rss/articles/CBMiugFBVV95cUxPcGNCdmZkaTF5dWdFNEhRczRRYWtCbExQdzltZ1lNb0M2RFpjV2tVTXdtaFBmX3UwWUVtQTh1UEliM2hkTWRvNnVSZ3NrZl9KMXBCWXc0OENuUmtJX0FHRnZiZE12dVo2bUhOQ0ptWTFrVUFxeEtXUUI3T0VxYkxLbTNraTN0eE1iRHFfbFpMWVlZR3JmLUJzSVd6cFNucTNYSE5MVzNUY0RVX2lpZ0tlZGgwdmhYRy1pdGc?oc=5
G1,Enchente que deixou cidades do Sul embaixo d'água completa 40 anos,Enchente que deixou cidades do Sul embaixo d'água completa 40 anos - notícias em Santa Catarina&nbsp;&nbsp;G1,2014-03-24 07:00:00,https://news.google.com/rss/articles/CBMiwwFBVV95cUxPUVRlTWVYeWJKUlRudjl2OU5RVWpkaVllWWFWdDlKOUZRSndyRU8ybVRmSFlhLUJ2cU82RnpFYnRXYlp6ZGpjSHdxNE1uTkxxdkZSbWg4MjZZZVFENmpRZWxOZml1UDZJLVpMZHNXZDkxd1d6NnpLbU5HZUZ1eFhQZnN6aDFDQ2VISGlUZEtKRFBuMVFuWTZETjRkdk5kSHF3VDcwTUZralFOV09GTlZWV05ITFRrc2hXTEJkMXozck1zYkk?oc=5
G1,Nível do Rio Madeira sobe e aumenta áreas afetadas pela enchente em RO,Nível do Rio Madeira sobe e aumenta áreas afetadas pela enchente em RO&nbsp;&nbsp;G1,2014-03-07 08:00:00,https://news.google.com/rss/articles/CBMiwgFBVV95cUxNWlg5WkJFYk9jRUtRQ1BZektsTDd6Y3A4aFFDckR5b3diS21lZ0l4YlkxcVk0NGV2U1JCV3Y3amhRX2lRdTBzT1dGdnZ3dms3UDdmZ0NycnBNajFiZlQ3bWZ1Vmhvb0hZUlpOMjAyOWVfSTFBdlY1bHdjejlEMEZ4YmxyV2ZzWHJoT0xsX25qTDY1TGZpOWVDYnJnTHlCcWhLYmVCM2ZMUlRGdVRrM3VLQ1dyYW1lQUhfbEl2NnROaG9odw?oc=5
G1,"Vala para escoar enchente causa danos à reserva no ES, diz órgão","Vala para escoar enchente causa danos à reserva no ES, diz órgão - notícias em Espírito Santo&nbsp;&nbsp;G1",2014-02-27 08:00:00,https://news.google.com/rss/articles/CBMiugFBVV95cUxPSjdfaUZ0aWNqYTBMWldCN202SW8tcWpmZk1UTG5FN0hQM21LWU1oNnB2Zm5QUlpOUzBmSlB6SV9OM2YtaDlpd1Vlb1FsWWo1YlA2VjgtRGhHQWk1emtNM3k4VmRVUGtQSWh2UUJSazZ0RE81OHRPZV9lUjJlOHpyeDdfSVhCX0hmZ3JZSEV6eVVCT1Y2aHZ5RGJQYUtRbURCMGpZWkl4SHBOdFNyMXVYcVJ5V2tXUW1UbGc?oc=5
G1,Filho é preso suspeito de incendiar casa e matar mãe queimada em Natal,Filho é preso suspeito de incendiar casa e matar mãe queimada em Natal&nbsp;&nbsp;G1,2014-02-09 08:00:00,https://news.google.com/rss/articles/CBMi0AFBVV95cUxQZnlMTnZieVVZTVVhbXhzRzlPRm1wTzloamo0SlN2Z1J3YVpiSGdQcEVveUNVUkZpU2Q5QVhVREN1RE1IczhPdVRtWUxmS2ptTnZnNHZwVHNXNV9jRU9mSmk5a1pudmZWeTQ3dEpDNFRXZDVmN1l5TWVZQ1JnVEhJUmttZ3A5YWlXV3ZjZlVSTEdubldoODZ5MWdQSmxHQmEtekZUeDB6TnlGN19OMnRSSUNjU2hjSzRoeE5pcUItNVJYRmkzV0N1V041YjI0WTdR?oc=5
G1,"Chuva de granizo e enchente castigam clube esportivo em Batatais, SP","Chuva de granizo e enchente castigam clube esportivo em Batatais, SP&nbsp;&nbsp;G1",2014-01-20 08:00:00,https://news.google.com/rss/articles/CBMizwFBVV95cUxQN01GRHlFdmpLLVAwZFJtY0haZG9wbGhkdVFyTVpDUXdCcUxOR0lXd1U4ZE93UHNqUUxzSVNocFdXX1c2QzRBX2hXMkNvM2hIZUIyaFFvZXJ0UWRPZk9aMWJBUmtkQ1VKVzBCR2xpYThNSlh3dU02akZDMHVmMkZlTjZwZmh1QWg0WVNtcjZIRC16Z2tHTXg4RXhncG41b2ZWR3JNZ2VWbkIwNEtZVnZvVEd3NUxTT0R6bUFLall5N2pybF83ekxNdERiUzlvUmc?oc=5
G1,Filha de mineiros ensina receita de frango feito com cebola queimada,Filha de mineiros ensina receita de frango feito com cebola queimada&nbsp;&nbsp;G1,2014-01-19 08:00:00,https://news.google.com/rss/articles/CBMivAFBVV95cUxOdGhFNFl4aVhSRG1nX0lHVHE1OUJSei1oZ29JUnZJM252NGdac2tJVE5HMWtmSzE2QWI3eElaYUpIYnBRaFE5b09HUXZrcGtwbmJaYnFvWGxGZm1jSWt5Q1NVVmJ5OXVXWjkxWEJYV3RFMjJhbWZUZVU1cVVsSUxYd1JuVEdPYWFrUjR1YlJRU1FGVEdCUFFUMW02QWZ4ZTVaR0UzYU51SUNXRmlPYWFFTlluZHM5OEdRN0VkSQ?oc=5
G1,"Pontes afetadas pela enchente são desobstruídas em Itaóca, SP","Pontes afetadas pela enchente são desobstruídas em Itaóca, SP&nbsp;&nbsp;G1",2014-01-17 08:00:00,https://news.google.com/rss/articles/CBMiuwFBVV95cUxPMnQtZFJKWVJtbDFXNUVhTlNFNjBZS3hsa0diVU5fSlNlRkhCX1lFb2lxRTZTT2xjYkl0UXZmQ3A2MWtid2ZIcmJmdjhOdFhlQjJzTnVPYXNoNThWVHVKaUQwTFpsS0M4SENPMkZiOVdtQzB6UUdkeW5ka29fYlRneWt2a2RrQ2lYSy1zVHVZVUx0N0d4UzVnUUJXbnJmdHlIcVdXNV9mVWVvWW9nX1V1ZzFHQ0RMempJdWJj?oc=5
G1,Cetesb confirma que produto oleoso vazou no Rio Ribeira após enchente,Cetesb confirma que produto oleoso vazou no Rio Ribeira após enchente&nbsp;&nbsp;G1,2014-01-13 08:00:00,https://news.google.com/rss/articles/CBMixwFBVV95cUxNcXVySmczRjB0ZmdIRDc1TEprdm9FaGo2RERJX09CYlQ3bWNEb09UemJBYm82VHAtNGluWEpUOVZpUFU4cEREeHFjQmtidWlib1NKMGpfZ0cxOV9PM2tkV3NrUW15N2RFMlRRSWJ1WmRnaktNWHhpaFhxZHpjUy1xRHJUZHNvS1FuMzJocUktV2g0bl9YTWV5NXpNVTRCbEtoandNaTBvc2Vwb2tqVnhWdUM1emdCbkFNQ3YyeUtEV1JYSTZNQTl3?oc=5
G1,Bisavô de Ana Clara morre após saber que menina foi queimada em ataque,Bisavô de Ana Clara morre após saber que menina foi queimada em ataque&nbsp;&nbsp;G1,2014-01-06 08:00:00,https://news.google.com/rss/articles/CBMitAFBVV95cUxPeE5ISzV0T3R4NF9NdUVLTGc5NVNKeHVaSjByZFhBbFdTblVSUF9WenVjbm9VOUNHZDAzVWhqUkFuRUllbXlYWUtUeVNveTdPOWxqcmhQNFU2VHBLZXhxNDFFdjNEY2RTTGlyQlduMFZTNk5KMzZKTjNtSGdoZWZvUmJCOXpHeXYwY0xyMmNHeTM5b2JQb0d0S3gzM294Mmh1NmRlekdab2VYN3BteTNtSWp6NFY?oc=5
G1,"Quatro anos após cair com enchente, igreja em São Luiz segue em obras","Quatro anos após cair com enchente, igreja em São Luiz segue em obras - notícias em Vale do Paraíba e Região&nbsp;&nbsp;G1",2014-01-02 08:00:00,https://news.google.com/rss/articles/CBMi0gFBVV95cUxNTFBnM25OdVM0SVdhbTNYZWpVUjBDUXliN2RrYVV3MS1YdDhPcHlxbWJLWEtsWVJjYzVWN1hXY1A0SXBaVG03LXFPWUM5RFJoaGktVTRDTGFmZzhHR3ctaXk3VkVJQkxza2NhLWhIQVRWRkJGWkg0QTNoWDk3clpILWJDbV9TSXVxNFlDTVZfZ1BCTWtXTnlWSGI0X19Jcm9DLTJmUURLcW5PQjZqM01WQWh6ejhUcER0M3g0aDFsY0tYSm9KaWxiODlJN3ZHRW9oYlE?oc=5
G1,"Chuva constante causa enchente e bloqueia GO-244, no norte de Goiás","Chuva constante causa enchente e bloqueia GO-244, no norte de Goiás&nbsp;&nbsp;G1",2013-12-26 08:00:00,https://news.google.com/rss/articles/CBMitAFBVV95cUxOS2hYR0UyNzFIVmFDRW5LeS1vcHpyNG9LaFkyd3o3bTRvSThuMnhTNVFDVEdBbi05dW1IdV9jZndfcHJoeGVPODhWdll3enFmV3VHS3hCOXA4aVQ0ZV9sNVVtS0JtNDRUV2FNMzJTVzhmVnZkY05YMHo3MUxSamFyRUxFejF3VTdGZGlmVy0ya2VNN2taRDcyZUpCRmxTTExsOFFOMGpyUHNEem5ickNXeThleFA?oc=5
G1,"'Só via na televisão, é muito difícil', diz vítima de enchente em Ribeirão","'Só via na televisão, é muito difícil', diz vítima de enchente em Ribeirão&nbsp;&nbsp;G1",2013-12-10 08:00:00,https://news.google.com/rss/articles/CBMi1gFBVV95cUxOR1dreTVaS1M5QV82Z2pxMHJ5bkZfcFNtZmtleklfMnpTcnhRYnhMSTRYMXFya1M4QUtMQW93M01UaXNFMjVNcV8tcEVTbmJoYVVRTFFvNGd6blZUekxKTVNFVHQybTNpT294TG1JcGNmQ3pYTWFpaTgyYlZRcmtHVW14dklENVgwMEVVanh6VlJ6d1JiZHF3YzBUdU5JRmdyTDlMc0xsazVUQ1FseEVOZF9HUmtXdWh1blJEOHBFSEdfSGN6QThRQUVJYk0wSENOODlQQVB3?oc=5
G1,Corpos de família morta durante enchente na Itália são enterrados,Corpos de família morta durante enchente na Itália são enterrados - notícias em São Carlos e Região&nbsp;&nbsp;G1,2013-12-04 08:00:00,https://news.google.com/rss/articles/CBMixwFBVV95cUxPU2N4eDd2UVg2LWhIZXRTVEZhemhMdE04NDZBUXZsZmVjeUxTQ2VpVGpNVUdkVXVabjllS2paamZDRlgyRnJzbkd5Ym9YYk4yOWVBNzVtLU9EUXc5QU5IdnBwSTBXQk50VVFUWTE3bG9lZDNqNmRsM3N3RDBnUmtUVWRNSGFweXlUUVowRnh0NkJ0Vzl6NF90TXpCeEdHS2J3U216QnpLMlZ6WTJBRUhXLW40NXoxQmI4bW1WX3ZXeEx1bllrNUJ3?oc=5
G1,"Galinha sobe em árvore para fugir da enchente em Mongaguá, SP","Galinha sobe em árvore para fugir da enchente em Mongaguá, SP&nbsp;&nbsp;G1",2013-11-25 08:00:00,https://news.google.com/rss/articles/CBMiuwFBVV95cUxNcWZFSmpvWld0cTZqOEc4Skc0YnByc3kwbXFHcHZyRWFGV3c1by1XR3ZuS09QWk82YnR2UVFHbWo3RENhdDU0aDVNeGNIVTBVSUw2d3lqVEhMWnBjYlcwYnRkSlp2bThPNVdFZVJrR2RvM2wySTl3b05yalJzN04wX2E2cGc4V2I5YkJCRXdvSDBEelRtYjhEYmIxMGkxSXhuOFlseURlWnYxN0E4c3dkM1JEdHZtN1lmUWcw?oc=5
G1,Moradores de Bocaína temem seca de barragem por conta da estiagem no PI,Moradores de Bocaína temem seca de barragem por conta da estiagem no PI - notícias em Piauí&nbsp;&nbsp;G1,2013-11-10 08:00:00,https://news.google.com/rss/articles/CBMivwFBVV95cUxOM1RQVWNwcFNKSUh0aWxMT182QndMNXI3ZGYxYU5kRU1SSmYzc0k0U0pvbXBVa0dZNWZvS1d5WVhDX01hakRtNmRZbk9FNWVoRUJuTFdvUEVvVGJlS1Fwb3JWZ3RlWlh0TTlEb1hHMnc2QUxuQ18ybzkzR0xESmZjcWlOX2ttQ1plNnNJd2FKOVEtaF84am9aQXo2R3J0enViYXVLd2xpWEI0R3NFem1pUTFCWkJFc3JrS2stOTZJdw?oc=5
G1,Desabrigados por enchente em Cubatão invadem casas no Bolsão 9,Desabrigados por enchente em Cubatão invadem casas no Bolsão 9&nbsp;&nbsp;G1,2013-10-25 07:00:00,https://news.google.com/rss/articles/CBMivgFBVV95cUxNaHUtVGlqR3Zha1VRVzR2TXJHYWNNYXA5NHFLS0EydGphZ3gyNlplU21YZmZiWXE5ajhhQ0lLVXZYMmp2QmtnZGY0bVcyYk1uZ1FWa0FBY21FTVNORFkwdXBHTDBKczdTN0JBeTR3UGhzM0FQZF84Z0cyUUhsRmEwZGtjTlEwUTlHeXZ2dGNKNTF1YlJQVXJKYVFKaDhrMVd4VEJFdTNsRUpiYy1NRWZ0SHlBRDNJMVhfbWhjVXp3?oc=5
G1,"Família perde tudo com enchente, fica em abrigo e fala em reconstrução","Família perde tudo com enchente, fica em abrigo e fala em reconstrução&nbsp;&nbsp;G1",2013-09-23 07:00:00,https://news.google.com/rss/articles/CBMiyAFBVV95cUxOdmtjeTRmY3BvU25MTWNGS0hQLUt5Z2JiSk9ES1V0WjdseXRTakxuMmZIaS1XUmc2YXIyeXJCS012cGVxOTJHTTZoWVk3WjJjNkFzel9rcnVHR2RveXZPMGVHTHl1WXk0VHNkOC1WUUZvaE9aSTZELWhMLVRkUHZEQ2E4ZXBvOC12MGVhU3NIakE5T3RKS1I5RlJkeGd1NEdNS0tTNEw0enE1Q0pxbGNkaTBkYWdMdV9nTXZYc1Jnbm0xeFc2QXBhRg?oc=5
G1,Animais são resgatados após enchente em ilha de Porto Alegre,Animais são resgatados após enchente em ilha de Porto Alegre&nbsp;&nbsp;G1,2013-08-29 07:00:00,https://news.google.com/rss/articles/CBMiwAFBVV95cUxQb1pXSG1OY0U3LUJMV3J2eEU4clVGTmZKWmRoVDJuOEdiUjBLYjdyQzZfcnNaVnFrUGtzSFJjNXpBUFN3TGJFU093NHpicXlmSURKU0wwZG5oSWVWYUh1bnZKc0dDZEdSclh1Q09VbkVHVGZXeGVQWGhIcTB4QnFQUWlVRXNQc0tpVU1iVEhjeXFyM29HMDlheWcwWWtFRWljRHl5NFRJdUkxNU5xMmZXS3dXX2h5NFg3cTREZUJWUGs?oc=5
G1,"Mulher morta na 415 Sul, em Brasília, foi queimada viva, diz laudo do IML","Mulher morta na 415 Sul, em Brasília, foi queimada viva, diz laudo do IML - notícias em Distrito Federal&nbsp;&nbsp;G1",2013-08-14 07:00:00,https://news.google.com/rss/articles/CBMiyAFBVV95cUxOYW1ONjBaREI3WEEtbUc2ZnZ0U2JfcjFXY3NlR1c2S0ptUG40VEZTYmRXX2t0RFBTZUhNOE1YTjROc1dpaXhtelFBR1YzdUx5QVFKc05OdFpmbHMxUDVtdVdlakNqa1AtUlBBNTlEbXptWUlSckcteVE1Z0tNZ3U5VThUQjdxcTE1bTVvZ2Q3dUxFUXZuRndqczZMNzlqTGpMSWFMNVJjMjN3UnRqSVhzNHg3MzZfVXJ6S3Qwc29WUlNVYl9uVm5BMg?oc=5
G1,"Danúbio recua, e Budapeste escapa de enchente","Danúbio recua, e Budapeste escapa de enchente&nbsp;&nbsp;G1",2013-06-10 07:00:00,https://news.google.com/rss/articles/CBMimgFBVV95cUxOQk1fVjQ2akVVRkprRVVvcC1tWmo0Y25JUk9YdU1IdU5QejBEdnpkOEdkaWdGOTI5YjhfRUd4azBSS25OMURsTlRqVTJCRTVlWk9icjZ1VHF6ZXRMRHV6Z1VQeU1ncUZrb1lPcDZ4SzdsNlRkeW41OF9RSFZPZWJhN3c1QmRTQW5vU0JBR0pjdUJ0NGxWQXEzQmt3?oc=5
G1,Dentista morta queimada é velada no ABC,Dentista morta queimada é velada no ABC&nbsp;&nbsp;G1,2013-04-26 07:00:00,https://news.google.com/rss/articles/CBMilgFBVV95cUxNZ1BXa09sSWVaQzN6a3c2TXdobzVfUEdhWHN0X3p6YXBKNGFsc0p2WEZMd0sycGdJb2NJUVU3aUdmTkZ3N1ZRV183TVFmVlA0OUI5UWFocWFrT2VEamxoOUFnanFVZDVRbE9Gcm5hakRuSVgzTTV1OUpTRU43VlVFTXBfeGdhTnN0Z0RkZ2pKWU5LWm9RSEE?oc=5
G1,Maior enchente registrada no Pantanal em Mato Grosso completa 25 anos,Maior enchente registrada no Pantanal em Mato Grosso completa 25 anos&nbsp;&nbsp;G1,2013-04-15 07:00:00,https://news.google.com/rss/articles/CBMiwAFBVV95cUxNRGN4bUtjQUxEOUM1OFZjREpzeXB5TE9SOURXMjdHWnNzQzlPa3RjNVVsVHc5VFFQQmdFWHM4MDFCUlI3U1dhclFfVGRud2Q5MTdOUTVyQXpMbFowN0h0ckhfTHVRSV9zbUdXcTN3clQzUkNQcUR0NW9DRjhyN01TSWFoOXhrWEFvRXc4VDlzQ2gyMzk2RFJKeF9FdDNIQWR5YWRwYnNtdW43bjdXVWJuU1hmYXVHdUVLbURKT3BQbzU?oc=5
G1,Defesa Civil de Itajaí alerta para alto risco de inundação e deslizamento,Defesa Civil de Itajaí alerta para alto risco de inundação e deslizamento&nbsp;&nbsp;G1,2013-04-04 07:00:00,https://news.google.com/rss/articles/CBMizgFBVV95cUxOUHY0MkE3TkpSdUlFVkNfRmFjOHlaQ25MRm50cGd2am9LY18wUWZ0ODZnVWZNaUtXYXBHMTRaY0VCdXRROWN6V3djTFA1dlJMMG12TUp2N3p1bEpYbjRuQVdUZW14bnFVc0d6Yk96M1I3YjRrb0xVbVA2Z01FdU5zYzIwZEtzdGtxZXJPLTBRT3hVRGw1R25ac2c2SUQzNjlYbHdHNWIyWm9nTlc3Vzd5X29VaWV0MHZXcXhSNjNpUUZnMHpjZzFSc1hDV05IUQ?oc=5
G1,Jovem tem perna queimada durante cesárea em maternidade de Santos,Jovem tem perna queimada durante cesárea em maternidade de Santos&nbsp;&nbsp;G1,2013-03-12 07:00:00,https://news.google.com/rss/articles/CBMiwgFBVV95cUxON0dza1E0dTNEeFVodEZFRkVqNk9BaGoxczVqN3NmbzN1OWNtNm1uME9paS1QSVNuVzgzSGd0bEJtZllQNjBlcWFVM0VoNGlMQ1FBdWE4LTdrRUZ3YnQxSDNUYUo5OEJHdEJFMnhWZkVUaF9Lakl6Nzc3NjlsWEJEdW5sY2o5UlZ4cnFBQ2pwVFZwVDNoSHI3aDl5VENXbXBsOTYyUFRSMVo1cm1BeFVGbmtLWE9ycGVyT1lMbDlLd3RGdw?oc=5
G1,Pedreiro procura há 10 dias saco de dinheiro levado por enchente no litoral,Pedreiro procura há 10 dias saco de dinheiro levado por enchente no litoral&nbsp;&nbsp;G1,2013-03-05 08:00:00,https://news.google.com/rss/articles/CBMizwFBVV95cUxNczRaU0NDWUtmbldwLWtfendxTDl4d0hsUTFMTHFzQk5VOUVLSjlWM1JJa3hvdWxYRmZzU1p4cDUwMl9EZzZQak0wXzlGQzZiVzByYUdLY1hDRk5hMHNoVkM1VkNud3F4TTI1QTVlYzdjU0I3aUhRRXNXNFBCN2tHajhzbTBXNEVfY2huYWFjUUhxMlR0eGhPRVgtZ3cteEcybFJOcFpLUWZlcUttWlNQeXRnWm9QQXdRb3F3V2k2ekJ1SUNPQlVUWmM3T0JuZU0?oc=5
G1,"Morador encontra cobra na própria casa após enchente em Cubatão, SP","Morador encontra cobra na própria casa após enchente em Cubatão, SP - notícias em Santos e Região&nbsp;&nbsp;G1",2013-02-25 08:00:00,https://news.google.com/rss/articles/CBMiwwFBVV95cUxPUnlNNW1IVXZjWFdhT3lQN1dpNjFiMFJaZHVVbmczczNwdk50NEtpaThxZFk3SERoREtfT01Fb2dmcHZIS1BkNlhZcTlIQzJBYmZ3azA2Q3EzNU80d1BWMXlFM2ZDTkQzNHF2LS00MkdWRktjUHA5UXg2RFV6TDRHX3ktWUoxMVR4S2tJaEZydGdKMXUwR0UtUkZaV0xBYUJtRUhTY3BoRDhpY3FlMy1VNnBLX2VhS3lGZkVMMTV5Wll1ZU0?oc=5
G1,"Justiça nega liberdade a suspeita de matar jovem queimada, em Goiás","Justiça nega liberdade a suspeita de matar jovem queimada, em Goiás&nbsp;&nbsp;G1",2013-02-07 08:00:00,https://news.google.com/rss/articles/CBMisgFBVV95cUxPLUtWa2NpdVJRYnBwYzcyRnljZFpMYUxGYkNremwxTVVjSlRPdzlWdDJ3WEdwbUU3M1JxWmZkLXduQ3ZXM241Tl9DVlh2M3VyRnliSWJuSXJTb0JkMWZHckZPV1FxT3Rad2RYdE9VU1lmd3NQenBuWE9ueHVQSHhvRE52eE5VX0tBazRweVJGek9vMlVVTHBqWlJ6QnVqeGd5em00RFY2SHlXcmxCMHV1ejdn?oc=5
G1,Moradores de Mogi protestam por causa de enchente,Moradores de Mogi protestam por causa de enchente&nbsp;&nbsp;G1,2013-02-03 08:00:00,https://news.google.com/rss/articles/CBMiuAFBVV95cUxObmJyNkdCU0N3WmFBMzNubV9tQndPYVAzdDBNU05DWTVNd002TU5oLWcwME1LVjlHS0NIcVZYM19jeENLbTJwRUQ2dko0d2g0YlIyUERmd2dNU0o0YnRMd1YwQTM3TncycEJRV1VuX1RhNTktcnZ5T2t0TE51S2FRbk1HdGJWUndLTnJnbW5sVUpxRTVHTXN2NXJDUndfUDNWbDRhc295RmwzSEZlVnNnZU9xNWUxVmln?oc=5
G1,"Moradores contabilizam prejuízos após enchente em Divinolândia, SP","Moradores contabilizam prejuízos após enchente em Divinolândia, SP&nbsp;&nbsp;G1",2013-02-01 08:00:00,https://news.google.com/rss/articles/CBMixwFBVV95cUxQam9XLXNUWlh6aV9JN3Znd2d0Nno0QVRqZUhZTnNXam9GcXloS1ZOOVZzdk5CR2NmcDlvbHAzMThia2ItYmdPbU9pVzVrRWJDVEE1QzlsTEtMaDMxNmttSXRfNkZUU0toZnlZVkM4WDFYVE1fZlRPbzBEVnBfZWVJb0owX3dhY3BRaHNycDItYjlrWVJqZlRYb1F4RlFuUkV5dlJOTjduNndIRDUzLW90R0FYVHJaa1ljcWktdDVTY1RVQzdqWHhv?oc=5
G1,Jovem morre após ser queimada junto com o namorado em Goiás,Jovem morre após ser queimada junto com o namorado em Goiás&nbsp;&nbsp;G1,2013-01-30 08:00:00,https://news.google.com/rss/articles/CBMirAFBVV95cUxOYkpqVkVXWXBVSUcxZExpd2I0VjN6Qkx6bXozRFlhMWdBbmthY3pEOTFzc05nQzhwdlBxOGFISjBvb2g3TFhqMm54WUJrUUJXM2Izc2VVMW95X19KX3lVWGpOZWt0V1lpSV84Q0x4NjU3eFRhamdTOEptVlFkWFVyaUlYYkFkSHFwaVFiMl8xcVd0aHZ5Q2c3NmxIOWduN1c4bTl0NEp3LVMxVXBS?oc=5
G1,Enterrado corpo de criança queimada ao jogar álcool em churrasqueira,Enterrado corpo de criança queimada ao jogar álcool em churrasqueira&nbsp;&nbsp;G1,2013-01-28 08:00:00,https://news.google.com/rss/articles/CBMivwFBVV95cUxNU28wMkxXdEtyQnlqay15V0dzb3NTZk50eVRLa2tWZUZMbTBUcFhVOV82cTExdTVUT29IUk12eC1ueTkteS1TTjFMOFE2OExrUDFRQThhc2t4Y3pfY1JNeldoTkdCUFhfWldGbkp2Y1FCZ3BZSHd0dlFFc05xYTNaQzAyQk9yQkpzREx3LW5pWGJIUGJqTTZ0elNTYVJ4ZV9xTkxZUVhHeEtvN2RLemRTZEVqM21EcVFCX3pENjVtSQ?oc=5
G1,"'Ela foi queimada viva', confirma suspeito de matar empresária, em GO","'Ela foi queimada viva', confirma suspeito de matar empresária, em GO - notícias em Goiás&nbsp;&nbsp;G1",2013-01-19 08:00:00,https://news.google.com/rss/articles/CBMirAFBVV95cUxOR0tuWUI1YnAtakhScWdrdWtfTi1uSDVfRzFSV0I1U0d4alQ1VDQxNVZHdlNnME1SSVpXeFBoSVpsRzRzNlhlaWlxQ1hOYzBCVnJlck1aMkw2c0w3aWtSU0VMaC1SbnBPZU5PNDhPbEMzb29VenpxM1BzdzNWQzR3cFZJVDlCUmxEZVBHT0ZLUm93NjFuS0xheUlzOXVLWnVCZE1TeC1GNnZMZ0lX?oc=5
G1,Estiagem seca açude e água salobra fica imprópria até para os animais,Estiagem seca açude e água salobra fica imprópria até para os animais&nbsp;&nbsp;G1,2013-01-11 08:00:00,https://news.google.com/rss/articles/CBMiygFBVV95cUxOLUswalhBOURDeElXcTVrQTJPajdEQ3pHeFRNS1g2UjhtNGNvT0s0ZmxWajduZ3RMRjJmLXplSnRwXzQ3eWlMcWtGd0JHdnhTc3lvYUZRaC1KUmwyZVZxRTZONlVicm0yRnBRcmJpQ251a3AwT21nSEh5SXpjbGhFVlE4c2dNWWtSTHFPX1E4dVYtb3RpTWRWRVAxcmppdV8yZk4zTlc2Mk1xSGlhdk4zam9UamxSZVU1M09BZE05dzF6WFc2Vi1XcDBn?oc=5
G1,"Zeca Pagodinho ajuda vítimas da chuva em Xerém, RJ","Zeca Pagodinho ajuda vítimas da chuva em Xerém, RJ&nbsp;&nbsp;G1",2013-01-03 08:00:00,https://news.google.com/rss/articles/CBMiqgFBVV95cUxPeUFyNmNBRFE0U1dHNWZqY3paZTk4cmdxZC1yanBqMDNIc1pvOGJzekhKZnM5cWEtUVloSmVyOHdVQnptUi03a1lzLXE2elRmT1VsNTJMaDNCNmZsdEppOXVldGVJZ0NrWl9weDlLdE9JV0FOdEdjNU1iSjNtTG03N3hsV2ZpeWlhZ0JZRG1hczRWZ25KRGdJUXNyYmF0THR3VS1ZTmdEWHYydw?oc=5
G1,"São Luiz do Paraitinga cresceu dez anos após enchente, diz prefeita","São Luiz do Paraitinga cresceu dez anos após enchente, diz prefeita&nbsp;&nbsp;G1",2012-12-30 08:00:00,https://news.google.com/rss/articles/CBMizwFBVV95cUxNOHIwZUh6ZlNkbUpiWXNOdF9fVkRQOWxwM2E4ckt2eDI3NTB2MTE5NEdlMDdWVG5ra0VSOXBOM2NydGVkVnhvWThGcHFYcndpVlZOOWxISVBJdE1RdnRxaFQ0Wm5LZ1pzVmU3R3RFSWxHdzJUQmRJa1ZVeVctX1o2ei1KanVFMi1XYkNXTHZFNVVNclRVQVFPZ2wwYUlRN19IVEd6N1FrcjhkQkowWXZsa1ZyQkh2XzdmWTBETVFEalAyWFdwcFBnaUxTOGE0emM?oc=5
G1,Mulher improvisa 'comportas' em casa e na loja para conter enchente,Mulher improvisa 'comportas' em casa e na loja para conter enchente&nbsp;&nbsp;G1,2012-11-14 08:00:00,https://news.google.com/rss/articles/CBMizAFBVV95cUxOcmQ3aDA4bXhDdDFmT01ya21yUVhsRXNSN3BoM1hkSndSMmh4ZW1QRTRkOWxNQlBYTW9PM2JoMzZsX25uOWJVSGFxQXlhWVdEcHFQVWdWMEhhMVNiVjN1T2VDelFBYnhJckxjS0JjMll0WXpfT0I0UWdJcGNIY3BRQ0pNZEV4ZHVQV0ZpY3lkT3ZRRjd4WUtfVlo4eU1pa08yaFlRSkI3NEZ3LWY4bWp1bmtfRjJsV0ZjLWkzRWhpT2xzRmIzNGhYYWMyR0o?oc=5
G1,"Chuvas causam inundação em santuários de Lourdes, na França","Chuvas causam inundação em santuários de Lourdes, na França&nbsp;&nbsp;G1",2012-10-20 07:00:00,https://news.google.com/rss/articles/CBMiqgFBVV95cUxOSGtIak1WdHJaRFJpMVYwQ0RZTm9HTGtaX3ktN0Z2aEdCUUJvbUR0Uk5RZGktbFd1XzhqMXEtQURPTURucGdIZ3NleFdXOERURjQyc2RzZllaRm91cnJHUEhhMnF5X1N6YWxHUVdfZ0taaHVqZEJVODFvWHNwb2Q4cFE0T3k2UTZZZ0hVN21IUi13MU1vVTFDbnpoTjUtcTZyZWhKclA3WU5jUQ?oc=5
G1,"Chuva termina com estiagem de 65 dias em Assis, SP","Chuva termina com estiagem de 65 dias em Assis, SP&nbsp;&nbsp;G1",2012-09-13 07:00:00,https://news.google.com/rss/articles/CBMirAFBVV95cUxNUjRZRnRhTHpyaUlHLUkydmJfM0Uyc1Z5RF9ISS1zOWk3aTI3eFV0Y3U2M09Hc3RVd3hLRXRvLWpUek55TlFlMlhIdjhBSUJEaV9DWlpRZ2JMS29halN5QjZSRWFyd0NBbGduVzBoX293ZXlMNUNseGJGZDVFU1ZVTk5FajA0TWVkTHdEN3I0eTJaNkkyMEk1UWYzZnNERWJValU5UmFKbnBvbUJK?oc=5
G1,"Morre menina queimada em centro radioterápico na Tijuca, no Rio","Morre menina queimada em centro radioterápico na Tijuca, no Rio&nbsp;&nbsp;G1",2012-06-01 07:00:00,https://news.google.com/rss/articles/CBMiuwFBVV95cUxNbnJsa2JrMDdMOXJvWi1tZTZneS1TQjZoRVVEeU13MklNZjI1X1oyU0JjWFhoY2xKRFhTYXhHdGtDUUQ5aFVkRVl6ZzZSaHFiM1RGajJ1d2R0U2Z4ZkpHNllqYkFMalR6Sk96VXV6aE9IYWVZYVF5dVUwOWlySVFsWWRjT1NYMkVYRnhZVXhCaE1DR01FQXI0LTFtSmhEdFpjZ1ctbEliM0JJRWw3bEROR25xbmVVdjNHblZN?oc=5
G1,FOTOS: cidades em emergência por enchente e seca na Bahia,FOTOS: cidades em emergência por enchente e seca na Bahia&nbsp;&nbsp;G1,2012-05-09 07:00:00,https://news.google.com/rss/articles/CBMiqAFBVV95cUxOb1ctNnZzT1VCaUpCdERoWEktM1dFem1mbzA2YWVtRDBVaHRuMElLT0wzTzFhMlNnbTRhVW9vbmdwRjFBLUxZVHRmNlBOSno3MzBMVVFmby1DSzhQblhjLUdWMWVlcll3cjQtRnFLY0dIbkNGV0pMNF9XTUI2MTFnVHNKT2ZRTXZxcHlIT3BqR2NValZqZDJYNTRNcXJLRlZfV183cFZSM1o?oc=5
Folha de S.Paulo,Foco: Capela que desabou em enchente de São Luiz do Paraitinga é reconstruída,Foco: Capela que desabou em enchente de São Luiz do Paraitinga é reconstruída - 26/09/2011&nbsp;&nbsp;Folha de S.Paulo,2011-09-26 07:00:00,https://news.google.com/rss/articles/CBMia0FVX3lxTE5OU1B1bmVwMTBNSEdQOWkwS05RdTdyNzIzUWsxOU56QVZQcDBZS21mY29DMlVGRzM0ek0wMlQ3RFhPZGtyeU9hd3REOFlKalhpQzFReFY4U2wwV3NEcl95QmJIQy03RHg3eGFJ?oc=5
G1,"Família compra barco para fugir da enchente em Gaspar, em SC","Família compra barco para fugir da enchente em Gaspar, em SC&nbsp;&nbsp;G1",2011-09-10 07:00:00,https://news.google.com/rss/articles/CBMirAFBVV95cUxOU3lPMTFGYll2RWFYZE1wajN3eWYyVGlzenhVdjVwWE5pbUZJLWV6YWpsRlpBdThRcFlVUElYZ3hUbERYcUdrbm9CTG5CSTc5TVZkcEdyZUNDbjh1SjNRWmFZdU1VVm1weHdxa0J6VlVCdXdkbHNkQU9DTzhrRzg2S3FtWHVRQWdlWnd3UDhrcm9mS2lRZVNWR0w5QkJwM2pudHBhZXpjbjNFMGpN?oc=5
G1,"Em Blumenau, moradores vão às ruas para registrar enchente","Em Blumenau, moradores vão às ruas para registrar enchente&nbsp;&nbsp;G1",2011-09-09 07:00:00,https://news.google.com/rss/articles/CBMinAFBVV95cUxNVmFsRU5BUVdkbGtFNE1xcnBVdDFEWkVDcHNUajkwT2ctYy1nSFZBZWpDVWJiNWFUSjYzTV9Pc1VycGxrZmk3OEdtN2NDcUtGajFNcERJWENpdk5lVHlvRUxVa25yOXhsRk5jZnJxX3ZUaVlhR2ZZTUlhUUlpaWk3RGdFV05weTc3Y0dlNWlDQ3FoMUNsbmlhX0Jsalo?oc=5
Folha de S.Paulo,"""Parecia uma enchente"", diz segurança","""Parecia uma enchente"", diz segurança&nbsp;&nbsp;Folha de S.Paulo",2010-05-13 07:00:00,https://news.google.com/rss/articles/CBMibEFVX3lxTE9HcFp0X2p0OE9Kc0hiT3NWQWtNbmxzZU1uZ0tqck9NTjNOLTlzLXlqX2oyclZOVldaT2RINHQzTDRrMlZ3ZjhhLVJQZnJ1cGR3emwtQVhlTHVxOE5lS0pXZmZtRmpvRkxfb2ViQg?oc=5
Folha de S.Paulo,Áreas de enchente têm lançamentos valorizados,Áreas de enchente têm lançamentos valorizados&nbsp;&nbsp;Folha de S.Paulo,2010-02-14 08:00:00,https://news.google.com/rss/articles/CBMiakFVX3lxTE5IWXVhOGNjX3VvZzFVeUZWY3U4VWM5b0pxY0pybHlQNldiZUVwaGRsZENib09laUhfTjJsMjUyd1B2UmhtX0VlUk4za0YtZFpqbHBjN3dGVmxjUWRvSUFBaG9vOTVIeG5FVkE?oc=5
Folha de S.Paulo,Primeira grande enchente ocorreu em 1850,Primeira grande enchente ocorreu em 1850&nbsp;&nbsp;Folha de S.Paulo,2010-01-25 08:00:00,https://news.google.com/rss/articles/CBMia0FVX3lxTE1Dc21JNlo5czFrcFBQYjV0S2VuLXZaLXBTVFE2TmNQcXlxNm94SjNIUWRVeG14WHg4SUxIb3pqQUVOWmQzTXh6dENTUS0ySW5jV3ZKUXNjZGJIX1NpUExQVktsaUowTndkMUVn?oc=5
Folha de S.Paulo,Chuva recorde causa enchente em Ribeirão,Chuva recorde causa enchente em Ribeirão - 08/12/2009&nbsp;&nbsp;Folha de S.Paulo,2009-12-08 08:00:00,https://news.google.com/rss/articles/CBMia0FVX3lxTFBjclJvdWRiSHA1cElLWHBZSVJUdnVXMkxwZ1doZWduVTRBa3JuYlZ4XzZzZzlHT0xCRmppajZiNVU3cW1hZUdJX1lzYjhnVVZlRTg3Q2piZkRNb182QThjYmc2emt6aUN3bXdR?oc=5
G1,Internauta registra enchente em cidade da Irlanda,Internauta registra enchente em cidade da Irlanda&nbsp;&nbsp;G1,2009-11-20 08:00:00,https://news.google.com/rss/articles/CBMiZEFVX3lxTE9IX3ZLYkJ2cnBSZ2ctWU1wbnF5YWhpRUJmZEZoc3IzeEg5M2hvZ1dReXloRVI0N2JXMHVUS1Z4dFFuejdXUkMwSVRNb092dE84X190ZVFGZjk2dlVPUVFpZG9fdnk?oc=5
G1,Internautas registram enchente em Santa Catarina e no Rio Grande do Sul,Internautas registram enchente em Santa Catarina e no Rio Grande do Sul&nbsp;&nbsp;G1,2009-09-29 07:00:00,https://news.google.com/rss/articles/CBMiZEFVX3lxTFAwcG9uR1FzRE9mTEZKTFVuRS1fbHNVazI3NTNnNi1lYU1LSHRlQk1wVW1jQXN2NnVJMUtydG94ZmJiZFRDSTVUQWxwdDdtRVd0UXNNSDNRc3FCU0RqX21kbzBQY0Q?oc=5
Folha de S.Paulo,"Após inundação, moradores de Teresina temem agora a enchente do outro rio","Após inundação, moradores de Teresina temem agora a enchente do outro rio&nbsp;&nbsp;Folha de S.Paulo",2009-05-09 07:00:00,https://news.google.com/rss/articles/CBMia0FVX3lxTFBEeGpNdXpYbkhFUFhkYS1mb1ZPLWY2Uml1dEJzX3dzOUliZWZydFVYR1RZX2hrWmg5NVVLdTZTbFh5REVacjRDUW9Mc0lLaVJEOHBxb3d0cjMwU2gzZHRhQ19PV0ZuYnlqTVZz?oc=5
Folha de S.Paulo,Enchente isola 2.000 famílias em Campos,Enchente isola 2.000 famílias em Campos - 01/12/2008&nbsp;&nbsp;Folha de S.Paulo,2008-12-01 08:00:00,https://news.google.com/rss/articles/CBMia0FVX3lxTE9VN0dOZVJHcHBxeEtaaHFhZzRoMjM1NlN0akhPaW8zcHdSY3dyVnl5a1RkY2tWZVFkaWdqam5LOWtxTkVvYXF2MlBuMXBUUXpaa0wzV1FxT0w5WDhndHhPX25MQXBXb3FRTGd3?oc=5
Folha de S.Paulo,"Artigo: No século 19, enchentes já faziam parte do cotidiano","Artigo: No século 19, enchentes já faziam parte do cotidiano - 28/11/2008&nbsp;&nbsp;Folha de S.Paulo",2008-11-28 08:00:00,https://news.google.com/rss/articles/CBMia0FVX3lxTE9RWFZ0UWFtdmxERUhRVy1oYnZwT2RVN3JvUFBKcl9IRnJqck83eDBpQkZUbEEtZG1EN1FCRnFtRTE0eXQ5LXg0b0RYYXgydUNjUmQwWjhxbFR6SHlkeG0xREYzeHYyVzU1cWw0?oc=5
G1,NOVOS RISCOS DE ENCHENTE EM MESQUITA PREOCUPAM MORADORES,NOVOS RISCOS DE ENCHENTE EM MESQUITA PREOCUPAM MORADORES&nbsp;&nbsp;G1,2006-12-01 08:00:00,https://news.google.com/rss/articles/CBMia0FVX3lxTE9IWnN3eDVYWDhvd0d3c0IyQzB2ZEozUmhpU0xxZ3k3OFJnU3V4QnY5bG9uMURac2liXzR4MDRRSDd4cHN1RGROa3JUVVVpNGpXSDJOT1J1UVdUbUd6VEJidTF0anUyQkpHMTFn?oc=5
G1,PACIENTE É QUEIMADA POR PSICÓLOGO EM CLÍNICA PSIQUIÁTRICA,PACIENTE É QUEIMADA POR PSICÓLOGO EM CLÍNICA PSIQUIÁTRICA&nbsp;&nbsp;G1,2006-11-18 08:00:00,https://news.google.com/rss/articles/CBMidEFVX3lxTE9ZdkN5dUhsdFdXQnloQmVrY0w3TjBzRXRScTN1em1DNkw0cTRBZV9pakFiZjlOTWpHbWEtLXJrX2tiN29uS2RJcXBtV0xHTENTWUt3ZUpZMGcxVkcxa1lmbGs0dGNzYW43QXBtQThTUXNLeFAt?oc=5
Folha de S.Paulo,Artigo: Lembranças de uma enchente que mudou a política americana,Artigo: Lembranças de uma enchente que mudou a política americana - 11/09/2005&nbsp;&nbsp;Folha de S.Paulo,2005-09-11 07:00:00,https://news.google.com/rss/articles/CBMiZ0FVX3lxTFBvcENrczdFb1EzLWFqck5aZjNWVzhkX1JjZXpXZ0lXVFowREZYVjhXSEJFXy1VZWtGX19jaC1xbUJ2RllxeDhneDY3M0Z1NHFudGlqbzhoeDloNVJnYWdtX0F1U3BteE0?oc=5
Folha de S.Paulo,"Chuvas: Em Minas Gerais, homem morre ao tentar salvar uma criança durante inundação","Chuvas: Em Minas Gerais, homem morre ao tentar salvar uma criança durante inundação - 13/01/2004&nbsp;&nbsp;Folha de S.Paulo",2004-01-13 08:00:00,https://news.google.com/rss/articles/CBMia0FVX3lxTFB1by03LXdFb0pyR3pwVWJZSl80aDhNU0I5aFY5SDhIbTBCQU94WlFENzlocGJBNnppaFVnOWdvcjB5MExUNl9KMDNtTkUzNGtCaC1MWFNEMjdQZ1laeFBiOXRDWXV5MEpxaDFr?oc=5
Folha de S.Paulo,Consequências: Enchente provoca prejuízos na cidade (com foto),Consequências: Enchente provoca prejuízos na cidade (com foto) - 09/01/99&nbsp;&nbsp;Folha de S.Paulo,1999-01-09 08:00:00,https://news.google.com/rss/articles/CBMiaEFVX3lxTE15Y01JRml5ZGRtWmZZSW5FR2hLaFhsak1Gb2JFVGNnbElJUUdzM3dydTI5R2dwYkc2ZWFZR1RzZS0td295U0xBemVuMzJEMFBNZUdMWGM1cVBMVW8tdV9WV28yM1NzM3h3?oc=5
Folha de S.Paulo,Macaé tem 15 mil ilhados pela enchente (com foto),Macaé tem 15 mil ilhados pela enchente (com foto) - 20/02/98&nbsp;&nbsp;Folha de S.Paulo,1998-02-20 08:00:00,https://news.google.com/rss/articles/CBMiaEFVX3lxTFBKLTlqbVlpWGtuR21XR1JLeXpzNG9qZmZnVE5XaGRscUc0YkptN2hxTXR5ck1FaVo1NklqRi1XMURWTmZLX2drTmttTEpwS3BjREVyUGtfYUN1dUx1NWZMYzA5VWdHXzYt?oc=5
Folha de S.Paulo,Enchente tira 13 mil de casa no oeste do RS,Enchente tira 13 mil de casa no oeste do RS&nbsp;&nbsp;Folha de S.Paulo,1997-10-22 07:00:00,https://news.google.com/rss/articles/CBMib0FVX3lxTFBpVUE3Z3lpQUdmZ254UXRjTWZuUlh6WVg4dGlVQ041aEwyak5wSUpkVThqS2tGVlRMb204eFZqcWMwaGZjQTNTNThveWdsSDNyT1ZTWWFxaGVOc2Riclk5WmlNczZfMGs2ajBIN1RuSQ?oc=5
Folha de S.Paulo,Enchente reurbanizou a cidade,Enchente reurbanizou a cidade&nbsp;&nbsp;Folha de S.Paulo,1997-09-22 07:00:00,https://news.google.com/rss/articles/CBMiZEFVX3lxTE9oTnZQeFNoa2lpdlZYelVzNFBjR3kzZHUyXzB3c29vR0xESlN5bXRod1hlb0t4WGtnRmhYQzlLWGExWVMwUkRDTHlnV241Y1VUMThtbGExc2xBaVpDOGVxcy10RWw?oc=5
Folha de S.Paulo,Menina é violentada e queimada em SP,Menina é violentada e queimada em SP&nbsp;&nbsp;Folha de S.Paulo,1997-09-20 07:00:00,https://news.google.com/rss/articles/CBMibkFVX3lxTE5oNjRxclVMQURWdWxTdVhiMzV0V3dPTDFBWFIteWZ0ZFRla3dOclRHYlRzWXQtY24zdm01VFk0OElSODRXSkR2VW92OVBFNzQ3eFJqUGo2NnZyWDRaRmpCblZVaURoMVhwcENjbWNB?oc=5
Folha de S.Paulo,Fuligem de queimada de cana causa câncer,Fuligem de queimada de cana causa câncer&nbsp;&nbsp;Folha de S.Paulo,1997-08-14 07:00:00,https://news.google.com/rss/articles/CBMiZkFVX3lxTFBtVXJMME9XNUhHSmV5NjZZTjNaQWFLQ3JKRDR3WmFRXzB0ODl1aUR0YUh4S0IzcnBLOTFaYUlZaFlMaW1sRndEMm5RSDdPenNYTVFaSTNoYVgwa1VaX3Vaa1FsckVsZw?oc=5
Folha de S.Paulo,Chuva fecha túnel por mais de 19 horas em SP,Chuva fecha túnel por mais de 19 horas em SP&nbsp;&nbsp;Folha de S.Paulo,1996-03-15 08:00:00,https://news.google.com/rss/articles/CBMibEFVX3lxTE5YMjM3eHk4bFRrSExWVllGZFRodk9ZZFhnX3cwWXpjV19jZ1g5MkJ1UUdhcThQMXVxOV8yOVd2MnlENjNrMmtnMVh1Ny1mcFJWellqbmR4OVI1R0lDQnNubXFuQ056T3lmeEtKZw?oc=5
Folha de S.Paulo,Protesto contra enchente pára avenida em São Paulo,Protesto contra enchente pára avenida em São Paulo&nbsp;&nbsp;Folha de S.Paulo,1996-02-24 08:00:00,https://news.google.com/rss/articles/CBMibkFVX3lxTE9hSnRyaFh3VmJBWkxWZXFWQW5MR2VMdlJGeW00Zkwzdk1MUVlGUnpja0FnM2ZQNmpLZGZmaTJhd1Q3UDZKaFd6QUVJc1hma3VtNi0xaXRRYTN5SzhqQ1RTejBhYWlFRWdmZi10UXBn?oc=5
Folha de S.Paulo,"""Senti cheiro de pele queimada""","""Senti cheiro de pele queimada""&nbsp;&nbsp;Folha de S.Paulo",1995-09-17 07:00:00,https://news.google.com/rss/articles/CBMibkFVX3lxTFAzQkFmd19Wa0VKWmJuZ0pZR2RRV3NLZmZPanZ3azFGNDVya2V5RUNPaVJUQ1JxX2FBRU1XTXByc2N1aDVxLWx2T0ZaSFNFcHpkUENqYm45VWJ5WXlYMnhfTHpCb1k1dlM2QjIwSDRB?oc=5
Folha de S.Paulo,População ajuda a limpar Pinhais após enchente,População ajuda a limpar Pinhais após enchente&nbsp;&nbsp;Folha de S.Paulo,1995-02-06 08:00:00,https://news.google.com/rss/articles/CBMibkFVX3lxTE9LS3VhZjNzOGpJcDV5WE5yTDZZa0RncWNKMVQ4d1RZMDZpWWhMbi1hUWVsQmFoeW1ub0pjU2tLbG9SWk01Z2E2RW1JOW1NU2hONHNJTFRfVkpwZ0pCenRXMFdRcUZua3ZZTVp1eWVB?oc=5
