titulo,link,data,descricao
Fortes chuvas voltam a atingir o país; veja previsão para SP,https://jovempan.com.br/noticias/brasil/fortes-chuvas-voltam-a-atingir-o-pais-veja-previsao-para-sp.html,21/05/2026 14h02,"O sistema intensificou a entrada de umidade e mantém a atmosfera instável, favorecendo a formação de áreas de chuva entre Minas Gerais e Rio de Janeiro"
"Frente fria avança sobre SP e traz chuva, ventos fortes e queda nas temperaturas",https://jovempan.com.br/noticias/brasil/frente-fria-avanca-sobre-sp-e-traz-chuva-ventos-fortes-e-queda-nas-temperaturas.html,09/05/2026 09h57,"Na capital paulista, os termômetros devem chegar a 12°C durante as madrugadas"
Justiça inglesa rejeita recurso da BHP e mantém condenação pelo desastre de Mariana,https://jovempan.com.br/noticias/brasil/justica-inglesa-rejeita-recurso-da-bhp-e-mantem-condenacao-pelo-desastre-de-mariana.html,06/05/2026 09h03,Tribunal de Apelação encerra última via recursal comum no Reino Unido; processo agora avança para a fase de cálculo das indenizações às vítimas da tragédia
Inmet emite alerta de perigo para chuvas intensas em áreas da Região Norte,https://jovempan.com.br/noticias/brasil/inmet-emite-alerta-de-perigo-para-chuvas-intensas-em-areas-da-regiao-norte.html,03/05/2026 16h35,A previsão do Inmet é de chuva entre 30 e 60 milímetros (mm) e ventos que podem chegar a 100 quilômetros por hora (km/h)
Governo da Paraíba decreta estado de calamidade pública após fortes chuvas,https://jovempan.com.br/noticias/brasil/governo-da-paraiba-decreta-estado-de-calamidade-publica-apos-fortes-chuvas.html,03/05/2026 14h50,"De acordo com o Ministério da Integração e do Desenvolvimento Regional, o estado tem mais de 16 mil afetados pelas chuvas; duas pessoas morreram"
Chuvas no Nordeste causam 8 mortes e afetam mais de 10 mil pessoas,https://jovempan.com.br/noticias/brasil/chuvas-no-nordeste-causam-8-mortes-e-afetam-mais-de-10-mil-pessoas.html,03/05/2026 11h40,"Entre as vítimas estão um bebê de seis meses, outro de um ano e uma criança de 7 anos; tempestades provocaram danos em pelo menos 27 municípios do Pernambuco"
SP deve registrar queda de temperatura com chuva forte neste domingo,https://jovempan.com.br/noticias/brasil/sao-paulo-deve-registrar-queda-de-temperatura-com-chuva-forte-neste-domingo.html,03/05/2026 08h30,"A mudança do tempo é causada pelo avanço de uma frente fria mais ativa pelo oceano, o que provoca aumento significativo de instabilidade"
Inmet emite alerta após chuvas no Nordeste deixarem pelo menos 6 mortos,https://jovempan.com.br/noticias/brasil/inmet-emite-alerta-apos-chuvas-no-nordeste-deixarem-pelo-menos-6-mortos.html,02/05/2026 12h12,"De acordo com o órgão, a previsão é de temporais entre 50 e 100mm no dia e ventos intensos entre 60 e 100 km/h, com risco de corte de energia elétrica e alagamentos"
Chuvas fortes deixam ao menos 4 mortos e mais de 1 mil desalojados em Pernambuco,https://jovempan.com.br/noticias/brasil/chuvas-fortes-deixam-mortos-em-pernambuco.html,01/05/2026 19h56,A Defesa Civil estadual também registra cinco feridos
Chuvas: Governo envia Defesa Civil para Pernambuco e Paraíba,https://jovempan.com.br/noticias/brasil/chuvas-governo-envia-defesa-civil-para-pernambuco-e-paraiba.html,01/05/2026 19h07,Fortes chuvas atingem hoje as regiões
"SP e RJ terão sol e calor, mas frente fria traz chuva no domingo",https://jovempan.com.br/noticias/brasil/sp-e-rj-terao-sol-e-calor-mas-frente-fria-traz-chuva-no-domingo.html,30/04/2026 09h41,"Feriado prolongado de 1º de maio terá tempo firme em grande parte do Brasil, mas a passagem de uma massa fria atinge o sul e o sudeste"
Frente fria provoca chuvas e derruba temperaturas no centro-sul,https://jovempan.com.br/noticias/brasil/frente-fria-provoca-chuvas-e-derruba-temperaturas-no-centro-sul.html,28/04/2026 06h52,"Alerta inclui ventos fortes, ressaca e risco de geada"
Seguro auto cobre enchente? O que a sua apólice realmente diz,https://jovempan.com.br/noticias/seguro-auto-cobre-enchente-o-que-a-sua-apolice-realmente-diz.html,28/04/2026 05h39,"Análise detalhada das coberturas, exclusões e procedimentos para acionar o seguro em caso de danos por água"
"El Niño deve entrar em ação em maio e afetar chuvas no Brasil, diz entidade internacional",https://jovempan.com.br/noticias/brasil/el-nino-deve-entrar-em-acao-em-maio-e-afetar-chuvas-no-brasil-diz-entidade-internacional.html,27/04/2026 14h19,"Segundo a Organização Meteorológica Mundial, as temperaturas da superfície do mar no Pacífico Equatorial estão subindo rapidamente após um período de neutralidade no início do ano"
Brasil tem alertas de tempestade e baixa umidade nesta quarta-feira,https://jovempan.com.br/noticias/brasil/brasil-tem-alertas-de-tempestade-e-baixa-umidade-nesta-quarta-feira.html,22/04/2026 12h00,"Norte e Nordeste estão sob alerta para chuvas intensas até quinta (23), com avisos laranja e amarelo do Inmet"
Pane elétrica na chuva: entenda as causas e como evitar o problema,https://jovempan.com.br/noticias/brasil/pane-eletrica-na-chuva-entenda-as-causas-e-como-evitar-o-problema.html,19/04/2026 03h50,Análise técnica dos componentes vulneráveis à água e guia de manutenção preventiva para dirigir com segurança em alagamento
Guia para dirigir à noite com chuva: visibilidade e segurança,https://jovempan.com.br/noticias/brasil/guia-para-dirigir-a-noite-com-chuva-visibilidade-e-seguranca.html,19/04/2026 02h01,"Técnicas de condução, manutenção preventiva e tecnologias para máxima segurança sob baixa visibilidade"
Chegada de frente fria no litoral deve causar chuva e queda de temperatura em SP,https://jovempan.com.br/noticias/brasil/chegada-de-frente-fria-no-litoral-deve-causar-chuva-e-queda-de-temperatura-em-sp.html,06/04/2026 13h18,"O Centro de Gerenciamento de Emergências (CGE) alerta que, ao longo da semana, o tempo deve mudar a partir da tarde, com previsão de pancadas de chuva generalizadas"
Inmet emite alerta de tempestades para maior parte do Brasil até terça,https://jovempan.com.br/noticias/brasil/inmet-emite-alerta-de-tempestades-para-maior-parte-do-brasil-ate-terca.html,05/04/2026 17h09,"Apesar dos avisos, por ora, o instituto avalia haver baixo risco de alagamentos, queda de galhos, corte de energia e estragos em plantações"
Domingo de Páscoa terá calor e pancadas de chuva,https://jovempan.com.br/noticias/brasil/domingo-de-pascoa-tera-calor-e-pancadas-de-chuva.html,04/04/2026 17h41,"Neste sábado, os termômetros na capital paulista chegaram a registrar 32°C na região da Avenida Paulista"
Chegada de ciclone e frente fria aumenta a chance de chuvas no país,https://jovempan.com.br/noticias/brasil/chegada-de-ciclone-e-frente-fria-aumenta-a-chance-de-chuvas-no-pais.html,24/03/2026 11h54,Primeira semana do outono começa com mudanças no tempo em diferentes regiões
"Chuva dá trégua em SP nesta sexta, mas Sudeste segue em alerta",https://jovempan.com.br/programas/jornal-da-manha/chuva-da-tregua-em-sp-nesta-sexta-mas-sudeste-segue-em-alerta.html,13/03/2026 08h14,"Temperatura em São Paulo sobe, com máxima prevista de 26ºC; instabilidades são esperadas no Norte e Centro-Oeste"
Cidade de SP entra em alerta vermelho para fortes chuvas e alagamentos,https://jovempan.com.br/noticias/brasil/cidade-de-sp-entra-em-alerta-vermelho-para-fortes-chuvas-e-alagamentos.html,12/03/2026 10h16,Inmet informou que há risco de precipitação superior a 60 milímetros por hora ou acima de 100 milímetros por dia
São Paulo pode receber mais da metade da chuva prevista para março nos próximos quatro dias,https://jovempan.com.br/noticias/brasil/sao-paulo-pode-receber-mais-da-metade-da-chuva-prevista-para-marco-nos-proximos-dias.html,09/03/2026 21h56,Gabinete de Crise da Defesa Civil segue monitorando; cenário é de atenção para o estado paulista
Defesa Civil emite alerta para chuvas intensas em São Paulo até quarta-feira,https://jovempan.com.br/noticias/brasil/defesa-civil-emite-alerta-para-chuvas-intensas-em-sao-paulo-para-ate-quarta-feira.html,09/03/2026 12h32,"Órgão informou que a previsão para os próximos dias é de tempestades, rajadas de vento e raios em diferentes regiões do estado"
Fortes chuvas destroem academia de crossfit na Zona Sul de SP,https://jovempan.com.br/programas/jornal-da-manha/fortes-chuvas-destroem-academia-de-crossfit-na-zona-sul-de-sp.html,09/03/2026 11h12,"Em entrevista à Jovem Pan, o responsável pelo local, Ricardo Tost, afirmou que prejuízo estimado ultrapassa a marca dos R$ 100 mil"
"Forte chuva derruba parte de muro do Aeroporto de Congonhas, em São Paulo",https://jovempan.com.br/noticias/brasil/forte-chuva-derruba-parte-de-muro-do-aeroporto-de-congonhas-em-sao-paulo.html,08/03/2026 22h04,"Apesar do incidente, não houve registro de feridos e as operações do local não foram afetadas"
Chuvas provocam duas mortes em SP neste sábado,https://jovempan.com.br/noticias/brasil/chuvas-provocam-morte-de-duas-pessoas-em-sp.html,08/03/2026 11h19,Previsão para o domingo é de mais chuvas com rajadas de ventos
Inmet emite alerta laranja para ventos e tempestades no Sul e Sudeste,https://jovempan.com.br/noticias/brasil/inmet-emite-alerta-laranja-para-ventos-e-tempestades-no-sul-e-sudeste.html,07/03/2026 11h39,"No Rio Grande do Sul a chuva deve alcançar entre 50 e 10 milímetros por dia, com ventos que podem chegar a 100 quilômetros por hora"
Forte chuva coloca regiões de São Paulo em estado de atenção para alagamentos,https://jovempan.com.br/noticias/brasil/forte-chuva-coloca-regioes-de-sao-paulo-em-estado-de-atencao-para-alagamentos.html,07/03/2026 09h28,"Temporal na manhã deste sábado (7) atinge zonas norte, oeste e centro da capital, além da Marginal Tietê, menos de 24 horas após outra chuva causar estragos na cidade"
Cidade de SP entra em estado de atenção para alagamentos; Defesa Civil emite alerta,https://jovempan.com.br/noticias/brasil/cidade-de-sp-entra-em-estado-de-atencao-para-alagamentos-defesa-civil-emite-alerta.html,06/03/2026 13h45,"Imagens do radar meteorológico do CGE da Prefeitura de São Paulo mostram chuva nas zonas Norte, Oeste e Leste"
Inmet emite alertas laranja e amarelo para chuvas em SP e outros estados,https://jovempan.com.br/noticias/brasil/inmet-emite-alertas-laranja-e-amarelo-para-chuvas-em-sp-e-outros-estados.html,06/03/2026 13h21,"No domingo (8), a aproximação de uma frente fria muda o tempo na cidade de São Paulo"
Sobe para 72 o número de mortos nas chuvas em Minas Gerais,https://jovempan.com.br/noticias/brasil/sobe-para-72-o-numero-de-mortos-nas-chuvas-em-minas-gerais.html,01/03/2026 10h38,"Uma pessoa continua desaparecida em Ubá, segundo Polícia Civil"
"Minas Gerais, Rio de Janeiro e outros estados seguem com alerta vermelho para chuvas",https://jovempan.com.br/noticias/brasil/minas-gerais-rio-de-janeiro-e-outros-estados-seguem-com-alerta-vermelho-para-chuvas.html,27/02/2026 12h21,O alerta vermelho para acúmulo de chuva indica precipitação superior a 60 mm/h ou acima de 100 mm/dia
Chuvas em Minas Gerais: Sobe para 64 número de mortos,https://jovempan.com.br/noticias/brasil/chuvas-minas-gerais-numero-de-mortos.html,26/02/2026 09h40,"Temporais que atingiram Juiz de Fora, Ubá e outros municípios da Zona da Mata também deixaram desaparecidos e centenas de pessoas foram resgatadas na região"
Chuvas deixam desabrigados e cenário de incerteza em Juiz de Fora,https://jovempan.com.br/noticias/brasil/chuvas-deixam-desabrigados-e-cenario-de-incerteza-em-juiz-de-fora.html,26/02/2026 06h33,Mais de 3 mil pessoas estão sem moradia fixa desde segunda-feira (23)
Juiz de Fora volta a registrar chuvas fortes; veja vídeos,https://jovempan.com.br/noticias/brasil/juiz-de-fora-volta-a-registrar-chuvas-fortes-veja-videos.html,25/02/2026 23h32,"Município está em estado de calamidade desde a passagem de um temporal na Zona da Mata mineira, na segunda-feira (23)"
"Minas tem risco de novas chuvas nesta semana, diz Inmet",https://jovempan.com.br/noticias/brasil/minas-tem-risco-de-novas-chuvas-nesta-semana-diz-inmet.html,25/02/2026 11h26,"Segundo instituto, a precipitação será superior a 60 milímetros por hora ou acima de 100 mm/dia; fevereiro é um dos meses mais chuvosos dos últimos anos no estado"
Chuvas em Minas Gerais: número de mortos sobe para 49,https://jovempan.com.br/noticias/brasil/chuvas-em-minas-gerais-numero-de-mortos-sobe-para-36.html,25/02/2026 08h45,"Chuvas que atingiram Juiz de Fora, Ubá e outros municípios da Zona da Mata também deixaram desaparecidos e centenas de pessoas resgatadas na região"
"Entenda o que é ‘supercélula’, fenômeno que causou chuva extrema em MG",https://jovempan.com.br/noticias/brasil/entenda-o-que-e-supercelula-fenomeno-que-causou-chuva-extrema-em-mg.html,24/02/2026 14h48,"O evento climático pode gerar ventos fortes, granizo, chuvas intensas e tornados"
Tempestade deixa mais de 300 pessoas desabrigadas no litoral de São Paulo,https://jovempan.com.br/noticias/brasil/chuvas-litoral-sao-paulo.html,24/02/2026 11h22,"Peruíbe é o município mais atingido, com 56 milímetros de água acumulados em um dia; não foram registradas vítimas"
Chuvas deixam ao menos 30 mortos em Minas Gerais; Juiz de Fora decreta calamidade,https://jovempan.com.br/noticias/brasil/chuvas-deixam-mortes-na-zona-da-mata-juiz-de-fora-decreta-estado-de-calamidade.html,24/02/2026 08h12,"Vinte e quatro mortes aconteceram em Juiz de Fora, e seis no município de Ubá"
Ubatuba decreta situação de emergência após chuvas no fim de semana,https://jovempan.com.br/noticias/brasil/ubatuba-decreta-situacao-de-emergencia-apos-chuvas-no-fim-de-semana.html,23/02/2026 14h06,"Neste domingo, 15 famílias ficaram desabrigadas e outras 15 foram desalojadas"
Defesa Civil instala gabinete de crise para enfrentar chuvas no litoral de SP,https://jovempan.com.br/noticias/brasil/defesa-civil-instala-gabinete-de-crise-para-enfrentar-chuvas-no-litoral-de-sp.html,23/02/2026 09h21,"Últimas 48 horas foram marcadas por altos índices de temporais, com destaque para Peruíbe, com 271 mm, e Ubatuba, com 235 mm"
Naufrágio provocado por chuva forte deixa dois mortos em Ubatuba,https://jovempan.com.br/noticias/brasil/naufragio-provocado-por-chuva-forte-deixa-dois-mortos-em-ubatuba.html,22/02/2026 14h00,"Outras três pessoas foram resgatadas com vida próximo ao bairro de Ponta Grossa, segundo o Grupamento de Bombeiros Marítimo"
Frente fria coloca estado de SP em alerta para chuvas fortes e risco de alagamentos,https://jovempan.com.br/noticias/brasil/frente-fria-coloca-estado-de-sp-em-alerta-para-chuvas-fortes-e-risco-de-alagamentos.html,18/02/2026 08h36,"De acordo com a Defesa Civil, previsão é de risco de granizo, alagamentos e deslizamentos entre essa quarta (18) e quinta-feira (19)"
Carnaval deve ter chuva e calor em grande parte do país,https://jovempan.com.br/noticias/brasil/carnaval-deve-ter-chuva-e-calor-em-grande-parte-do-pais.html,13/02/2026 13h39,"Previsão indica chuva localizada principalmente à tarde, com temperaturas em elevação ao longo do dia"
Defesa Civil coloca 45 cidades de SP em atenção para deslizamentos,https://jovempan.com.br/noticias/brasil/defesa-civil-coloca-45-cidades-de-sp-em-atencao-para-deslizamentos.html,10/02/2026 12h48,Chuvas intensas nas últimas 72 horas saturaram o solo e elevaram o risco em áreas de encosta no estado
Inmet emite alerta de chuvas intensas para todas as regiões do Brasil,https://jovempan.com.br/noticias/brasil/inmet-emite-alerta-de-chuvas-intensas-para-todas-as-regioes-do-brasil.html,09/02/2026 08h18,"De acordo com o instituto, em algumas áreas, o volume de precipitação pode chegar a 100 milímetros em 24 horas nesta segunda-feira (9)"
Defesa Civil de SP mobiliza gabinete de crise após tempestades no estado,https://jovempan.com.br/noticias/brasil/defesa-civil-de-sp-mobiliza-gabinete-de-crise-tempestades-no-estado.html,08/02/2026 13h38,"Em São Carlos, em 24 horas, choveu o volume esperado para 24 dias; previsão indica manutenção do risco de alagamentos e deslizamentos entre este domingo (8) e segunda-feira (9)"
Defesa Civil de SP alerta para risco de chuvas ‘fortes e persistentes’,https://jovempan.com.br/noticias/brasil/defesa-civil-de-sp-alerta-para-risco-de-chuvas-fortes-e-persistentes.html,07/02/2026 11h00,"Alerta indica que, entre sábado (7) e segunda-feira (9), a previsão é de chuva persistente em todo o Estado e Gabinete de Crise será instalado em formato remoto."
Inmet divulga alerta de perigo sobre chuvas intensas na Paraíba,https://jovempan.com.br/noticias/brasil/inmet-divulga-alerta-de-perigo-sobre-chuvas-intensas-na-paraiba.html,06/02/2026 21h36,"Em João Pessoa, na capital do estado, o registro foi de chuva acima da média histórica para todo o mês de fevereiro"
Frente fria provoca chuva e queda de temperaturas em SP e em outros Estados,https://jovempan.com.br/noticias/brasil/frente-fria-provoca-chuva-e-queda-de-temperaturas-em-sp-e-em-outros-estados.html,05/02/2026 10h40,"De acordo com informações da Climatempo, a combinação entre calor, umidade elevada e a aproximação da frente fria irão favorecer a ocorrência de pancadas de chuva moderadas a fortes, principalmente no período da tarde e da noite"
Defesa Civil de SP alerta para risco de tempestades nesta segunda-feira,https://jovempan.com.br/noticias/brasil/defesa-civil-de-sp-alerta-para-risco-de-tempestades-nesta-segunda-feira.html,02/02/2026 06h35,"Alerta indica que a previsão é de pancadas de chuva persistentes, acompanhadas por raios, ventos e possibilidade de granizo até terça-feira (3)"
Ciclone extratropical intensifica chuvas em São Paulo nesta sexta-feira,https://jovempan.com.br/noticias/brasil/ciclone-extratropical-intensifica-chuvas-em-sao-paulo-nesta-sexta-feira.html,30/01/2026 10h14,Defesa Civil coloca em prática um plano de contingência e alerta para o risco de alagamentos e deslizamentos de terra
SP entra em alerta para tempestades e risco de alagamentos nesta quinta-feira,https://jovempan.com.br/noticias/brasil/sp-entra-em-alerta-para-tempestades-e-risco-de-alagamentos-nesta-quinta-feira.html,29/01/2026 13h01,"Previsão aponta chuva forte, granizo e rajadas de vento a partir da tarde; temperatura máxima deve cair para 25ºC na sexta-feira (30)"
Como escolher o melhor app para monitorar raios e chuvas no verão,https://jovempan.com.br/noticias/brasil/como-escolher-o-melhor-app-para-monitorar-raios-e-chuvas-no-verao.html,28/01/2026 02h00,Ferramentas digitais baseadas em dados de radar e satélite para a segurança meteorológica em tempo real.
São Paulo entra em estado de atenção para chuva; 80 mil estão sem luz,https://jovempan.com.br/noticias/brasil/t-sao-paulo-entra-em-estado-de-atencao-para-chuva-80-mil-estao-sem-luz.html,27/01/2026 16h18,"Segundo o CGE, as marginais Pinheiros e Tietê estão em estado de atenção para alagamentos"
"Após morte e transtornos no fim de semana, SP tem previsão de mais chuva nos próximos dias",https://jovempan.com.br/noticias/brasil/apos-morte-e-transtornos-no-fim-de-semana-sp-tem-previsao-de-mais-chuva-nos-proximos-dias.html,26/01/2026 08h46,Mesmo com temperaturas em elevação a semana também será marcada por volumes de chuva
"Sete anos após tragédia de Brumadinho, Justiça prepara início das audiências para fevereiro",https://jovempan.com.br/noticias/brasil/sete-anos-apos-tragedia-de-brumadinho-justica-prepara-inicio-das-audiencias-para-fevereiro.html,25/01/2026 08h01,Juíza Federal define cronograma que começa dia 23 do próximo mês; sessões vão julgar crimes ambientais e as responsabilidades pelas 270 mortes
Inmet emite alertas para chuvas no Brasil; saiba estados afetados,https://jovempan.com.br/noticias/brasil/inmet-emite-alertas-para-chuvas-no-brasil-saiba-estados-afetatos.html,22/01/2026 13h02,"Das cinco regiões, apenas os Estados do Sul estão fora dos alertas, que valem até o próximo sábado"
Semana começa com risco de chuva extrema em várias partes do Brasil: ‘Grande perigo’,https://jovempan.com.br/noticias/brasil/semana-comeca-com-risco-de-chuva-extrema-em-varias-partes-do-brasil-grande-perigo.html,18/01/2026 19h06,
Chuvas fortes devem atingir SP novamente neste domingo,https://jovempan.com.br/noticias/brasil/chuvas-fortes-devem-atingir-sp-novamente-neste-domingo.html,18/01/2026 10h57,Frente fria deve derrubar as temperaturas a partir de segunda-feira (19)
Chuvas abaixo da média tendem a persistir e agravar seca em São Paulo,https://jovempan.com.br/noticias/brasil/chuvas-abaixo-da-media-tendem-a-persistir-e-agravar-seca-em-sao-paulo.html,17/01/2026 10h21,"Situação se deve à dificuldade de avanço de frentes frias e da umidade, condições que têm relação com a alta anômala causada pela persistência do fenômeno La Niña no Oceano Pacífico"
Chuva em São Paulo provoca transbordamento de córregos e alagamentos,https://jovempan.com.br/noticias/brasil/chuva-em-sao-paulo-provoca-transbordamento-de-corregos-e-alagamentos.html,16/01/2026 21h03,"CGE também colocou os distritos de Sapopemba e Guaianases, ambos na zona leste, com o status de alerta (cor vermelha, a mais grave)"
Chuva deixa cidade de SP em estado de atenção para alagamentos,https://jovempan.com.br/noticias/brasil/chuva-deixa-cidade-de-sp-em-estado-de-atencao-para-alagamentos.html,15/01/2026 17h36,"Há potencial para rajadas de vento, descargas elétricas (raios) e eventuais quedas de granizo, bem comum nesta época do ano, em função dos fortes temporais nos fins de tarde"
Queda de árvore mata mulher e SP chega a dez mortes por causa das chuvas,https://jovempan.com.br/noticias/brasil/queda-de-arvore-mata-mulher-e-sp-chega-a-dez-mortes-por-causa-das-chuvas.html,15/01/2026 11h14,"Vítima de 35 anos estava na Rodovia Oswaldo Cruz, em Taubaté, nesta quarta (14); segundo ocupante do veículo ficou preso às ferragens e foi socorrido consciente"
São Paulo entra em estado de atenção após chuva intensa,https://jovempan.com.br/noticias/brasil/sao-paulo-entra-em-estado-de-atencao-apos-chuva-intensa.html,14/01/2026 16h09,"Previsão é que a cidade enfrente dias mais chuvosos nesta semana, em razão da propagação de áreas de instabilidade oriundas do interior paulista e associadas ao calor e umidade nos finais de tarde"
"São Paulo entra em estado de atenção após forte chuva, ventania e queda de granizo",https://jovempan.com.br/noticias/brasil/sao-paulo-entra-em-estado-de-atencao-apos-forte-chuva-ventania-e-queda-de-granizo.html,13/01/2026 20h55,Centro de Gerenciamento de Emergências Climáticas (CGE) informou que todas as regiões da capital entraram em estado de atenção para alagamentos
Calor e alta umidade favorecem pancadas de chuva isoladas em São Paulo nesta terça,https://jovempan.com.br/noticias/brasil/calor-e-alta-umidade-favorecem-pancadas-de-chuva-isoladas-em-sao-paulo-nesta-terca.html,13/01/2026 06h45,"Sol entre nuvens mantém sensação de abafamento, e instabilidades podem provocar chuva forte, raios e rajadas de vento em pontos do estado"
Inmet emite alerta amarelo para temporais e chuvas intensas em diversas regiões do país,https://jovempan.com.br/noticias/brasil/inmet-emite-alerta-amarelo-para-temporais-e-chuvas-intensas-em-diversas-regioes-do-pais.html,12/01/2026 09h56,Avisos desta segunda-feira (12) atingem do Sul ao Nordeste; ciclone que provocou estragos no fim de semana perde força e se afasta da costa
Primeiro ciclone de 2026 atinge centro-sul do país; leia estados afetados,https://jovempan.com.br/noticias/brasil/primeiro-ciclone-de-2026-atinge-centro-sul-do-pais-leia-estados-afetados.html,09/01/2026 19h37,"Rio Grande do Sul, Santa Catarina, Paraná, São Paulo e Mato Grosso do Sul vão sentir os efeitos do fenômeno"
Chuva em SP provoca transbordamento de córregos e deixa toda a cidade em estado de atenção,https://jovempan.com.br/noticias/brasil/chuva-em-sp-provoca-transbordamento-de-corregos-e-deixa-toda-a-cidade-em-estado-de-atencao.html,08/01/2026 17h14,"Por volta das 16h, a Defesa Civil emitiu alerta severo para a zona leste, zona sul, Mogi das Cruzes, Ferraz de Vasconcelos, Santo André e São Caetano do Sul"
Árvore que caiu no Ibirapuera pode ter tido raízes afetadas por ciclone,https://jovempan.com.br/noticias/brasil/arvore-que-caiu-no-ibirapuera-pode-ter-tido-raizes-afetadas-por-ciclone.html,06/01/2026 06h53,"Segundo a Urbia, concessionária responsável pela gestão do parque, a hipótese técnica preliminar é de que o sistema radicular da árvore tenha sido afetado pelo ciclone extratropical que atingiu São Paulo em 10 de dezembro de 2025"
Calor e chuvas; veja a previsão do tempo para a 1ª semana útil do ano?,https://jovempan.com.br/noticias/brasil/calor-e-chuvas-veja-a-previsao-do-tempo-para-a-1a-semana-util-do-ano.html,04/01/2026 19h47,"O calorão dará uma trégua na cidade de São Paulo até segunda-feira, mas volta na terça"
Chuvas no litoral paulista provocam interdição da Serra Mogi-Bertioga,https://jovempan.com.br/noticias/brasil/chuvas-no-litoral-paulista-provocam-interdicao-da-serra-mogi-bertioga.html,04/01/2026 13h22,Volume de chuvas em Ubatuba já causa alagamentos
Calor e chuvas: veja a previsão do tempo em SP e no resto do Brasil neste 1º de janeiro,https://jovempan.com.br/noticias/brasil/calor-e-chuvas-veja-a-previsao-do-tempo-em-sp-e-no-resto-do-brasil-neste-1o-de-janeiro.html,01/01/2026 13h54,Há previsão para pancadas isoladas de chuva a partir do meio da tarde até o início da noite
Defesa Civil de SP prevê fim da onda de calor e alerta para chuvas fortes no começo de 2026,https://jovempan.com.br/noticias/brasil/defesa-civil-de-sp-preve-fim-da-onda-de-calor-e-alerta-para-chuvas-fortes-no-comeco-de-2026.html,31/12/2025 09h57,Passagem de frentes frias afasta onda de calor e aumenta o risco de chuvas fortes e temporais isolados; orientação para a população e motoristas é que redobrarem a atenção
São Paulo emite alerta para tempestade nesta terça-feira,https://jovempan.com.br/noticias/brasil/sao-paulo-emite-alerta-para-tempestade-nesta-terca-feira.html,30/12/2025 11h38,"Há possibilidade de ventos de até 100 km/hora, queda de granizo, derrubada de árvores, alagamentos e corte de energia elétrica; aviso de onda de calor permanece em nível vermelho e abrange todo o estado"
São Paulo entra em estado de atenção para alagamentos após temporal,https://jovempan.com.br/noticias/brasil/sao-paulo-entra-em-estado-de-atencao-para-alagamentos-apos-temporal.html,29/12/2025 19h28,"Por volta das 18h10, a Defesa Civil do Estado disparou um alerta severo automático, informando sobre os temporais nas regiões da zona norte e central"
Inmet emite alerta para onda de calor tempestades nos últimos dias de 2025,https://jovempan.com.br/noticias/brasil/inmet-emite-alerta-para-onda-de-calor-tempestades-nos-ultimos-dias-de-2025.html,29/12/2025 16h00,O instituto prevê que a maior parte do Brasil deve apresentar chuvas durante a virada de ano
Chuva forte deixa cidade de São Paulo em estado de atenção,https://jovempan.com.br/noticias/brasil/chuva-forte-deixa-cidade-de-sao-paulo-em-estado-de-atencao.html,27/12/2025 17h36,143 mil pessoas estão sem energia na capital e na região metropolitana
Calorão ou chuva: veja a previsão do tempo para o réveillon no Brasil,https://jovempan.com.br/noticias/brasil/calorao-ou-chuva-veja-a-previsao-do-tempo-para-o-reveillon-no-brasil.html,27/12/2025 11h19,"Para a última semana do ano no Sudeste, a previsão indica dias de sol entre nuvens, com pancadas de chuva à tarde"
Inmet emite alerta para onda de calor e tempestades no Brasil; veja regiões afetadas,https://jovempan.com.br/noticias/brasil/inmet-emite-alerta-para-onda-de-calor-e-tempestades-no-brasil-veja-regioes-afetadas.html,24/12/2025 13h16,
Veja quais regiões do Brasil devem registrar chuvas acima da média no verão,https://jovempan.com.br/noticias/brasil/veja-quais-regioes-do-brasil-devem-registrar-chuvas-acima-da-media-no-verao.html,21/12/2025 08h55,Previsão do Inmet indica maiores volumes no Norte e Sul e precipitação abaixo do histórico no Sudeste e Nordeste para a estação que começa neste domingo (21)
Verão começa neste domingo com previsão de calor e menos chuva,https://jovempan.com.br/noticias/brasil/verao-comeca-neste-domingo-com-previsao-de-calor-e-menos-chuva.html,21/12/2025 07h00,"Estação começa às 12h03, sem El Niño ou La Niña, mas sob influência de alta pressão"
Chuvas em SP já causaram oito mortes desde o início de dezembro,https://jovempan.com.br/noticias/brasil/chuvas-em-sp-ja-causaram-oito-mortes-desde-o-inicio-de-dezembro.html,20/12/2025 12h18,Defesa Civil localiza corpo de desaparecido em Guarulhos e alerta para instabilidade no tempo e risco de novos deslizamentos neste fim de semana
Rio de Janeiro amanhece alagado; Castro aciona Comitê de Chuvas,https://jovempan.com.br/noticias/brasil/rio-de-janeiro-amanhece-alagado-castro-aciona-comite-de-chuvas.html,17/12/2025 12h22,"Defesa Civil emitiu um alerta para o estado até a tarde desta quarta, com previsão de ventos moderados e fortes"
Chuva em São Paulo provoca cancelamentos e lota Aeroporto de Congonhas,https://jovempan.com.br/noticias/brasil/chuva-em-sao-paulo-provoca-cancelamentos-e-lota-aeroporto-de-congonhas.html,17/12/2025 11h47,Chuva e ventos causaram transtornos na noite de terça-feira; passageiros foram orientados a checar voos antes de se dirigirem ao terminal
Chuvas deixam mais de 46 mil imóveis sem energia em SP,https://jovempan.com.br/noticias/brasil/chuvas-deixam-mais-de-46-mil-imoveis-sem-energia-em-sp.html,17/12/2025 11h44,Capital paulista concentra a maior parte dos desligamentos nesta quarta-feira (17); Ministério de Minas e Energia acionará a Aneel para iniciar processo de caducidade do contrato
São Paulo chega a 7 mortos devido às chuvas desde o início do mês,https://jovempan.com.br/programas/jornal-da-manha/sao-paulo-chega-a-7-mortos-devido-as-chuvas-desde-o-inicio-do-mes.html,17/12/2025 10h12,"Em Ilhabela, um morador morreu soterrado e outra vítima foi levada pela enxurrada; Operação Chuvas no estado vai até o dia 31 de março"
"Ciclone que causou apagão em SP foi ‘raro’ e não deve se repetir neste verão, dizem especialistas",https://jovempan.com.br/noticias/brasil/ciclone-que-causou-apagao-em-sp-foi-raro-e-nao-deve-se-repetir-neste-verao-dizem-especialistas.html,15/12/2025 18h18,"Apesar de o fenômeno ser comum, a ocorrência dele durante o verão é improvável e meteorologistas afirmam  que os ventos em São Paulo foram históricos"
Paraná tem alerta de temporais e microexplosões nesta sexta-feira; São Paulo segue com calor e chuva,https://jovempan.com.br/noticias/brasil/parana-tem-alerta-de-temporais-e-microexplosoes-nesta-sexta-feira-sao-paulo-segue-com-calor-e-chuva.html,12/12/2025 09h20,"Combinação de sistemas meteorológicos deve provocar chuvas acima de 100mm na região Sul; após ventos recordes, capital paulista não tem previsão de novos vendavais, mas deve registrar pancadas isoladas"
689 mil imóveis seguem sem luz após passagem de ciclone em SP,https://jovempan.com.br/noticias/brasil/830-mil-imoveis-seguem-sem-luz-apos-passagem-de-ciclone-em-sp.html,12/12/2025 07h02,Vendaval de quarta-feira (10) trouxe rajadas de 98 km/h e revive crise de apagões na concessão; empresa mobiliza 1.600 equipes para reconstrução da rede
"Grande SP tem 1,2 milhão de imóveis sem energia após passagem de ciclone",https://jovempan.com.br/noticias/brasil/grande-sp-tem-15-milhao-de-imoveis-sem-energia-apos-passagem-de-ciclone.html,11/12/2025 09h57,"Capital paulista concentra mais de 1 milhão de clientes no escuro; ventos de quase 100 km/h derrubaram árvores, afetaram semáforos e levaram ao fechamento de parques municipais"
Ciclone extratropical se afasta e tempo volta a firmar no Sul e Sudeste nesta quinta-feira,https://jovempan.com.br/programas/jornal-da-manha/ciclone-extratropical-se-afasta-e-tempo-volta-a-firmar-no-sul-e-sudeste-nesta-quinta-feira.html,11/12/2025 08h11,"Após ventos de quase 100 km/h e centenas de voos cancelados, sistema avança para alto-mar; temperaturas sobem e chuvas fortes se concentram agora no Centro-Oeste e Norte"
Ciclone avança e traz mais chuva para SP,https://jovempan.com.br/programas/jornal-da-manha/ciclone-avanca-e-traz-mais-chuva-para-sp.html,10/12/2025 10h02,Autoridades locais estão em alerta máximo e recomendam que a população evite áreas de risco
São Paulo bate recorde de congestionamento com greve de ônibus e chuva,https://jovempan.com.br/noticias/brasil/sao-paulo-bate-recorde-de-congestionamento-com-greve-de-onibus-e-chuva.html,09/12/2025 20h16,Paralisação parcial inesperada de 15 empresas de ônibus pegou todo mundo de surpresa e afetou a vida de milhões de trabalhadores na volta para casa
Ventos de 90 km/h e granizo: ciclone extratropical ameaça novos estados,https://jovempan.com.br/programas/jornal-da-manha/ventos-de-90-km-h-e-granizo-ciclone-extratropical-ameaca-novos-estados.html,09/12/2025 10h20,"Fenômeno climático, que atualmente se encontra na altura do Rio Grande do Sul, já causou estragos significativos na região"
Defesa Civil de SP emite alerta de tempestades entre terça e quinta-feira,https://jovempan.com.br/noticias/brasil/defesa-civil-de-sp-emite-alerta-de-tempestades-entre-terca-e-quinta-feira.html,09/12/2025 09h17,"O fenômeno é provocado pela formação de um ciclone extratropical na região Sul do país, que já influencia o tempo em São Paulo com queda de temperatura e garoa"
Tempestade deixa mais de 130 mil consumidores sem eletricidade na Grande SP,https://jovempan.com.br/noticias/brasil/tempestade-deixa-mais-de-130-mil-consumidores-sem-eletricidade-na-grande-sp.html,09/12/2025 06h53,"As chuvas, com presença de pequenos pedaços de granizo, atingiram a região do Butantã por volta das 13h30, indo na direção de Pinheiros"
Defesa Civil emite alerta severo de chuva em SP,https://jovempan.com.br/noticias/brasil/defesa-civil-emite-alerta-severo-de-chuva-em-sp.html,08/12/2025 14h15,Nas Zonas Leste e Sudeste pode haver chuvas de granizo e formação de alagamentos
Verão climático: semana começa com calor e chuvas intensas no Sudeste,https://jovempan.com.br/programas/jornal-da-manha/verao-climatico-semana-comeca-com-calor-e-chuvas-intensas-no-sudeste.html,08/12/2025 11h14,"Estação mais quente do ano começa só dia 21, mas termômetros já sobem em boa parte do país; em São Paulo, a máxima pode atingir 31ºC nesta segunda-feira (8)"
Ciclone extratropical intenso ameaça Sul do país com rajadas superiores a 100 km/h,https://jovempan.com.br/noticias/brasil/ciclone-extratropical-intenso-ameaca-sul-do-pais-com-rajadas-superiores-a-100-km-h.html,08/12/2025 10h26,"Fenômeno atmosférico de baixa pressão provoca instabilidade climática também no Sudeste e Centro-Oeste, elevando riscos de tempestades e transtornos estruturais até quinta-feira (11)"
Tempestades atingem cinco Estados do país neste fim de semana,https://jovempan.com.br/noticias/brasil/tempestades-atingem-cinco-estados-do-pais-neste-fim-de-semana.html,05/12/2025 11h07,"Espírito Santo, Minas Gerais, Bahia, Goiás e Mato Grosso podem registrar mais de 100 milímetros ao longo do período de atuação do Fenômeno ZCAS"
Defesa Civil de SP alerta para chuvas intensas e rajadas de vento nesta terça-feira,https://jovempan.com.br/noticias/brasil/defesa-civil-de-sp-alerta-para-chuvas-intensas-e-rajadas-de-vento-nesta-terca-feira.html,25/11/2025 10h49,Fenômeno que passa pela costa da região Sudeste favorecerá a formação de tempestades e queda de granizo em diversas partes do Estado
Chuvas deixam mais de 100 desalojados em SC,https://jovempan.com.br/noticias/brasil/chuvas-deixam-mais-de-100-desalojados-em-sc.html,24/11/2025 19h53,Há previsão de formação de um ciclone extratropical no litoral do Paraná e Sudeste do Brasil
São Paulo tem alerta laranja para tempestades nesta terça-feira,https://jovempan.com.br/noticias/brasil/sao-paulo-tem-alerta-laranja-para-tempestades-nesta-terca-feira.html,18/11/2025 11h55,"Segundo CGE, há risco de inundações repentinas, queda de árvores, formação de alagamentos intransitáveis e até transbordamentos de córregos e rios, tanto na capital como em cidades vizinhas da Grande SP"
São Paulo e outros 8 Estados têm alerta laranja para tempestades,https://jovempan.com.br/noticias/brasil/sao-paulo-e-outros-8-estados-tem-alerta-laranja-para-tempestades.html,17/11/2025 13h19,"De acordo com o Inmet, são esperadas chuvas de até 100 mm/dia, ventos intensos de até 100 km/h e queda de granizo"
Semana começa com possibilidade de chuvas fortes no Sul e Sudeste,https://jovempan.com.br/noticias/brasil/semana-comeca-com-possibilidade-de-chuvas-fortes-no-sul-e-sudeste.html,17/11/2025 09h05,A instabilidade é causada por uma frente fria que se desloca pelo país nos próximos dias
Ciclone Extratropical traz tempestades e risco de tornados para três regiões do país,https://jovempan.com.br/programas/jornal-da-manha/ciclone-extratropical-traz-tempestades-e-risco-de-tornados-para-tres-regioes-do-pais.html,15/11/2025 08h07,Fenômeno se aproxima da região e traz uma frente fria que deve impactar diversas áreas a partir da madrugada de sábado
Justiça britânica condena BHP por desastre de barragem de Mariana,https://jovempan.com.br/noticias/brasil/justica-britanica-condena-bhp-por-desastre-de-barragem-de-mariana.html,14/11/2025 08h36,"Mineradora informa que pretende recorrer da decisão e que continuará a se defender na ação; os pleitos dos atingidos serão analisados somente nas próximas etapas do julgamento, em 2028 ou 2029"
TCU diz que há 17 capitais sem preparo para recuperação de desastres climáticos,https://jovempan.com.br/noticias/brasil/tcu-diz-que-ha-17-capitais-sem-preparo-para-recuperacao-de-desastres-climaticos.html,11/11/2025 14h01,"Além disso, o relatório também indica que  24 estados possuem planos para redução do efeito estufa, mas apenas sete definiram metas concretas"
São Paulo registra calor antes de frente fria que trará chuvas,https://jovempan.com.br/noticias/brasil/sao-paulo-registra-calor-antes-de-frente-fria-que-trara-chuvas.html,11/11/2025 13h33,"A partir de quinta-feira (13), a expectativa é de pancadas chuvas mais fortes na cidade, principalmente entre o meio da tarde e o decorrer da noite"
Famílias atingidas por tempestade no Paraná vão receber até R$ 50 mil,https://jovempan.com.br/noticias/brasil/familias-atingidas-por-tempestade-no-parana-vao-receber-ate-r-50-mil.html,10/11/2025 13h29,"Segundo secretário estadual da Segurança Pública, Hudson Teixeira, valor total de R$ 50 milhões é do Fundo Estadual de Calamidade Pública (Fecap)"
Defesa Civil de SP encerra gabinete de crise montado para monitorar efeitos do ciclone extratropical,https://jovempan.com.br/programas/jornal-da-manha/defesa-civil-de-sp-encerra-gabinete-de-crise-montado-para-monitorar-efeitos-do-ciclone-extratropical.html,09/11/2025 09h48,"De acordo com o órgão do estado, o fenômeno ‘já se afastou para o alto mar e não há mais risco de temporais severos’; até o momento, não há registro de vítimas"
"Ciclone provoca ventos fortes, chuvas e quedas de árvores no Rio",https://jovempan.com.br/noticias/brasil/ciclone-provoca-ventos-fortes-chuvas-e-quedas-de-arvores-no-rio.html,08/11/2025 21h05,"Foram registradas 82 ocorrências envolvendo quedas de árvores pela cidade até as 17h, além de quedas de muro e poste"
Sábado será de chuva fraca com possibilidade de ventania em SP,https://jovempan.com.br/noticias/brasil/sabado-sera-de-chuva-fraca-com-possibilidade-de-ventania-em-sp.html,08/11/2025 13h09,"Durante a noite, a temperatura cai, com mínima prevista de 16°C; Defesa Civil do Estado alerta para os riscos do ciclone extratropical, seguido por uma frente fria"
Enem é suspenso em Rio Bonito do Iguaçu após estragos causados por ciclone extratropical,https://jovempan.com.br/noticias/brasil/enem-e-suspenso-em-rio-bonito-do-iguacu-apos-estragos-causados-por-ciclone-extratropical.html,08/11/2025 11h28,"De acordo com o protocolo do Inep, todos os participantes afetados terão direito à reaplicação do exame em nova data, que será definida e informada após avaliação técnica das condições do município"
Seis pessoas morrem e mais de 400 ficam feridas após ciclone no Paraná,https://jovempan.com.br/noticias/brasil/cinco-pessoas-morrem-e-mais-de-400-ficam-feridas-apos-ciclone-no-parana.html,08/11/2025 09h33,"Cerca de 10 mil pessoas foram impactadas pelos ventos; equipes da Defesa Civil, Corpo de Bombeiros, Polícia Militar e Secretaria de Saúde foram mobilizadas para o município de Rio Bonito do Iguaçu"
Ciclone extratropical traz instabilidade para diversas regiões do Brasil,https://jovempan.com.br/noticias/brasil/ciclone-extratropical-traz-instabilidade-para-diversas-regioes-do-brasil.html,08/11/2025 07h00,"Em algumas regiões dos estados de São Paulo, Rio de Janeiro e Minas Gerais, o sistema intensifica as instabilidades, com pancadas fortes e rajadas que podem ultrapassar 100 km/h"
Ciclone extratropical coloca regiões do Brasil em alerta para temporal com ventos de até 100 km/h,https://jovempan.com.br/noticias/brasil/ciclone-extratropical-coloca-regioes-do-brasil-em-alerta-para-temporal-com-ventos-de-ate-100-km-h.html,06/11/2025 21h17,"As áreas de maior risco incluem o norte do Rio Grande do Sul, o oeste de Santa Catarina e o sul do Paraná"
Justiça vê omissão da prefeitura de São Paulo na prevenção de enchentes,https://jovempan.com.br/noticias/brasil/justica-ve-omissao-da-prefeitura-de-sao-paulo-na-prevencao-de-enchentes.html,06/11/2025 07h50,"Segundo sentença do TJ-SP, a administração municipal tem apresentado deficiência grave e omissão continuada no enfrentamento dos problemas de drenagem urbana"
Chuvas devem forçar ao menos cinco cidades de SP a decretarem situação de emergência,https://jovempan.com.br/noticias/brasil/chuvas-devem-forcar-ao-menos-cinco-cidades-de-sp-a-decretar-situacao-de-emergencia.html,03/11/2025 12h21,"Em Regente Feijó, um homem morreu e 58 pessoas ficaram feridas após o desabamento de uma estrutura metálica durante uma festa universitária no Aeropark Clube de Voo Desportivo"
São Paulo ainda tem mais de 45 mil imóveis sem luz devido às chuvas,https://jovempan.com.br/noticias/brasil/sao-paulo-ainda-tem-mais-de-45-mil-imoveis-sem-luz-devido-as-chuvas.html,29/10/2025 13h42,"A tempestade que atingiu a cidade, na madrugada desta quarta-feira (29), causou alagamentos e queda de energia em várias regiões"
São Paulo amanhece em estado de atenção para alagamentos em todas as regiões,https://jovempan.com.br/programas/jornal-da-manha/sao-paulo-amanhece-em-estado-de-atencao-para-alagamentos-em-todas-as-regioes.html,29/10/2025 07h17,"Segundo o CGE, há risco para rajadas de vento, pontos de alagamento intransitáveis e extravasamento de rios e córregos nesta quarta-feira (29)"
Operação contra o CV no RJ é sucesso ou tragédia para a segurança pública?,https://jovempan.com.br/noticias/brasil/operacao-contra-o-cv-no-rj-e-sucesso-ou-tragedia-para-a-seguranca-publica.html,28/10/2025 18h20,Ação é considerada a maior da história do Estado e mobiliza polícias civil e militar e ocorre em várias comunidades dominadas pela facção
São Paulo tem início de semana gelado e com fortes chuvas,https://jovempan.com.br/programas/jornal-da-manha/sao-paulo-tem-inicio-de-semana-gelado-e-com-fortes-chuvas.html,27/10/2025 09h30,"A aproximação de um sistema frontal mantém o tempo nublado, limitando a elevação da temperatura"
"Semana em SP começa com queda na temperatura, ventos fortes e possibilidade de chuva",https://jovempan.com.br/noticias/brasil/semana-em-sp-comeca-com-queda-na-temperatura-ventos-fortes-e-possibilidade-de-chuva.html,20/10/2025 10h40,Defesa Civil do Estado emite alerta de frio intenso para os próximos dias; massa de ar polar mantém as manhãs geladas na capital paulista e região metropolitana
Frente fria traz risco de tempestades para a maior parte de São Paulo neste sábado,https://jovempan.com.br/noticias/brasil/frente-fria-traz-risco-de-tempestades-para-a-maior-parte-de-sao-paulo-neste-sabado.html,18/10/2025 09h49,"Previsão do Instituto Nacional de Meteorologia indica chuvas intensas, ventos de até 100 km/h e queda de granizo para 590 cidades, incluindo a capital; há risco de alagamentos e queda de árvores"
Defesa Civil alerta para chuvas fortes e ventania em São Paulo nesta semana,https://jovempan.com.br/noticias/brasil/defesa-civil-alerta-para-chuvas-fortes-e-ventania-em-sao-paulo-nesta-semana.html,13/10/2025 19h17,Instabilidade é provocada pela chegada de uma frente fria que se desloca da região Sul do país e atinge áreas do Sudeste
Frente fria chega a São Paulo a partir de segunda-feira com chuvas e rajadas de ventos,https://jovempan.com.br/noticias/brasil/frente-fria-chega-a-sao-paulo-a-partir-de-segunda-feira-com-chuvas-e-rajadas-de-ventos.html,12/10/2025 09h12,Defesa Civil municipal mantém toda a cidade em estado de atenção para baixas temperaturas no início da próxima semana
Defesa Civil emite alerta severo para fortes chuvas em São Paulo,https://jovempan.com.br/noticias/brasil/defesa-civil-emite-alerta-severo-para-fortes-chuvas-em-sao-paulo.html,10/10/2025 18h00,Centro de Gerenciamento de Emergências Climáticas (CGE) da Prefeitura colocou toda a cidade em estado de atenção para alagamentos às 16h15
São Paulo está em alerta amarelo para perigo de chuvas intensas nesta quinta-feira,https://jovempan.com.br/noticias/brasil/sao-paulo-esta-em-alerta-amarelo-para-perigo-de-chuvas-intensas-nesta-quinta-feira.html,09/10/2025 10h24,"Além das precipitações e ventos intensos, o frio persiste na capital paulista e a defesa civil mantém cidade em estado de atenção para baixas temperaturas"
São Paulo segue em atenção para queimadas; reservatórios estão em alerta,https://jovempan.com.br/noticias/brasil/sao-paulo-segue-em-atencao-para-queimadas-reservatorios-estao-em-alerta.html,06/10/2025 06h38,"Período crítico permanece até quarta-feira (8); combinação de baixa umidade e ventos constantes também favorece a propagação do fogo no Vale do Paraíba, na região Metropolitana de SP e no litoral sul"
Sudeste segue com baixas temperaturas e chuva nesta quinta,https://jovempan.com.br/programas/jornal-da-manha/sudeste-segue-com-baixas-temperaturas-e-chuva-nesta-quinta.html,25/09/2025 11h06,"Inmet emitiu alerta para rajadas de vento e raios em áreas centrais de Minas Gerais; em São Paulo, os termômetros devem registrar uma mínima de 12ºC e uma máxima de 16ºC"
Chuva intensa atinge o Sudeste nesta terça-feira,https://jovempan.com.br/programas/jornal-da-manha/chuva-intensa-atinge-o-sudeste-nesta-terca-feira.html,23/09/2025 09h10,"Com tempo nublado e temporais, o início da semana foi marcado por transtornos no estado de São Paulo, que resultaram em 18 feridos e 20 desalojados"
Defesa Civil de SP emite alerta para tempestades e ventos fortes,https://jovempan.com.br/noticias/brasil/defesa-civil-de-sp-emite-alerta-para-tempestades-e-ventos-fortes.html,21/09/2025 16h18,"Orientações incluem evitar a proximidade de árvores durante as tempestades, buscar abrigo em locais seguros e não praticar esportes aquáticos"
Governo de SP amplia controle de água em reservatórios por queda nos níveis e falta de chuvas,https://jovempan.com.br/noticias/brasil/governo-de-sp-amplia-controle-de-agua-em-reservatorios-por-queda-nos-niveis-e-falta-de-chuvas.html,20/09/2025 08h29,Medidas incluem ampliar de oito para dez horas o tempo de gestão de demanda noturna – agora das 19h às 5h – e o gerenciamento de pressão durante o dia
Defesa Civil de São Paulo prevê semana crítica para queimadas no Estado,https://jovempan.com.br/noticias/brasil/defesa-civil-de-sao-paulo-preve-semana-critica-para-queimadas-no-estado.html,14/09/2025 23h03,"Em razão da situação prevista, o órgão estadual vai mobilizar, pela primeira vez no ano, o Gabinete de Crise do período de estiagem, no Centro de Gerenciamento de Emergências (CGE), no Palácio dos Bandeirantes"
Ciclone e frente fria levam temporais ao Sul e Sudeste,https://jovempan.com.br/programas/jornal-da-manha/ciclone-e-frente-fria-levam-temporais-ao-sul-e-sudeste.html,09/09/2025 07h50,"No entanto, tempo seco e firme predomina na maior parte do Centro-Oeste e interior do país"
Defesa Civil emite alerta para risco de queimadas no estado de SP,https://jovempan.com.br/programas/jornal-da-manha/defesa-civil-emite-alerta-para-risco-de-queimadas-no-estado-de-sp.html,08/09/2025 08h13,"Condição é considerada ‘crítica’ e a chance de fogo foi classificada como de ‘emergência’, o nível mais alto na escala de quatro classificações"
"Com chegada de nova frente fria, São Paulo deve registrar chuva e baixas temperaturas ao longo do fim de semana",https://jovempan.com.br/programas/jornal-da-manha/com-chegada-de-nova-frente-fria-sao-paulo-deve-registrar-chuva-e-baixas-temperaturas-ao-longo-do-fim-de-semana.html,05/09/2025 09h58,O Instituto Nacional de Meteorologia (Inmet) emitiu alerta amarelo de perigo potencial à saúde em razão de declínios de temperaturas em ao menos sete Estados
Rio de Janeiro e São Paulo podem ter chuva nesta segunda-feira,https://jovempan.com.br/programas/jornal-da-manha/rio-de-janeiro-e-sao-paulo-podem-ter-chuva-nesta-segunda-feira.html,01/09/2025 10h22,"Previsão sugere uma redução nas incursões de ar polar, o que significa menos frentes frias e massas de ar polar no país ao longo do mês, que marca o fim do inverno"
Sudeste terá chuvas e ventos fortes nesta sexta-feira,https://jovempan.com.br/programas/jornal-da-manha/sudeste-tera-chuvas-e-ventos-fortes-nesta-sexta-feira.html,29/08/2025 09h18,"Temporais na região podem causar alagamentos e deslizamentos de terra, especialmente em áreas mais vulneráveis"
Nova frente fria traz chuva forte e derruba as temperaturas em São Paulo,https://jovempan.com.br/programas/jornal-da-manha/nova-frente-fria-traz-chuva-forte-e-derruba-as-temperaturas-em-sao-paulo.html,28/08/2025 08h59,"Variações nas cinco regiões refletem a diversidade do clima brasileiro, com condições distintas previstas nos próximos dias"
"São Paulo pode enfrentar chuva e região Sul, continua com baixas temperaturas nesta terça-feira",https://jovempan.com.br/programas/jornal-da-manha/capital-paulista-pode-enfrentar-chuva-e-regiao-sul-continua-com-baixas-temperaturas-nesta-terca-feira.html,26/08/2025 08h56,"Previsão no Nordeste é de tempo firme, seco e com umidade relativa do ar muito baixa; no Norte, há chances de chuva em Roraima e Amazonas"
Calor segue no Sudeste e acumulado de chuva pode chegar a 60 mm no Norte nesta segunda-feira,https://jovempan.com.br/programas/jornal-da-manha/calor-segue-no-sudeste-e-acumulado-de-chuva-pode-chegar-a-60-mm-no-norte-nesta-segunda-feira.html,25/08/2025 08h57,"No Nordeste pode chover também, mas com menor intensidade, cerca de 15 milímetros; no Sul, a previsão é de tempo firme e temperatura baixas"
Ciclone e frente fria levam temporais e ventos fortes para a região Sul,https://jovempan.com.br/programas/jornal-da-manha/ciclone-e-frente-fria-levam-temporais-e-ventos-fortes-para-a-regiao-sul.html,20/08/2025 09h29,"A partir desta quarta-feira (20), o veranico, período de calor e tempo seco em pleno inverno, começa a atuar sobre o país, elevando as temperaturas no Sudeste e Centro-Oeste"
Chuva de meteoros ‘Perseidas’ terá pico nesta semana; saiba como e quando observar,https://jovempan.com.br/noticias/brasil/chuva-de-meteoros-perseidas-tera-pico-nesta-semana-saiba-como-e-quando-observar.html,12/08/2025 20h37,"Chuva de meteoros Perseidas é visível anualmente de meados de julho até o fim de agosto, com duração de 17 de julho a 23 de agosto"
Comissão no Congresso finaliza relatório da tragédia da VoePass e aponta negligência e ‘canibalização’,https://jovempan.com.br/noticias/brasil/comissao-no-congresso-finaliza-relatorio-da-tragedia-da-voepass-e-aponta-negligencia-e-canibalizacao.html,09/08/2025 19h20,"Documento, obtido com exclusividade pela Jovem Pan, revela que a empresa praticava a reutilização irregular de peças entre aeronaves; Nelson Fernando Padovani, deputado federal e relator da comissão, informou que foi criado um projeto de lei"
"Ato ecumênico da tragédia da Voepass é marcado por cartas de saudade, homenagens e orações",https://jovempan.com.br/noticias/brasil/ato-ecumenico-da-tragedia-da-voepass-e-marcado-por-cartas-de-saudade-homenagens-e-oracoes.html,09/08/2025 18h52,"Evento, marcado por forte emoção e saudade, relembrou os 58 passageiros e 4 tripulantes que perderam a vida no acidente"
Voepass suspende operações após tragédia aérea e rotas são redistribuídas,https://jovempan.com.br/noticias/brasil/voepass-suspende-operacoes-apos-tragedia-aerea-e-rotas-sao-redistribuidas.html,09/08/2025 07h04,Suspensão das atividades acontece após Anac revogar o Certificado de Operador Aéreo da empresa; companhia era a responsável pelo ATR 72-500 que se acidentou em Vinhedo e deixou 62 mortos
Ressaca causa alagamentos e interdições na orla de Santos,https://jovempan.com.br/programas/jornal-da-manha/ressaca-causa-alagamentos-e-interdicoes-na-orla-de-santos.html,30/07/2025 13h00,"Trechos críticos foram interditados, e recomendações foram emitidas para que os moradores evitassem trafegar nas áreas inundadas"
São Paulo registra a tarde mais seca do ano,https://jovempan.com.br/programas/jornal-da-manha/sao-paulo-registra-a-tarde-mais-seca-do-ano.html,30/07/2025 09h12,"De acordo com o Inmet, umidade relativa do ar medida chegou a 14%; valor está significativamente abaixo do mínimo recomendado pela Organização Mundial da Saúde, que é de 60%"
Ciclone extratropical deixa mais de 340 mil endereços sem luz no RS,https://jovempan.com.br/noticias/brasil/ciclone-extratropical-deixa-mais-de-340-mil-enderecos-sem-luz-no-rs.html,28/07/2025 20h20,"As cidades mais impactadas são Porto Alegre, Capão da Canoa, Viamão e Osório que concentram a maior parte das interrupções"
"Temperaturas despencam em São Paulo, com chance de chuva a qualquer hora do dia",https://jovempan.com.br/programas/jornal-da-manha/temperaturas-despencam-em-sao-paulo-com-chance-de-chuva-a-qualquer-hora-do-dia.html,25/07/2025 09h19,Mudança climática é resultado da passagem de uma frente fria pela costa das regiões Sul e Sudeste; capital paulista deve registrar temperaturas máximas de 23ºC
Frente fria provoca queda de temperatura e pode trazer chuva a São Paulo,https://jovempan.com.br/noticias/brasil/frente-fria-provoca-queda-de-temperatura-e-pode-trazer-chuva-a-sao-paulo.html,23/07/2025 09h47,"Com umidade entre 55% e 95%, a qualidade do ar aumenta a partir de quinta-feira (23) na cidade, após recorde de tempo seco dias atrás"
"Brasil terá chuvas mais intensas e secas prolongadas até o fim do século, aponta estudo",https://jovempan.com.br/programas/jornal-da-manha/brasil-tera-chuvas-mais-intensas-e-secas-prolongadas-ate-o-fim-do-seculo-aponta-estudo.html,23/07/2025 09h27,"De acordo com a pesquisa da Universidade de Oxford em parceria com o Met Office, até 2100, a probabilidade de tempestades será três vezes maior, enquanto a frequência das precipitações diminuirá em 30%"
"Com pouco de sol e sem chance de chuva, São Paulo terá um domingo frio, com máxima de 20°C",https://jovempan.com.br/noticias/brasil/com-pouco-de-sol-e-sem-chance-de-chuva-sao-paulo-tera-um-domingo-frio-com-maxima-de-20c.html,06/07/2025 10h22,"Cidade está sob alerta devido às baixas temperaturas, que devem subir gradualmente até quarta-feira (9)"
Tarcísio destaca obras da Defesa Civil para enfrentar desastres: ‘Trabalho apaixonado e silencioso’,https://jovempan.com.br/noticias/brasil/tarcisio-destaca-obras-da-defesa-civil-para-enfrentar-desastres-trabalho-apaixonado-e-silencioso.html,02/07/2025 10h14,"Pacote para municípios inclui contenção de riscos, equipamentos e veículos; desde a tragédia no litoral norte, governo paulista tem aumentado os investimentos"
"Mais de 80% das cidades brasileiras sofreram desastres causados por chuvas nos últimos quatro anos, revela relatório",https://jovempan.com.br/noticias/brasil/mais-de-80-das-cidades-brasileiras-sofreram-desastres-causados-por-chuvas-nos-ultimos-quatro-anos-revela-relatorio.html,02/07/2025 07h32,"De acordo com Aliança Brasileira pela Cultura Oceânica, número de inundações, marés altas e deslizamentos de terra após episódios de precipitações intensas passou de 2.335 para 7.539 entre 2020 e o fim de 2023"
Chegada de frente fria provoca chuva e baixas temperaturas em SP nesta terça-feira,https://jovempan.com.br/noticias/brasil/chegada-de-frente-fria-provoca-chuva-e-baixas-temperaturas-em-sp-nesta-terca-feira.html,01/07/2025 07h19,"De acordo com a Defesa Civil do Estado, além do frio intenso em várias regiões paulistas, sistema meteorológico— com atuação até quinta-feira (3) — também deve reduzir os níveis de umidade do ar"
Tragédia na Indonésia: Itamaraty informa que não poderá custear translado do corpo de Juliana Marins,https://jovempan.com.br/noticias/brasil/tragedia-na-indonesia-itamaraty-informa-que-nao-podera-custear-translado-do-corpo-de-juliana-marins.html,25/06/2025 15h49,"Ao todo, a operação de resgate da brasileira durou mais de 14 horas; em nota publicada nas redes sociais, o Parque Nacional do Monte Rinjani afirmou que o processo foi concluído com ‘extremo cuidado’"
Tragédias se repetem no Monte Rinjani: relembre acidentes antes da morte de Juliana Marins,https://jovempan.com.br/noticias/brasil/tragedias-se-repetem-no-monte-rinjani-relembre-acidentes-antes-da-morte-de-juliana-marins.html,24/06/2025 19h06,"Entre 2020 e 2025, cinco pessoas já haviam perdido a vida no vulcão indonésio; terreno íngreme e trilhas desafiadoras elevam o risco de quedas"
Lula lamenta tragédia com brasileira em vulcão na Indonésia,https://jovempan.com.br/noticias/brasil/dor-e-comocao-lula-lamenta-tragedia-com-brasileira-em-vulcao-na-indonesia.html,24/06/2025 18h49,Ministra dos Direitos Humanos defende que sonhos femininos não sejam transformados em culpa após tragédia
"Defesa Civil alerta para frio, ventos e chuvas intensas em todo o Estado de São Paulo",https://jovempan.com.br/noticias/brasil/defesa-civil-alerta-para-frio-ventos-e-chuvas-intensas-em-todo-o-estado-de-sao-paulo.html,22/06/2025 16h20,"Períodos mais críticos de frio estão previstos para as madrugadas de terça e quarta-feira; Abrigo Solidário na estação Pedro II, da Linha 3-Vermelha do Metrô, vai acolher pessoas em situação de rua"
Rio Grande do Sul libera R$ 60 milhões para cidades afetadas por chuvas intensas,https://jovempan.com.br/noticias/brasil/rio-grande-do-sul-libera-r-60-milhoes-para-cidades-afetadas-por-chuvas-intensas.html,20/06/2025 20h18,"Dessa quantia, R$ 30 milhões serão direcionados ao Departamento Autônomo de Estradas de Rodagem (Daer), enquanto os outros R$ 30 milhões serão disponibilizados para as prefeituras que formalizarem a declaração de emergência"
"Chuvas no RS deixam três mortos, mais de 6.000 desalojados e 98 cidades afetadas",https://jovempan.com.br/noticias/brasil/chuvas-no-rs-deixam-tres-mortos-mais-de-6-000-desalojados-e-98-cidades-afetadas.html,20/06/2025 14h33,Terceira vítima confirmada é um homem de 72 anos que morreu após uma árvore cair sobre o carro que ele dirigia em uma via entre São Leopoldo e Sapucaia do Sul
"Chuvas permanecem no Rio Grande do Sul, mas perdem força",https://jovempan.com.br/noticias/brasil/chuvas-permanecem-do-rio-grande-do-sul-mas-perdem-forca.html,19/06/2025 23h34,"Defesa Civil do estado emitiu um alerta para as regiões norte e nordeste, onde o risco de alagamentos permanece moderado"
Chuvas causam duas mortes e um desaparecimento no Rio Grande do Sul,https://jovempan.com.br/noticias/brasil/chuvas-causam-duas-mortes-e-um-desaparecimento-no-rio-grande-do-sul.html,19/06/2025 08h51,"Precipitações superiores a 100 milímetros causam enchentes, deslizamentos, quedas de árvores, bloqueios de rodovias e evacuações emergenciais nas mesmas regiões de 2024"
Inmet emite alerta vermelho de chuva para o Rio Grande do Sul,https://jovempan.com.br/programas/jornal-da-manha/inmet-emite-alerta-vermelho-de-chuva-para-o-rio-grande-do-sul.html,18/06/2025 09h40,"Condição climática indica grande perigo, com precipitações de até 100 milímetros por dia na região metropolitana de Porto Alegre, Santa Maria, Cruz Alta e Cachoeira do Sul"
Rio Grande do Sul registra chuvas fortes em cerca de 23 municípios e está sob alerta vermelho,https://jovempan.com.br/noticias/brasil/rio-grande-do-sul-registra-chuvas-fortes-em-cerca-de-23-municipios-e-esta-sob-alerta-vermelho.html,17/06/2025 19h26,"Tempestades no Estado causaram áreas alagadas, queda de árvores, falta de energia, bloqueio de rodovias e deixaram pessoas desalojadas ou desabrigadas"
"Sem previsão de chuva, tempo firme predomina no Sudeste e Centro-Oeste",https://jovempan.com.br/programas/jornal-da-manha/sem-previsao-de-chuva-tempo-firme-predomina-no-sudeste-e-centro-oeste.html,16/06/2025 09h31,"Após primeira onda de frio do ano, semana começa com elevação gradual das temperaturas; por outro lado, Inmet emite alerta de tempestade para a faixa leste do Nordeste"
Tempestades colocam São Paulo em estado de alerta nesta terça-feira,https://jovempan.com.br/programas/jornal-da-manha/tempestades-colocam-sao-paulo-em-estado-de-alerta-nesta-terca-feira.html,03/06/2025 08h24,"De acordo com o Inmet, há risco para chuvas de até 50mm/dia e ventos que podem chegar a 60 km/h em grande parte do Estado"
Onda de frio intensa chega ao Sul do Brasil com previsão de alagamentos e até neve,https://jovempan.com.br/noticias/brasil/onda-de-frio-intensa-chega-ao-sul-do-brasil-com-previsao-de-alagamentos-e-ate-neve.html,28/05/2025 17h22,"No Rio Grande do Sul, temporais já provocaram danos em localidades como Alegrete e Santa Cruz do Sul, levando a Defesa Civil a emitir alertas"
Regiões Sul e Sudeste não têm previsão de chuva nesta terça-feira,https://jovempan.com.br/programas/jornal-da-manha/regioes-sul-e-sudeste-nao-tem-previsao-de-chuva-nesta-terca-feira.html,13/05/2025 09h25,"Com tempo firme e seco, massa de ar frio começa a perder força, resultando em temperaturas um pouco mais amenas"
Virginia Fonseca será ouvida na CPI das Bets no dia 13 de maio,https://jovempan.com.br/entretenimento/famosos/virginia-fonseca-sera-ouvida-na-cpi-das-bets-no-dia-13-de-maio.html,07/05/2025 22h21,"Sessão está marcada para a próxima terça-feira (13) às 11h; convocação foi feita pela senadora Soraya Thronicke, que atua como relatora da CPI"
ViaMobilidade discute novas medidas de segurança após tragédia na linha 5-Lilás,https://jovempan.com.br/programas/jornal-da-manha/viamobilidade-discute-novas-medidas-de-seguranca-apos-tragedia-na-linha-5-lilas.html,07/05/2025 11h53,"Após a trágica morte de um passageiro prensado entre as portas da estação Campo Limpo, a concessionária ainda não apresentou uma solução definitiva para evitar que tragédias como essa se repitam"
Semana começa sem chuva e com temperaturas acima da média em São Paulo,https://jovempan.com.br/programas/jornal-da-manha/semana-comeca-sem-chuva-e-com-temperaturas-acima-da-media-em-sao-paulo.html,05/05/2025 10h39,Centro de Gerenciamento de Emergências prevê manhãs geladas e calor à tarde durante a primeira semana de maio
"Um ano após enchentes, cerca de 380 pessoas seguem em abrigos no RS",https://jovempan.com.br/noticias/brasil/um-ano-apos-enchentes-cerca-de-380-pessoas-seguem-em-abrigos-no-rs.html,30/04/2025 13h32,Situação atinge famílias em situação de extrema vulnerabilidade
"São Paulo deve ter chuva nesta segunda, mostra previsão do tempo",https://jovempan.com.br/noticias/brasil/sao-paulo-deve-ter-chuva-nesta-segunda-mostra-previsao-do-tempo.html,28/04/2025 08h45,"Expectativa é de precipitações inicialmente fracas, mas que podem ganhar força e se generalizar ao longo do dia"
Duas regiões da cidade entram em estado de atenção para alagamentos por causa das chuvas em SP,https://jovempan.com.br/noticias/brasil/duas-regioes-da-cidade-entram-em-estado-de-atencao-para-alagamentos-por-causa-das-chuvas-em-sp.html,25/04/2025 16h33,"Região do Itaim Paulista, na zona leste, é uma das mais afetadas e recebeu alerta após o córrego que leva o nome do bairro transbordar"
"Entre sol e nuvens, São Paulo terá chuva e temperaturas amenas no fim de semana",https://jovempan.com.br/noticias/brasil/entre-sol-e-nuvens-sao-paulo-tera-chuva-e-temperaturas-amenas-no-fim-de-semana.html,25/04/2025 08h09,"Devido às instabilidades registradas em todas as regiões do estado, a Defesa Civil emitiu na última quinta-feira (24) um alerta para a possibilidade de tempestades, que podem se prolongar nos próximos dias"
Defesa Civil ativa gabinete de crise por risco de tempestades em SP,https://jovempan.com.br/programas/jornal-da-manha/defesa-civil-ativa-gabinete-de-crise-por-risco-de-tempestades-em-sp.html,24/04/2025 13h50,"Diante da previsão de chuvas fortes, ventos e granizo entre quinta (24) e sexta-feira (25), iniciativa visa minimizar possíveis transtornos nas regiões que podem ser afetadas, bem como alertar a população"
Estudo revela que água da chuva pode estar contaminada por agrotóxicos,https://jovempan.com.br/noticias/brasil/estudo-revela-que-agua-da-chuva-pode-estar-contaminada-por-agrotoxicos.html,23/04/2025 17h22,"Resultados indicaram que Campinas apresentou a maior concentração de agrotóxicos, com 701 µg/m², seguida por Brotas, que registrou 680 µg/m², e São Paulo, com 223 µg/m²"
Sul e Sudeste terão tempo firme sem previsão de chuva nesta quarta-feira,https://jovempan.com.br/programas/jornal-da-manha/sul-e-sudeste-terao-tempo-firme-sem-previsao-de-chuva-nesta-quarta-feira.html,23/04/2025 10h07,"Presença de um sistema de alta pressão atmosférica dificulta a formação de nuvens carregadas na maior parte do país, reduzindo as chances de precipitações em várias regiões"
Chuvas intensas causam alagamentos e deslizamentos em São Paulo,https://jovempan.com.br/noticias/brasil/chuvas-intensas-causam-alagamentos-e-deslizamentos-em-sao-paulo.html,20/04/2025 12h40,"No Guarujá, a precipitação foi alarmante, com cerca de 191 milímetros de chuva em apenas seis horas, superando a média mensal de 190,7 mm"
São Paulo ainda deve registrar chuvas neste feriado prolongado,https://jovempan.com.br/noticias/brasil/sao-paulo-ainda-deve-registrar-chuvas-neste-feriado-prolongado.html,20/04/2025 11h32,"No sábado (19), as tempestades causaram transtornos em diversas cidades do ABC e do litoral paulista, com alagamentos e deslizamentos"
Chuvas em São Paulo causam alagamentos e deixam mais de 68 mil imóveis sem energia,https://jovempan.com.br/noticias/brasil/chuvas-em-sao-paulo-causam-alagamentos-e-deixam-mais-de-68-mil-imoveis-sem-energia.html,18/04/2025 21h26,"Até às 18h, o Corpo de Bombeiros tinha atendido nove ocorrências de quedas de árvore, todas na Zona Leste, quatro casos de inundações e enchentes, em Osasco, na Região Metropolitana de São Paulo, e na Zona Leste da capital"
"Após madrugada em estado de atenção, São Paulo amanhece com tempo nublado e sem previsão de chuva",https://jovempan.com.br/noticias/brasil/apos-madrugada-em-estado-de-atencao-sao-paulo-amanhece-com-tempo-nublado-e-sem-previsao-de-chuva.html,15/04/2025 07h53,Terça-feira (15) será marcada por tempo seco e temperatura máxima não deve superar os 24°C
Veja como estão as obras para reparar cratera na Marginal Tietê após fortes chuvas do final de semana,https://jovempan.com.br/programas/jornal-da-manha/obras-de-reparo-apos-cratera-na-marginal-tiete-ainda-nao-foram-concluidas.html,14/04/2025 09h44,Companhia de Saneamento Básico do Estado de São Paulo (Sabesp) informou que já finalizou o processo de aterramento do local
São Paulo terá chuva moderada nesta segunda-feira,https://jovempan.com.br/programas/jornal-da-manha/sao-paulo-tera-chuva-moderada-nesta-segunda-feira.html,14/04/2025 09h05,Capital paulista foi impactada por uma nova frente fria durante o final de semana que provocou fortes precipitações na última madrugada
"Chuva forte atinge São Paulo, Rio de Janeiro e o Sul do país nesta quarta-feira",https://jovempan.com.br/noticias/brasil/chuva-forte-atinge-sao-paulo-rio-de-janeiro-e-o-sul-do-pais-nesta-quarta-feira.html,09/04/2025 09h35,"Sistema de baixa pressão atmosférica está em atuação no Sudeste, impactando diretamente a capital paulista e as áreas serranas fluminenses; ventos que podem alcançar velocidades entre 50 km/h e 70 km/h"
Chuva perde força e frio continua no Sudeste,https://jovempan.com.br/noticias/brasil/chuva-perde-forca-e-frio-continua-no-sudeste.html,07/04/2025 10h33,"Semana começa com temperaturas mais geladas; no decorrer da semana, a chegada de uma nova frente fria deve manter os termômetros em baixa"
"Em 24 horas, Petrópolis tem volume de chuva 50% superior ao esperado para o mês de abril",https://jovempan.com.br/noticias/brasil/em-24-horas-petropolis-tem-volume-de-chuva-50-superior-ao-esperado-para-o-mes-de-abril.html,06/04/2025 17h00,"Equipes de emergência estão mobilizadas para realizar a limpeza e prestar assistência nas áreas mais afetadas, onde o risco de deslizamentos é elevado"
Moradores começam a voltar para casa em Ubatuba após fortes chuvas que deixaram cidade alagada,https://jovempan.com.br/noticias/brasil/moradores-comecam-a-voltar-para-casa-em-ubatuba-apos-fortes-chuvas-que-deixaram-cidade-alagada.html,06/04/2025 16h20,"Defesa Civil está trabalhando na recuperação da ponte da Estrada da Folha Seca, e não será necessário criar um abrigo temporário para os desabrigados"
Cabra fica presa em porta-malas de carro após alagamento em Petrópolis,https://jovempan.com.br/noticias/brasil/cabra-fica-presa-em-porta-malas-de-carro-apos-alagamento-em-petropolis.html,06/04/2025 09h42,O animal foi resgatado por bombeiros e devolvido ao dono
Nova frente fria causará queda de temperaturas e chuvas ao Brasil,https://jovempan.com.br/noticias/brasil/nova-frente-fria-causara-queda-de-temperaturas-e-chuvas-ao-brasil.html,06/04/2025 07h25,Massa de ar frio virá acompanhada de ventos de origem polar que intensificarão a sensação de frio nas regiões Sul e Sudeste do país
"Chuvas em São Paulo fazem rios transbordarem, árvores caírem e deixam famílias desalojadas",https://jovempan.com.br/noticias/brasil/chuvas-em-sao-paulo-fazem-rios-transbordarem-arvores-cairem-e-deixam-familias-desalojadas.html,05/04/2025 23h00,"Gestão estadual disse que enviará ajuda humanitária para atender as pessoas afetadas. O auxílio inclui cestas básicas, kits de higiene pessoal, colchões, cobertores, entre outros itens, que deverão ser retirados em um depósito da Defesa Civil em Tremembé"
Cláudio Castro critica falta de apoio federal após chuvas em Angra dos Reis,https://jovempan.com.br/noticias/brasil/claudio-castro-critica-falta-de-apoio-federal-apos-chuvas-em-angra-dos-reis.html,05/04/2025 22h42,"Governador do Rio de Janeiro lembrou que o apoio do governo federal foi insuficiente após as chuvas devastadoras que atingiram Petrópolis em 2022, resultando na morte de mais de 200 pessoas"
Chuvas intensas deixam moradores ilhados em Ubatuba,https://jovempan.com.br/noticias/brasil/chuvas-intensas-deixam-moradores-ilhados-em-ubatuba.html,05/04/2025 19h31,"Cidade registrou um total de 160 milímetros de precipitação nas últimas 24 horas, sendo 138 milímetros apenas nas últimas 12 horas, o que levou a Defesa Civil a emitir um alerta de severidade"
Angra dos Reis declara estado de emergência após intensas chuvas e deslizamentos,https://jovempan.com.br/noticias/brasil/angra-dos-reis-declara-estado-de-emergencia-apos-intensas-chuvas-e-deslizamentos.html,05/04/2025 19h10,"Intensas chuvas em Angra dos Reis deixam 346 desalojados e provocam deslizamentos, levando a um estado de emergência na cidade."
Rodovia Rio-Santos é interditada por causa das fortes chuvas,https://jovempan.com.br/noticias/brasil/rodovia-rio-santos-e-interditada-por-causa-das-forte-chuvas.html,05/04/2025 18h31,Concessionária CCR Rio-Santos aguarda a realização de uma vistoria para avaliar as condições de segurança e a possibilidade de reabertura da via
"Chuvas intensas no RJ provocam acionamento de sirenes e deslizamento, e deixam desalojados em Angra dos Reis",https://jovempan.com.br/noticias/brasil/chuvas-intensas-no-rj-provocam-acionamento-de-sirenes-e-deslizamento-e-deixam-desalojados-em-angra-dos-reis.html,05/04/2025 16h02,"Ao menos 193 pessoas foram forçadas a deixar suas casas, embora não tenham sido registrados feridos; cidade do RJ enfrenta estágio 2 de alerta em razão das chuvas intensas que têm atingido a região"
Rodovia dos Tamoios é interditada após chuvas intensas,https://jovempan.com.br/noticias/brasil/rodovia-dos-tamoios-e-interditada-apos-chuvas-intensas.html,05/04/2025 13h48,Autoridades tomaram medidas preventivas após o volume de precipitação superar 100 milímetros em um período de 72 horas; trânsito flui em operação comboio
Chuva forte causa transtornos na Grande São Paulo e interior do Estado,https://jovempan.com.br/noticias/brasil/chuva-forte-causa-transtornos-na-grande-sao-paulo-e-interior-do-estado.html,05/04/2025 05h07,"Em Diadema, Corpo de Bombeiros teve que intervir para resgatar um motorista que ficou preso em seu veículo; deslizamento de terra em Guarulhos resultou em 32 pessoas desalojadas"
Chuvas intensas em Angra dos Reis fecham Rodovia Rio-Santos e geram deslizamentos,https://jovempan.com.br/noticias/brasil/chuvas-intensas-em-angra-dos-reis-fecham-rodovia-rio-santos-e-geram-deslizamentos.html,05/04/2025 00h00,"Situação gera preocupações com deslizamentos de terra, levando ao desalojamento de nove pessoas"
Petrópolis suspende aulas e decreta ponto facultativo por chuvas intensas,https://jovempan.com.br/noticias/brasil/petropolis-suspende-aulas-e-decreta-ponto-facultativo-por-chuvas-intensas.html,04/04/2025 13h02,"Marinha do Brasil também emitiu um alerta sobre ressaca no mar, prevendo ondas que podem atingir entre 2,5 e 3 metros"
São Paulo e Rio de Janeiro estão sob alerta vermelho para chuvas intensas devido à chegada da primeira frente fria do ano,https://jovempan.com.br/programas/jornal-da-manha/sao-paulo-e-rio-de-janeiro-estao-sob-alerta-vermelho-para-chuvas-intensas-devido-a-chegada-da-primeira-frente-fria-do-ano.html,04/04/2025 11h10,"De acordo com o Inmet, precipitações podem chegar a 100 mm por dia, com alto risco de alagamentos, transbordamentos de rios e deslizamentos"
São Paulo terá chuvas intensas nesta quinta-feira,https://jovempan.com.br/noticias/brasil/sao-paulo-tera-chuvas-intensas-nesta-quinta-feira.html,03/04/2025 07h20,"Com a chegada de uma frente fria vinda do Sul, a Defesa Civil alerta que, além da queda nos termômetros, a condição pode favorecer a ocorrência de temporais"
Governo prorroga campanha ‘SP Sempre Alerta – Operação Chuvas’,https://jovempan.com.br/programas/jornal-da-manha/governo-prorroga-campanha-sp-sempre-alerta-operacao-chuvas.html,02/04/2025 10h00,Decisão foi tomada pela Defesa Civil após a previsão de chuvas intensas até o dia 06 de abril
"Chuva no Grande ABC alaga Avenida do Estado, invade casas e interrompe circulação de trens",https://jovempan.com.br/noticias/brasil/chuva-causa-estragos-no-grande-abc-e-deixa-sao-paulo-em-estado-de-atencao-para-alagamentos.html,31/03/2025 18h26,A Linha 10-Turquesa da CPTM foi paralisada no trecho entre as estações Utinga e Mauá; carros ficaram submersos em diversos pontos das cidades da região
Centro-Sul do Brasil deve ter chuva nesta quarta,https://jovempan.com.br/programas/jornal-da-manha/centro-sul-do-brasil-deve-ter-chuva-nesta-quarta.html,26/03/2025 09h04,"Apesar do calor durante o dia, as noites e manhãs tendem a ser mais frescas, especialmente em São Paulo, onde a sensação de abafamento diminui à noite"
Última semana de março será abafada e terá pancadas de chuva durante as tardes em São Paulo,https://jovempan.com.br/noticias/brasil/ultima-semana-de-marco-sera-abafada-e-tera-pancadas-de-chuva-durante-as-tardes-em-sao-paulo.html,24/03/2025 07h45,"De acordo com a previsão do Centro de Gerenciamento de Emergências Climáticas, há possibilidade de temporais e formação de alagamentos em alguns pontos da cidade"
Trecho da Rodovia Régis Bittencourt é interditado devido à chuva,https://jovempan.com.br/noticias/brasil/trecho-da-rodovia-regis-bittencourt-e-interditado-devido-a-chuva.html,23/03/2025 19h41,"De acordo com a Arteris, concessionária responsável pela via, a pista sentido São Paulo está fechada e o fluxo está sendo desviado por dentro de Itapecerica"
"Alagamento interrompe parte da linha 7-Rubi, da CPTM",https://jovempan.com.br/noticias/brasil/alagamento-interrompe-parte-da-linha-7-rubi-da-cptm-neste-domingo.html,23/03/2025 18h50,Trens da linha 8-Diamante e a linha 9-Esmeralda também apresentam maior intervalo por conta de ações de manutenção pré-programadas
Defesa Civil alerta para risco de tempestades severas em São Paulo neste domingo,https://jovempan.com.br/noticias/brasil/defesa-civil-alerta-para-risco-de-tempestades-severas-em-sao-paulo-neste-domingo.html,23/03/2025 17h04,"Desde o início de março, a cidade registrou um total médio de 63,8 mm de precipitação, o que corresponde a 36% do volume esperado para todo o mês"
São Paulo terá chuva no primeiro domingo de outono,https://jovempan.com.br/programas/jornal-da-manha/sao-paulo-tera-chuva-no-primeiro-domingo-de-outono.html,23/03/2025 08h48,"Capital paulista tem 83% de probabilidade de chuva, com possibilidade de pancadas isoladas em todo o estado; apesar disso, temperaturas seguem elevadas, podendo chegar aos 31°C"
Chuva causa alagamentos e provoca transtornos em São Paulo,https://jovempan.com.br/noticias/brasil/chuva-causa-alagamentos-e-provoca-transtornos-em-sao-paulo.html,18/03/2025 23h41,"Temporal começou por volta das 15h, acompanhado de ventos que atingiram 78 km/h, conforme dados da Defesa Civil"
São Paulo pode enfrentar fortes chuvas até quarta-feira,https://jovempan.com.br/noticias/brasil/sao-paulo-pode-enfrentar-fortes-chuvas-ate-quarta-feira.html,18/03/2025 07h20,"Situação se intensifica com a chegada de uma frente fria, com acumulados que podem ultrapassar 60 mm em algumas áreas"
São Paulo terá chuva e altas temperaturas na última semana de verão,https://jovempan.com.br/noticias/brasil/sao-paulo-tera-chuva-e-altas-temperaturas-na-ultima-semana-de-verao.html,17/03/2025 07h28,"Nesta segunda-feira (17), termômetros devem variar entre 19°C e 27°C, com alerta de pancadas no final da tarde"
São Paulo enfrenta risco de tempestades até domingo,https://jovempan.com.br/programas/jornal-da-manha/sao-paulo-enfrenta-risco-de-tempestades-ate-domingo.html,14/03/2025 09h18,Defesa Civil emitiu um alerta na última quinta-feira (13) para possíveis temporais durante o final de semana em todo o Estado
São Paulo terá chuva forte nesta quinta,https://jovempan.com.br/programas/jornal-da-manha/sao-paulo-tera-chuva-forte-nesta-quinta.html,13/03/2025 08h23,"Após o temporal que atingiu a capital paulista na última quarta-feira (12), a cidade poderá novamente enfrentar transtornos pelas precipitações esperadas para os próximos dias"
Chuvas intensas no Rio de Janeiro deixam ruas alagadas e causam transtornos no transporte público,https://jovempan.com.br/noticias/brasil/chuvas-intensas-no-rj-deixam-ruas-alagadas-e-causam-transtornos-no-transporte-publico.html,13/03/2025 00h00,"Sistema de metrô da cidade está operando com intervalos irregulares, o que tem gerado dificuldades para os usuários"
Chuva intensa em São Paulo causa queda de árvores e morte,https://jovempan.com.br/noticias/brasil/chuva-intensa-em-sao-paulo-causa-queda-de-arvores-e-morte.html,12/03/2025 19h45,"Segundo a Enel, mais de 175 mil imóveis estão sem energia elétrica na Região Metropolitana de São Paulo; a CGE declarou estado de atenção para alagamentos"
Frente fria faz temperaturas caírem no Sul e causa chuvas fortes em São Paulo,https://jovempan.com.br/noticias/brasil/frente-fria-faz-temperaturas-cairem-no-sul-e-causa-chuvas-fortes-em-sao-paulo.html,11/03/2025 10h51,"Calor está começando a diminuir no país, trazendo um alívio para as regiões afetadas pelo clima mais quente"
São Paulo terá semana marcada por chuvas e temperaturas que podem chegar a 30°C,https://jovempan.com.br/noticias/brasil/sao-paulo-tera-semana-marcada-por-chuvas-e-temperaturas-que-podem-chegar-a-30c.html,10/03/2025 06h41,"Defesa Civil de SP alerta para mudanças climáticas intensas na cidade com a chegada de uma frente fria no final de semana, após a onda de calor"
Chances de chuvas são baixas no Sudeste do Brasil,https://jovempan.com.br/programas/jornal-da-manha/chances-de-chuvas-sao-baixas-no-sudeste-do-brasil.html,06/03/2025 08h55,"Mapa de precipitações destaca áreas de tempo firme desde o oeste da Bahia até o Triângulo Mineiro, com temperaturas elevadas e umidade relativa do ar abaixo do ideal"
Chuvas de granizo causam danos em carros alegóricos das escolas de samba de São Paulo,https://jovempan.com.br/noticias/brasil/carnaval-2025/chuvas-de-granizo-causam-danos-em-carros-alegoricos-das-escolas-de-samba-de-sao-paulo.html,27/02/2025 23h48,"Acadêmicos do Tucuruvi, uma das agremiações afetadas, relatou prejuízos consideráveis, mas garantiu que manterá seu cronograma e estará pronta para o desfile"
São Paulo deve enfrentar chuvas fortes e possíveis quedas de granizo nesta quinta,https://jovempan.com.br/programas/jornal-da-manha/sao-paulo-deve-enfrentar-chuvas-fortes-e-possiveis-quedas-de-granizo-nesta-quinta.html,27/02/2025 10h31,Altas temperaturas devem fazer de fevereiro o mês mais quente já registrado na capital paulista; chuvas de verão têm causado transtornos na cidade
São Paulo intensifica fiscalização da Lei Seca durante o Carnaval,https://jovempan.com.br/noticias/brasil/sao-paulo-intensifica-fiscalizacao-da-lei-seca-durante-o-carnaval.html,26/02/2025 15h58,Detran prevê 40 mil motoristas abordados; operações se iniciam na sexta-feira (28) e se estendem até terça-feira (4)
Motorista de aplicativo morre após carro ficar submerso em alagamento em São Paulo,https://jovempan.com.br/noticias/brasil/motorista-de-aplicativo-morre-apos-carro-ficar-submerso-em-alagamento-em-sao-paulo.html,19/02/2025 17h23,"Com essa fatalidade, o número de vítimas das chuvas na região subiu para 21 desde o início da Operação Verão"
Ao menos 112 mil imóveis permanecem sem energia elétrica após chuva em SP,https://jovempan.com.br/noticias/brasil/ao-menos-112-mil-imoveis-permanecem-sem-energia-eletrica-apos-chuva-em-sp.html,19/02/2025 10h24,"De acordo com boletim divulgado na manhã desta quarta-feira (19) pela Enel Distribuição São Paulo, as precipitações afetaram principalmente as zonas norte e oeste da cidade paulistana"
"Apesar do calor, São Paulo terá fortes chuvas à tarde",https://jovempan.com.br/programas/jornal-da-manha/apesar-do-calor-sao-paulo-tera-fortes-chuvas-a-tarde.html,19/02/2025 09h28,Capital paulista experimenta alívio nas temperaturas a partir dessa quarta-feira (19) com tendência de queda gradual até o final de semana
Chuva deixa a cidade de São Paulo em estado de atenção e causa alagamento em linha de trem,https://jovempan.com.br/noticias/brasil/chuva-deixa-a-cidade-de-sao-paulo-em-estado-de-atencao-e-causa-alagamento-em-linha-de-trem.html,14/02/2025 14h42,"Segundo o Centro de Gerenciamento de Emergências (CGE), da Prefeitura, as zonas sul e leste são as mais afetadas; chove forte principalmente nas subprefeituras de Parelheiros, Capela do Socorro e Mooca"
"São Paulo deve ter chuva forte nesta sexta, aponta previsão",https://jovempan.com.br/programas/jornal-da-manha/sao-paulo-deve-ter-chuva-forte-nesta-sexta-aponta-previsao.html,14/02/2025 09h10,"Capital paulista terá pancadas típicas de verão, com alguns pontos com mais precipitação do que outros; onda de calor que atinge grande parte do Brasil persistirá até 21 de fevereiro"
Defesa Civil de São Paulo emite alerta para chuvas intensas,https://jovempan.com.br/noticias/brasil/defesa-civil-de-sao-paulo-emite-alerta-para-chuvas-intensas.html,13/02/2025 20h19,"Precipitações, previstas entre os dias 14 e 15 de fevereiro, devem atingir com mais intensidade a região leste do estado, incluindo a Grande São Paulo, o litoral, o Vale do Paraíba, além de Campinas e Sorocaba"
Chuva em São Paulo faz Defesa Civil decretar atenção para alagamentos; moradores recebem alerta severo,https://jovempan.com.br/noticias/brasil/chuva-em-sao-paulo-faz-defesa-civil-decretar-atencao-para-alagamentos-moradores-recebem-alerta-severo.html,10/02/2025 17h45,"Segundo o CGE, as áreas de chuva se formaram em função do calor e a entrada da brisa marítima; há potencial para rajadas de vento e transbordamentos"
Chuva forte à vista? Confira a previsão para o fim de semana em SP,https://jovempan.com.br/noticias/brasil/chuva-forte-a-vista-confira-a-previsao-para-o-fim-de-semana-em-sp.html,08/02/2025 09h55,"De acordo com o Centro de Gerenciamento de Emergências da Prefeitura, capital paulista terá clima abafado com possibilidade de pancadas de chuva rápidas e isoladas no período da tarde"
Identificada mais uma vítima da tragédia de Brumadinho; total chega a 268,https://jovempan.com.br/noticias/brasil/identificada-mais-uma-vitima-da-tragedia-de-brumadinho-total-chega-a-268.html,07/02/2025 22h06,"Restos mortais pertencem a Maria de Lurdes da Costa Bueno, uma corretora de imóveis que estava na região a turismo"
"‘Tivemos a preocupação de que a tragédia não se escalasse’, diz Corpo de Bombeiros sobre queda do avião em SP",https://jovempan.com.br/noticias/brasil/tivemos-a-preocupacao-de-que-a-tragedia-nao-se-escalasse-diz-corpo-de-bombeiros-sobre-queda-do-aviao-em-sp.html,07/02/2025 11h38,"De acordo com o capitão Maycon Cristo, equipe chegou ao local em poucos minutos para extinguir as chamas e previnir que o fogo atingisse outros veículos e residências; investigações serão conduzidas pelo Cenipa"
São Paulo terá pancadas de chuva nesta sexta,https://jovempan.com.br/programas/jornal-da-manha/sao-paulo-tera-pancadas-de-chuva-nesta-sexta.html,07/02/2025 09h14,"Capital paulista contará com um dia quente e abafado, com temperaturas máximas em torno de 33ºC"
Chuva faz SP entrar em estado de atenção para alagamentos; Defesa Civil emite ‘alerta severo’,https://jovempan.com.br/noticias/brasil/chuva-faz-sp-entrar-em-estado-de-atencao-para-alagamentos-defesa-civil-emite-alerta-severo.html,06/02/2025 19h45,"De acordo com a Enel, concessionária responsável pela distribuição de energia, mais de 73 mil imóveis ficaram sem luz na área de concessão na Grande São Paulo por volta das 19h"
"Chuvas na Grande Recife geram deslizamentos de terra, causam seis mortes e mantêm região em alerta máximo",https://jovempan.com.br/noticias/brasil/chuvas-na-grande-recife-geram-deslizamentos-de-terra-causam-seis-mortes-e-mantem-regiao-em-alerta-maximo.html,06/02/2025 15h42,"Mais de 200 pessoas estão desalojadas; prefeitura decidiu suspender todos os serviços não essenciais, além de cancelar as aulas na rede municipal de ensino"
Região Sudeste terá tempo firme pela manhã e chuva à tarde nesta quinta,https://jovempan.com.br/programas/jornal-da-manha/regiao-sudeste-tera-tempo-firme-pela-manha-e-chuva-a-tarde-nesta-quinta.html,06/02/2025 09h03,"Minas Gerais, Espírito Santo e Rio de Janeiro seguirão com temperaturas altas, enquanto São Paulo contará com calor intenso e pancadas típicas de verão"
"Chuvas diminuem na capital paulista, mas Estado permanece em alerta",https://jovempan.com.br/noticias/brasil/chuvas-diminuem-na-capital-paulista-mas-estado-permanece-em-alerta.html,04/02/2025 19h41,"Aviso do CGE se estende por todas as regiões da cidade, incluindo as zonas norte, leste, oeste, sul, sudeste e o centro, além das marginais Tietê e Pinheiros"
Chuva intensa continuará em São Paulo até quarta-feira,https://jovempan.com.br/noticias/brasil/chuva-intensa-continuara-em-sao-paulo-ate-quarta-feira.html,03/02/2025 06h31,"Defesa Civil decidiu no último domingo (2) prorrogar o gabinete de crise, intensificando a vigilância no estado, especialmente na faixa leste paulista"
Idoso morre em alagamento na Vila Prudente após fortes chuvas em São Paulo,https://jovempan.com.br/noticias/brasil/idoso-morre-em-alagamento-na-vila-prudente-apos-fortes-chuvas-em-sao-paulo.html,02/02/2025 16h57,"Um idoso faleceu preso em seu carro durante alagamento em São Paulo, que enfrentou chuvas intensas e evacuou milhares."
Trem descarrila devido a deslizamento de terra e interrompe circulação entre estações da linha 7-rubi da CPTM,https://jovempan.com.br/noticias/brasil/trem-descarrila-devido-a-deslizamento-de-terra-e-interrompe-circulacao-entre-estacoes-da-linha-7-rubi-da-cptm.html,01/02/2025 16h12,Acidente afetou o transporte entre os terminais Francisco Morato e Botujuru; maquinista sofreu ferimentos leves e foi levado a uma UPA
Moradores de 3 regiões de São Paulo recebem alerta severo de chuva; Guarujá registra 3 deslizamentos,https://jovempan.com.br/noticias/brasil/moradores-de-3-regioes-de-sao-paulo-recebem-alerta-severo-de-chuva-guaruja-registra-3-deslizamentos.html,01/02/2025 07h48,"Tempestade começou concentrada no centro da capital, segundo a Defesa Civil estadual, mas se deslocou para a zona leste e a norte"
Centro-Oeste e Sudeste têm alerta para chuvas fortes nesta sexta,https://jovempan.com.br/programas/jornal-da-manha/centro-oeste-e-sudeste-tem-alerta-para-chuvas-fortes-nesta-sexta.html,31/01/2025 09h27,Período de calor intenso combinado com alta umidade também contribuirão para a ocorrência de tempestades em algumas áreas durante o final de semana
Guarujá emite alerta extremo de chuvas severas e ativa abrigos temporários,https://jovempan.com.br/noticias/brasil/guaruja-emite-alerta-extremo-de-chuvas-severas-e-ativa-abrigos-temporarios.html,30/01/2025 15h30,"Nas últimas 24 horas, cidade registrou um total de 112mm de precipitação; em resposta à situação, prefeitura ativou as sirenes de emergência"
Sudeste tem alerta para perigo extremo de tempestade nesta quinta,https://jovempan.com.br/noticias/brasil/sudeste-tem-alerta-para-perigo-extremo-de-tempestade-nesta-quinta.html,30/01/2025 10h53,Situação é especialmente crítica no Sul de Minas Gerais e no Estado de São Paulo; previsão é de chuvas que podem ultrapassar 300 milímetros
São Paulo tem alerta para chuvas fortes até o próximo domingo; diretora da Defesa Civil explica,https://jovempan.com.br/programas/jornal-da-manha/sao-paulo-tem-alerta-para-chuvas-fortes-ate-o-proximo-domingo-diretora-da-defesa-civil-explica.html,29/01/2025 08h53,"Major PM Michele César alertou que as áreas mais preocupantes incluem o Vale do Paraíba, litoral norte, região metropolitana de SP e Sorocaba"
Defesa Civil de SP prorroga alerta de chuvas e mantém gabinete de crise,https://jovempan.com.br/noticias/brasil/defesa-civil-de-sp-prorroga-alerta-de-chuvas-e-mantem-gabinete-de-crise.html,28/01/2025 21h29,Trabalhos foram estendidos até o próximo domingo (1º) em resposta ao temporal previsto para os próximos dias
São Paulo registra a terceira maior chuva desde 1961,https://jovempan.com.br/programas/jornal-da-manha/sao-paulo-registra-a-terceira-maior-chuva-desde-1961.html,27/01/2025 09h24,"Operação chuvas, iniciada em 1º de dezembro de 2024, já contabiliza 17 mortes no Estado, com três delas ocorrendo em 2025"
Chega a 16 número de mortos devido às chuvas em São Paulo,https://jovempan.com.br/noticias/brasil/chega-a-16-numero-de-mortos-devido-as-chuvas-em-sao-paulo.html,26/01/2025 21h20,Motociclista foi arrastado pela forte enxurrada provocada pelas intensas chuvas que atingiram Guarulhos
São Paulo tem novo alerta para chuva forte e monta gabinete de crise,https://jovempan.com.br/noticias/brasil/sao-paulo-tem-novo-alerta-para-chuva-forte-e-monta-gabinete-de-crise.html,26/01/2025 13h50,"Chegada de uma frente fria ao litoral de São Paulo neste domingo (26) deve reforçar os temporais, principalmente a partir da tarde; veja previsão para os próximos dias"
Chuva que caiu em SP é a 3ª maior em 64 anos e foi quase a metade do esperado para janeiro,https://jovempan.com.br/noticias/brasil/chuva-que-caiu-em-sp-e-a-3a-maior-em-64-anos-e-foi-quase-a-metade-do-esperado-para-janeiro.html,25/01/2025 08h16,"De acordo com a Defesa Civil, que emitiu um alerta para todos os paulistanos, foram 125mm de precipitação, enquanto a média para o mês é de 288mm"
"Chuva em São Paulo invade Metrô, derruba teto de shopping e faz Defesa Civil emitir ‘alerta severo’",https://jovempan.com.br/noticias/brasil/chuva-em-sao-paulo-invade-metro-derruba-teto-de-shopping-e-faz-defesa-civil-emitir-alerta-severo.html,24/01/2025 16h43,"Nos próximos dias a previsão é de temporais localizados entre o final das tardes e o início da noite, ainda com sensação de tempo abafado"
Quatro pessoas são presas por venda de carne que ficou submersa nas enchentes do RS,https://jovempan.com.br/noticias/brasil/quatro-pessoas-sao-presas-por-venda-de-carne-que-ficou-submersa-nas-enchentes-do-rs.html,23/01/2025 07h00,Prisão ocorreu durante a Operação Carne Fraca pela Polícia Civil no Rio de Janeiro durante a última quarta-feira (22); Delegacia do Consumidor do Rio (Decon-RJ) cumpriu oito mandados de busca e apreensão na empresa Tem Di Tudo Salvados
Queimadas no Brasil tiveram aumento de 79% em 2024,https://jovempan.com.br/noticias/brasil/queimadas-no-brasil-tiveram-aumento-de-79-em-2024.html,22/01/2025 19h55,"Amazônia foi a área mais afetada, contabilizando 17,9 milhões de hectares, o que equivale a 58% do total"
Chuvas intensas deixam 22 cidades de Mato Grosso em estado de emergência,https://jovempan.com.br/noticias/brasil/chuvas-intensas-deixam-22-cidades-de-mato-grosso-em-estado-de-emergencia.html,21/01/2025 22h34,Danos incluem a destruição de pontes e o comprometimento de estradas e moradias
Chuvas deixam 320 pessoas desabrigadas e 995 desalojadas em Santa Catarina,https://jovempan.com.br/noticias/brasil/chuvas-deixam-320-pessoas-desabrigadas-e-995-desalojadas-em-santa-catarina.html,20/01/2025 12h59,"13 cidades, incluindo a capital Florianópolis, declararam estado de emergência em resposta aos alagamentos e deslizamentos de terra"
Inmet emite alerta de perigo para chuvas intensas em São Paulo e mais 9 Estados,https://jovempan.com.br/noticias/brasil/inmet-emite-alerta-de-perigo-para-chuvas-intensas-em-sao-paulo-e-mais-9-estados.html,18/01/2025 18h48,"Segundo o instituto, deve haver precipitação de 50 a 100 mm ao dia e ventos com intensidade entre 60 a 100 quilômetros por hora, provocando riscos de cortes de energia elétrica, queda de árvores e alagamentos"
Chuvas em Santa Catarina tiram 1.315 pessoas de casa e municípios declaram situação de emergência,https://jovempan.com.br/noticias/brasil/chuvas-em-santa-catarina-tiram-1-315-pessoas-de-casa-e-municipios-declaram-situacao-de-emergencia.html,18/01/2025 16h56,"O Corpo de Bombeiros do Estado alerta para risco de deslizamentos, principalmente na Grande Florianópolis e no litoral norte; Defesa Civil informa que o risco de danos estruturais é elevado"
Balneário Camboriú decreta situação de emergência após chuvas,https://jovempan.com.br/programas/jornal-da-manha/balneario-camboriu-decreta-situacao-de-emergencia-apos-chuvas.html,17/01/2025 09h50,"Em entrevista ao Jornal da Manhã, prefeita da cidade, Juliana Pavan, comunicou que, embora a situação esteja se normalizando, ainda há preocupações com a possibilidade de novos deslizamentos"
Fortes chuvas causam danos em Santa Catarina e 234 ocorrências são registradas,https://jovempan.com.br/noticias/brasil/fortes-chuvas-causam-danos-em-santa-catarina-e-234-ocorrencias-sao-registradas.html,17/01/2025 00h00,"Em Camboriú, uma gestante em trabalho de parto precisou ser resgatada após ficar presa em uma área alagada"
Capital tem estado de atenção para alagamentos e mais de 59 mil imóveis sem luz,https://jovempan.com.br/noticias/brasil/chuvas-deixam-sao-paulo-alagada-e-deixa-mais-de-39-mil-residencias-sem-energia.html,16/01/2025 22h46,"Defesa Civil emitiu um alerta de estado de atenção para alagamentos em todas as regiões da capital, que vigorou entre 17h04 e 19h07"
Governo do RJ anuncia R$ 8 bilhões para prevenção contra desastres causados pelas chuvas,https://jovempan.com.br/noticias/brasil/governo-do-rj-anuncia-r-8-bilhoes-para-prevencao-contra-desastres-causados-pelas-chuvas.html,16/01/2025 17h10,"Governador Cláudio Castro apresentou um plano de contingência abrangente que inclui não apenas a realização de obras, mas também o fortalecimento de maquinário e equipes"
Chega a 26 número de mortos em Minas Gerais em decorrência das chuvas,https://jovempan.com.br/noticias/brasil/chega-a-26-numero-de-mortos-em-minas-gerais-em-decorrencia-das-chuvas.html,15/01/2025 23h40,"Vítima, uma mulher idosa, foi encontrada presa a uma cerca nas margens de um córrego em Serro, no Vale do Jequitinhonha"
Estado de São Paulo deve ter chuvas intensas nesta quarta-feira,https://jovempan.com.br/programas/jornal-da-manha/previsao-do-tempo-indica-mudanca-no-clima-com-chuvas-isoladas-a-tarde.html,15/01/2025 08h16,"Capital paulista amanheceu sob forte nebulosidade, condição que se estende por todo o estado; circulação de ventos em médios níveis da atmosfera está provocando chuvas fortes em algumas áreas do Brasil"
Inmet emite alerta para chuvas intensas até quarta em diversas regiões do Brasil,https://jovempan.com.br/noticias/brasil/inmet-emite-alerta-para-chuvas-intensas-ate-quarta-em-diversas-regioes-do-brasil.html,14/01/2025 20h09,"Entre os locais afetados estão Rondônia, Mato Grosso, Mato Grosso do Sul, Goiás, além de Minas Gerais, Bahia, Sergipe, Alagoas, Paraíba, Pernambuco, Rio Grande do Norte, Ceará, Pará, Piauí, Maranhão, Tocantins e o Distrito Federal"
Chuvas deixam 56 cidades em Minas Gerais em estado de emergência a afetam mais de 60 municípios na Bahia,https://jovempan.com.br/programas/jornal-da-manha/chuvas-afetam-65-cidades-da-bahia-e-minas-gerais-entra-em-alerta.html,14/01/2025 15h57,Pelo menos 11 pessoas morreram em Ipatinga (MG); prefeitura informou montou dois abrigos para os desalojados e prometeu pagar um salário mínimo às famílias que perderam suas casas
Número de mortos sobe para 11 após deslizamentos de terra em Ipatinga (MG),https://jovempan.com.br/noticias/brasil/numero-de-mortos-sobe-para-11-apos-deslizamentos-de-terra-em-ipatinga-mg.html,13/01/2025 14h44,"Ao todo, 150 pessoas ficaram desalojadas na região, de acordo com informações da prefeitura da cidade"
Semana começa com chuva fraca pela tarde no centro-sul do Brasil,https://jovempan.com.br/noticias/brasil/semana-comeca-com-chuva-fraca-pela-tarde-no-centro-sul-do-brasil.html,13/01/2025 08h07,"Tempestades e tragédias nos estados de Sergipe e Minas Gerais são resultado das Zonas de Convergência do Atlântico Sul (ZCAS), que ainda exerce influência sobre o país, embora comece a perder força gradualmente nos próximos dias"
Prefeitura de Ipatinga anuncia auxílio para moradores afetados pelas chuvas,https://jovempan.com.br/noticias/brasil/prefeitura-de-ipatinga-anuncia-auxilio-para-moradores-afetados-pelas-chuvas.html,12/01/2025 23h22,"Benefício estará sujeito a critérios sociais ainda não detalhados; temporal na cidade mineira causou deslizamentos de terra e provocou ao menos dez mortes, incluindo duas crianças;"
"Rodovia se rompe após chuvas em Sergipe, engole carros e deixa ao menos três mortos",https://jovempan.com.br/noticias/brasil/rodovia-se-rompe-apos-chuvas-em-sergipe-engole-carros-e-deixa-ao-menos-tres-mortos.html,12/01/2025 15h59,"Dois veículos foram arrastados para o buraco que se abriu na estrada, mas o motorista de um deles consegui se salvar; o outro automóvel submergiu com duas mulheres e um homem"
Temporal em Ipatinga (MG) causa deslizamentos e deixa ao menos nove mortos,https://jovempan.com.br/noticias/brasil/temporal-em-ipatinga-mg-causa-deslizamentos-e-deixa-ao-menos-cinco-mortos.html,12/01/2025 14h15,"Além das vítimas, uma pessoa permanece desaparecida; em resposta à calamidade, prefeitura declarou estado de emergência por um período de seis meses"
Peruíbe decreta estado de emergência após fortes chuvas,https://jovempan.com.br/programas/jornal-da-manha/peruibe-decreta-estado-de-emergencia-apos-fortes-chuvas.html,10/01/2025 14h38,"De acordo com a Defesa Civil, 442 pessoas estão desalojadas, com 137 famílias sendo temporariamente abrigadas em escolas municipais"
"Inmet emite alerta laranja para chuvas intensas em São Paulo, Paraná e Rio de Janeiro",https://jovempan.com.br/noticias/brasil/inmet-emite-alerta-laranja-para-chuvas-intensas-em-sao-paulo-parana-e-rio-de-janeiro.html,10/01/2025 13h46,"Aviso destaca os riscos de alagamentos, deslizamentos de terra, transbordamentos de rios e precipitações que podem variar entre 50 e 100 mm por dia"
Chuvas fortes devem atingir Centro-Sul do Brasil nesta sexta,https://jovempan.com.br/programas/jornal-da-manha/chuvas-fortes-devem-atingir-centro-sul-do-brasil-nesta-sexta.html,10/01/2025 08h13,"Há a possibilidade de precipitações superiores a 100 mm, o que gera preocupações para locais que já enfrentam altos volumes de chuva, como Minas Gerais e Espírito Santo"
"Com 300 pessoas desabrigadas, Peruíbe tem previsão de chuvas moderadas nos próximos dias",https://jovempan.com.br/noticias/brasil/com-300-pessoas-desabrigadas-peruibe-tem-previsao-de-chuvas-moderadas-nos-proximos-dias.html,09/01/2025 21h42,"Autoridades estão encaminhando os desabrigados para um abrigo emergencial, onde poderão receber assistência"
Fortes chuvas no litoral paulista deixam mais de 200 desabrigados em Peruíbe,https://jovempan.com.br/noticias/brasil/fortes-chuvas-no-litoral-paulista-deixam-mais-de-200-desabrigados-em-peruibe.html,09/01/2025 13h01,"Total acumulado desde quarta-feira foi de 244 mm; tempestades também causaram estragos em Ubatuba, na parte norte da costa paulista"
Sudeste e Centro-Oeste devem ter chuvas fortes nesta quinta-feira,https://jovempan.com.br/noticias/brasil/previsao-do-tempo-alerta-possibilidade-de-tempestades-no-centro-sul-nesta-quinta.html,09/01/2025 09h11,"Apesar das temperaturas altas, tempestades afetam diversas regiões do país pela tarde, um padrão climático comum durante o verão"
Sudeste terá pancadas de chuva no fim da tarde desta quarta,https://jovempan.com.br/noticias/brasil/sudeste-tera-pancadas-de-chuva-no-fim-da-tarde-desta-quarta.html,08/01/2025 08h16,"Com temperaturas altas durante o dia, precipitações volta pelo fim da tarde em grande parte da região; meteorologia alerta para a necessidade de atenção redobrada devido às condições climáticas, que embora típicas do verão, podem causar transtornos significativos"
Teto de supermercado em São Caetano desaba durante a chuva,https://jovempan.com.br/noticias/brasil/teto-de-supermercado-em-sao-caetano-desaba-durante-a-chuva.html,07/01/2025 19h44,"Estrutura colapsou sobre alguns veículos e não houve registro de feridos; Defesa Civil da região reportou ventos que chegaram a atingir 65 km/h, além de receber chamadas relacionadas a quedas de árvores"
Inmet alerta para chuvas intensas no Centro-Oeste e Sudeste do Brasil,https://jovempan.com.br/noticias/brasil/inmet-alerta-para-chuvas-intensas-no-centro-oeste-e-sudeste-do-brasil.html,07/01/2025 19h05,"De acordo com o instituto, regiões devem receber mais de 80 milímetros, enquanto no Sul e na parte leste do Nordeste as precipitações devem ser inferiores a 20"
Previsão do tempo alerta chances de chuva no Centro-Oeste e Sudeste nesta terça,https://jovempan.com.br/programas/jornal-da-manha/previsao-do-tempo-alerta-chances-de-chuva-no-centro-oeste-e-sudeste-nesta-terca.html,07/01/2025 08h29,"Com temperatura máxima de 28ºC em São Paulo, clima abafado e com precipitações deve persistir nas próximas semanas de verão"
Defesa Civil alerta para chuvas intensas e ventos fortes em São Paulo,https://jovempan.com.br/noticias/brasil/defesa-civil-alerta-para-chuvas-intensas-e-ventos-fortes-em-sao-paulo.html,04/01/2025 10h30,"Preocupação com deslizamentos de terra é crescente, especialmente em áreas vulneráveis como a Grande São Paulo, Vale do Paraíba e litoral"
"Chuva de meteoros, eclipse e superlua: saiba quando vão acontecer os eventos astronômicos de 2025",https://jovempan.com.br/noticias/brasil/chuva-de-meteoros-eclipse-e-superlua-saiba-quando-vao-acontecer-os-eventos-astronomicos-de-2025.html,01/01/2025 21h50,"Entre esses fenômenos, a chuva de meteoros Quadrântidas se destaca como a primeira grande exibição do ano, que acontecerá entre os dias 3 e 4 de janeiro"
"Cavalo Caramelo, símbolo das enchentes do RS, protagoniza chamada da série ‘Yellowstone’",https://jovempan.com.br/noticias/brasil/cavalo-caramelo-simbolo-das-enchentes-do-rs-protagoniza-chamada-da-serie-yellowstone.html,30/12/2024 19h32,"A campanha, que visa promover as novas temporadas da produção sobre a família Dutton em Montana, destaca que ‘o cavalo que viveu uma vida de desafios tem espírito Yellowstoner em sua alma’; assista ao vídeo"
São Paulo tem previsão de chuva forte com vento e granizo,https://jovempan.com.br/noticias/brasil/sao-paulo-tem-previsao-de-chuva-forte-vento-e-granizo.html,30/12/2024 17h42,"A tempestade atingiu a zona leste da capital, alcançando municípios da região metropolitana, como Caieiras, Franco da Rocha, Francisco Morato e Guarulhos; em Barueri, teto de um mercado desabou com a tempestade"
Teto de supermercado desaba em Barueri após forte chuva com granizo,https://jovempan.com.br/noticias/brasil/teto-de-mercado-desaba-em-barueri-apos-chuva-forte-com-granizo.html,30/12/2024 16h49,"Ao menos duas pessoas ficaram feridas no incidente da tarde desta segunda-feira (30); as vítimas foram encontradas fora dos escombros, e o Corpo de Bombeiros foi acionado às 14h30"
Há 92% de chance de chuva na véspera de ano-novo em SP,https://jovempan.com.br/noticias/brasil/ha-92-de-chance-de-chuva-na-vespera-de-ano-novo-em-sp.html,29/12/2024 07h40,"De acordo com previsão do Climatempo, sistema meteorológico será marcado por alta nebulosidade nos próximos dias; são esperados acumulados de precipitações superiores a 100 milímetros, podendo chegar a até 150 em algumas regiões"
Deslizamento de terra em Taubaté deixa três mortos,https://jovempan.com.br/noticias/brasil/deslizamento-de-terra-em-taubate-deixa-tres-mortos.html,28/12/2024 13h10,"Operações de busca e resgate se estenderam por mais de sete horas, mobilizando nove viaturas do Corpo de Bombeiros e outras equipes de emergência"
Estado do Rio de Janeiro pode ter chuva de 400 milímetros e deslizamentos de terra no final do ano e começo de 2025,https://jovempan.com.br/noticias/brasil/estado-do-rio-de-janeiro-pode-ter-chuva-de-400-milimetros-e-deslizamentos-de-terra-no-final-do-ano-e-comeco-de-2025.html,28/12/2024 10h49,"Previsões meteorológicas indicam que as chuvas mais intensas devem ocorrer neste fim de semana, com continuidade prevista para a segunda-feira"
São Paulo tem previsão de chuva para último final de semana do ano,https://jovempan.com.br/noticias/brasil/sao-paulo-tem-previsao-de-chuva-para-ultimo-final-de-semana-do-ano.html,28/12/2024 10h23,Clima instável é resultado do fluxo de ar quente e úmido que se desloca pelo Brasil
Defesa Civil de Minas Gerais confirma oito mortes por causa das chuvas,https://jovempan.com.br/noticias/brasil/defesa-civil-de-minas-gerais-confirma-oito-mortes-por-causa-das-chuvas.html,27/12/2024 23h22,"Vítimas mais recentes são um casal que desapareceu durante as chuvas na cidade de Raul Soares, localizada na Zona da Mata"
"Após alagamentos e transtornos, São Paulo tem alerta de chuva forte nesta quinta-feira e na sexta",https://jovempan.com.br/noticias/brasil/apos-alagamentos-e-transtornos-sao-paulo-tem-alerta-de-chuva-forte-nesta-quinta-feira-e-na-sexta.html,26/12/2024 10h41,"Segundo o Centro de Gerenciamento de Emergências, da Prefeitura, a chegada de uma frente fria ao Estado, associada ao canal de umidade da região centro-norte do País, vai provocar volumes expressivos de precipitação"
Defesa Civil de SP emite primeiro alerta sonoro sobre chuvas intensas em Campinas,https://jovempan.com.br/noticias/brasil/defesa-civil-de-sp-emite-primeiro-alerta-sonoro-sobre-chuvas-intensas-em-campinas.html,26/12/2024 09h54,"Em comunicado, o órgão comentou que a medida representa um ‘marco histórico’ para a força"
CGE alerta para chuvas fortes em São Paulo durante o dia de Natal,https://jovempan.com.br/noticias/brasil/cge-alerta-para-chuvas-fortes-em-sao-paulo-durante-o-dia-de-natal.html,25/12/2024 07h11,"Tempestades devem persistir ao longo da última semana de dezembro, em decorrência da formação da primeira Zona de Convergência do Atlântico Sul  deste verão"
Dnit revisará inspeções de pontes federais após tragédia no Rio Tocantins,https://jovempan.com.br/noticias/brasil/dnit-revisara-inspecoes-de-pontes-federais-apos-tragedia-no-rio-tocantins.html,24/12/2024 16h04,"Uma das principais mudanças será a diminuição do intervalo entre as verificações, que atualmente ocorrem a cada um ano e meio"
Grande São Paulo tem ao menos 60 mil imóveis sem energia após chuvas intensas,https://jovempan.com.br/noticias/brasil/grande-sao-paulo-tem-55-mil-imoveis-sem-energia-apos-chuvas-intensas.html,22/12/2024 10h24,"Ribeirão Pires é a localidade mais atingida, contabilizando 2.503 interrupções no fornecimento.; condições climáticas severas, que incluíram ventos fortes, resultaram na queda de árvores e galhos"
Acidente em Minas Gerais é a maior tragédia em rodovias federais desde 2007,https://jovempan.com.br/noticias/brasil/acidente-em-minas-gerais-e-a-maior-tragedia-em-rodovias-federais-desde-2007.html,21/12/2024 15h41,"Ônibus da empresa ENTRAM perdeu o controle após um pneu estourar neste sábado (21); veículo colidiu com carreta carregada de pedras e saiu da pista, pegando fogo"
Grande São Paulo ainda tem 320 mil residências sem luz em decorrência das chuvas,https://jovempan.com.br/noticias/brasil/grande-sao-paulo-ainda-tem-320-mil-residencias-sem-luz-em-decorrencia-das-chuvas.html,21/12/2024 10h42,"Enel, responsável pela distribuição de energia, relatou que 3,8% de seus clientes estão sem luz, enquanto 340 mil já tiveram o fornecimento restabelecido"
Rio de Janeiro tem chuvas intensas e ventos fortes nesta sexta-feira (20),https://jovempan.com.br/noticias/brasil/rio-de-janeiro-tem-chuvas-intensas-e-ventos-fortes-nesta-sexta-feira-20.html,20/12/2024 20h24,"Sistema de monitoramento Alerta Rio emitiu avisos sobre a possibilidade de chuvas que variam de moderadas a fortes, além de relâmpagos e rajadas de vento"
"Chuva em São Paulo derruba árvores, causa engarrafamento e deixa 666 mil pessoas sem luz",https://jovempan.com.br/noticias/brasil/chuva-em-sao-paulo-derruba-arvores-causa-engarrafamento-e-deixa-quase-425-mil-pessoas-sem-luz.html,20/12/2024 18h08,Número de pessoas afetadas pela falta de energia sobe para 625 mil considerando toda a Região Metropolitana; Enel diz que plano de operação foi acionado antecipadamente
Árvore de Natal flutuante cai em Maricá e mata um funcionário durante tempestade,https://jovempan.com.br/programas/jornal-da-manha/arvore-de-natal-flutuante-cai-em-marica-e-mata-um-funcionario-durante-tempestade.html,17/12/2024 13h51,Outras duas pessoas ficaram feridas após queda da estrutura de 56 metros; Defesa Civil havia emitido alertado sobre chuvas fortes no local
Brasil bate recorde de áreas queimadas em 2024,https://jovempan.com.br/noticias/brasil/brasil-bate-recorde-de-areas-queimadas-em-2024.html,16/12/2024 12h54,"Total de 29,7 milhões de hectares queimados representa um crescimento de 90% em relação a 2023; Amazônia foi a mais afetada, com 16,9 milhões de hectares"
Rio Grande do Sul tem alerta para ciclone subtropical,https://jovempan.com.br/noticias/brasil/rio-grande-do-sul-tem-alerta-para-ciclone-subtropical.html,15/12/2024 09h19,"De acordo com Instituto Nacional de Meteorologia (Inmet), a região do litoral e interior do sul gaúcho tem previsão de tempestades neste domingo; temporais podem apresentar um volume maior que 100 mm/dia, e com ventos superiores a 100 km/h"
Chuvas dominam maior parte do Brasil nesta sexta,https://jovempan.com.br/programas/jornal-da-manha/chuvas-dominam-maior-parte-do-brasil-nesta-sexta.html,13/12/2024 08h45,Primavera continua a trazer temperaturas elevadas e precipitações mais intensas durante a tarde
Chuvas no Paraná causam deslizamentos e bloqueio de estradas,https://jovempan.com.br/programas/jornal-da-manha/chuvas-no-parana-causam-deslizamentos-e-bloqueio-de-estradas.html,11/12/2024 13h51,"De acordo com último boletim da Defesa Civil do Paraná, 40 cidades foram atingidas pelos temporais e cerca de 45.000 pessoas foram diretamente afetadas pelas condições climáticas"
"Cavalo Caramelo, símbolo das enchentes do RS, é adotado por universidade",https://jovempan.com.br/noticias/brasil/cavalo-caramelo-simbolo-das-enchentes-do-rs-e-adotado-por-universidade.html,10/12/2024 18h20,O animal havia sido resgatado em maio deste ano após ser encontrado em um telhado na cidade de Canoas e recebeu tratamento intensivo no Hospital Veterinário da Ulbra
Chuvas e frente fria se aproximam da região Sudeste,https://jovempan.com.br/programas/jornal-da-manha/chuvas-e-frente-fria-se-aproximam-da-regiao-sudeste.html,10/12/2024 09h04,"A região metropolitana de São Paulo deve permanecer em alerta para precipitações ao longo do dia; máxima não ultrapassa os 25ºC, o que mostra uma queda da temperatura em relação aos dias anteriores"
Chuvas fortes no Paraná causam estragos e aumentam vazão das Cataratas do Iguaçu,https://jovempan.com.br/noticias/brasil/chuvas-fortes-no-parana-causam-estragos-e-aumentam-vazao-das-cataratas-do-iguacu.html,09/12/2024 23h35,"Cataratas do Iguaçu, um dos principais pontos turísticos da região, apresentaram uma vazão impressionante, atingindo 7,84 milhões de litros de água por segundo, um volume cinco vezes superior ao habitual"
Semana inicia quente no Centro-Sul com alerta de chuvas no Paraná,https://jovempan.com.br/noticias/brasil/semana-inicia-quente-no-centro-sul-com-alerta-de-chuvas-no-parana.html,09/12/2024 07h58,"São Paulo continua com o clima abafado do fim de semana, mas há previsão de chuvas generalizadas na cidade com temperaturas chegando aos 30ºC"
"Chuvas em Santa Catarina causam alagamentos, adiam vestibular e obrigam moradores a deixar suas casas",https://jovempan.com.br/noticias/brasil/chuva-em-santa-catarina-causa-alagamentos-adia-vestibular-e-faz-moradores-deixarem-casas.html,07/12/2024 18h15,"Áreas mais atingidas foram o extremo oeste, o litoral norte, o planalto norte e o Vale do Itajaí; Defesa Civil orienta a população a evitar áreas propensas a alagamentos e encostas instáveis"
Temporal causa alagamentos e deixa um morto em São Paulo,https://jovempan.com.br/programas/jornal-da-manha/temporal-causa-alagamentos-e-deixa-um-morto-em-sao-paulo.html,06/12/2024 09h30,Vídeo que circula nas redes sociais capturou o momento em que homem é arrastado pela correnteza
Sul do Brasil entra em alerta para chuvas intensas nesta sexta,https://jovempan.com.br/noticias/brasil/sul-do-brasil-entra-em-alerta-para-chuvas-intensas-nesta-sexta.html,06/12/2024 08h52,"Atuação de vários sistemas meteorológicos, incluindo uma frente fria, um sistema de baixa pressão e ventos quentes vindos do Norte contribuem para a previsão de fortes precipitações"
Praia de Copacabana enfrenta nova contaminação por esgoto após chuvas intensas,https://jovempan.com.br/noticias/brasil/praia-de-copacabana-enfrenta-nova-contaminacao-por-esgoto-apos-chuvas-intensas.html,04/12/2024 19h17,"Frequentadores do local têm notado que a água poluída se espalha sempre que há precipitações, acompanhada de um odor desagradável"
Sudeste deve ter chuvas intensas nesta quarta-feira,https://jovempan.com.br/noticias/brasil/sudeste-deve-ter-chuvas-intensas-nesta-quarta-feira.html,04/12/2024 11h40,Possíveis precipitações são causadas por uma frente fria estacionada que está associada a um ciclone extratropical
Cidade de São Paulo deve ter chuvas intensas até terça-feira,https://jovempan.com.br/noticias/brasil/cidade-de-sao-paulo-deve-ter-chuvas-intensas-ate-terca-feira.html,02/12/2024 17h13,"CGE emitiu alerta de atenção para a capital paulista; de acordo com as previsões meteorológicas, a instabilidade climática deve começar a diminuir na quarta-feira (4)"
Inmet alerta para chuvas intensas em diversos Estados para os próximos dias,https://jovempan.com.br/noticias/brasil/inmet-alerta-para-chuvas-intensas-em-diversos-estados-para-os-proximos-dias.html,01/12/2024 08h52,"Instituto emitiu alerta laranja sinalizando precipitações que podem alcançar até 100 mm por dia, acompanhadas de ventos fortes que podem chegar a 100 km/h"
Salvador enfrenta crise com 606 incidentes em 72 horas de chuvas intensas,https://jovempan.com.br/noticias/brasil/salvador-enfrenta-crise-com-606-incidentes-em-72-horas-de-chuvas-intensas.html,29/11/2024 16h41,"Entre os eventos registrados, destacam-se 321 deslizamentos de terra, 141 situações de risco de deslizamento e 144 ameaças de desabamento"
Mais de 27 mil pessoas ficam sem energia elétrica após tempestade em São Paulo,https://jovempan.com.br/programas/jornal-da-manha/mais-de-27-mil-pessoas-ficam-sem-energia-eletrica-apos-tempestades-em-sao-paulo.html,29/11/2024 07h50,"De acordo com a Enel, áreas mais atingidas foram a zona sul e oeste da capital paulista"
"Chuva faz dia ‘virar’ noite em São Paulo, causa pontos de alagamento e deixa mais de 100 mil imóveis sem luz",https://jovempan.com.br/noticias/brasil/chuva-faz-dia-virar-noite-em-sao-paulo-causa-pontos-de-alagamentos-e-deixa-mais-de-100-mil-imoveis-sem-luz.html,28/11/2024 18h32,"Após dia de calor intenso, com temperaturas que chegaram a 35°C, temporal atingiu capital paulista e causou transtornos em diversos pontos da cidade"
Deslizamentos em Salvador deixam ao menos um morto; bombeiros tentam resgatar soterrados,https://jovempan.com.br/noticias/brasil/bombeiros-tentam-resgatar-soterrados-em-deslizamento-de-terra-em-salvador.html,27/11/2024 16h45,"Até o momento, uma criança foi retirada com vida, mas a situação é crítica, pois uma pessoa faleceu e duas ainda permanecem sob os escombros"
Influenciadora morre em Uberlândia após ser arrastada pela enchente,https://jovempan.com.br/noticias/brasil/influenciadora-morre-em-uberlandia-apos-ser-arrastada-pela-enchente.html,24/11/2024 18h11,"Jeniffer Soares Martins, de 28 anos, foi arrastada pela força das águas após sair de um veículo, ao lado de seu marido, em busca de abrigo"
Aeroporto de Congonhas retoma operações após 112 voos cancelados devido às fortes chuvas,https://jovempan.com.br/noticias/brasil/aeroporto-de-congonhas-retoma-operacoes-apos-112-voos-cancelados-devido-as-fortes-chuvas.html,09/11/2024 11h55,"Neste sábado, cenário é de normalidade, em contraste com o caos da última quinta (7) e sexta-feira (8), quando passageiros enfrentaram longas filas e pernoitaram no saguão"
Ciclone bomba se forma no Oceano Atlântico e pode atingir o Sul do Brasil na próxima semana,https://jovempan.com.br/noticias/brasil/ciclone-bomba-se-forma-no-oceano-atlantico-e-pode-atingir-o-sul-do-brasil-na-proxima-semana.html,08/11/2024 14h45,"Fenômeno meteorológico é esperado para trazer chuvas fortes e ventos intensos, especialmente na terça-feira (12)"
Inmet emite alerta de perigo para chuvas intensas em São Paulo,https://jovempan.com.br/programas/jornal-da-manha/inmet-emite-alerta-de-perigo-para-chuvas-intensas-em-sao-paulo.html,08/11/2024 09h07,"Desde quinta-feira (7), região tem enfrentado condições climáticas adversas causadas pela passagem de uma frente fria"
São Paulo entra em estado de atenção para alagamentos devido à chuva,https://jovempan.com.br/noticias/brasil/sao-paulo-entra-em-estado-de-atencao-para-alagamentos-devido-a-chuva.html,06/11/2024 17h19,"Houve o transbordamento dos córregos Itaim, na Avenida Marechal Tito, e do Lajeado, na Rua Manuel B. de Lima; Defesa Civil também emitiu alertas para ventos fortes e raios na zona norte"
Governo federal declara emergência em 14 municípios do Nordeste por seca,https://jovempan.com.br/noticias/brasil/governo-federal-declara-emergencia-em-14-municipios-do-nordeste-por-seca.html,04/11/2024 14h44,"Entre os anos de 2000 e 2023, a estiagem e a seca resultaram em prejuízos que ultrapassam R$ 391 bilhões no Brasil, afetando cerca de 110 milhões de pessoas"
São Paulo ainda tem mais de 12 mil pessoas sem energia após chuvas intensas,https://jovempan.com.br/noticias/brasil/sao-paulo-ainda-tem-mais-12-mil-pessoas-sem-energia-apos-chuvas-intensas.html,03/11/2024 12h31,CGE emitiu um alerta sobre o aumento do risco de alagamentos e deslizamentos de terra; Corpo de Bombeiros registrou 21 ocorrências relacionadas a quedas de árvores
Chuvas deixam mais de 14 mil imóveis sem energia na Grande São Paulo,https://jovempan.com.br/noticias/brasil/chuvas-deixam-mais-de-14-mil-imoveis-sem-energia-na-grande-sao-paulo.html,03/11/2024 08h42,"A situação preocupa principalmente estudantes que dependem de energia para se preparar para o ENEM, programado para começar às 13h30 deste domingo (3)"
Inmet emite alerta amarelo para chuvas intensas no Brasil,https://jovempan.com.br/noticias/brasil/inmet-emite-alerta-amarelo-para-chuvas-intensas-no-brasil.html,02/11/2024 10h23,"De acordo com o instituto, as precipitações podem chegar a 50 mm/dia e os ventos podem atingir velocidade de até 60 km/h"
Defesa Civil de São Paulo alerta para chuvas e granizo em diversas cidades,https://jovempan.com.br/noticias/brasil/defesa-civil-de-sao-paulo-alerta-para-chuvas-e-granizo-em-diversas-cidades.html,01/11/2024 19h14,"Municípios como Bauru, São José dos Campos e São José do Rio Preto estão entre os locais que podem ser impactados"
São Paulo lança plataforma para prevenir desastres naturais,https://jovempan.com.br/programas/jornal-da-manha/sao-paulo-lanca-plataforma-para-prevenir-desastres-naturais.html,01/11/2024 08h57,"De acordo com uma pesquisa da CNM, 55% das cidades do Estado não estão preparadas para eventos extremos, e quase 10% desconhecem previsões que podem afetar suas regiões"
Primeira quinzena de novembro deve ter chuva forte por quase todo Brasil,https://jovempan.com.br/programas/jornal-da-manha/primeira-quinzena-de-novembro-deve-ter-chuva-forte-por-quase-todo-brasil.html,30/10/2024 09h13,"Precipitações estão concentradas principalmente nas regiões Sudeste, Centro-Oeste e Norte"
Capitais de Estados do Sudeste ultrapassam média de chuva para outubro,https://jovempan.com.br/programas/jornal-da-manha/capitais-de-estados-do-sudeste-ultrapassam-media-de-chuva-para-outubro.html,29/10/2024 08h50,"Em São Paulo, a média de 127 mm foi superada com um registro de 174 mm; já Belo Horizonte impressiona com 325 mm, muito acima do esperado, de 110 mm"
Número de mortes pela chuva no interior de São Paulo sobe para seis,https://jovempan.com.br/noticias/brasil/numero-de-mortes-pela-chuva-no-interior-de-sao-paulo-sobe-para-seis.html,28/10/2024 09h48,"O temporal no interior ainda deixou vítimas nas cidades de Campinas, Itapira, Itapeva, Itu e Jundiaí; há ainda uma pessoa desaparecida em Jandira"
"Temporal provoca alagamento, queda de árvores e falta de luz em Belo Horizonte",https://jovempan.com.br/noticias/brasil/temporal-provoca-alagamento-queda-de-arvores-e-falta-de-luz-em-belo-horizonte.html,27/10/2024 16h02,"Segundo a Defesa Civil, em duas horas, choveu mais que o esperado para o mês inteiro em algumas regiões; a Cemig disse que está atuando com um reforço de equipes para normalizar a situação"
Lula assina novo acordo de R$ 170 bilhões para tragédia de Mariana,https://jovempan.com.br/noticias/brasil/lula-assina-novo-acordo-de-r-170-bilhoes-para-tragedia-de-mariana.html,25/10/2024 13h39,"Após um longo período de negociações que durou dois anos, ficou definido que R$ 100 bilhões serão alocados para novos pagamentos ao longo de 20 anos"
CGE emite alerta para temporal e risco de alagamentos em São Paulo,https://jovempan.com.br/noticias/brasil/cge-emite-alerta-para-temporal-e-risco-de-alagamentos-em-sao-paulo.html,25/10/2024 07h54,"Segundo o órgão, novas instabilidades associadas a passagem de uma frente fria, devem provocar chuvas fortes na capital durante as próximas horas"
São Paulo entra em estado de atenção para alagamentos após chuva forte,https://jovempan.com.br/noticias/brasil/sao-paulo-entra-em-estado-de-atencao-para-alagamentos-apos-chuva-forte.html,24/10/2024 21h27,"De acordo com o CGE, o tempo deve seguir instável ao longo da noite, com possíveis rajadas de vento e descargas elétricas; 36 mil clientes estavam sem energia na capital paulista por volta das 21h"
"São Paulo tem risco de desabamentos e alagamentos até sexta-feira, segundo Defesa Civil",https://jovempan.com.br/programas/jornal-da-manha/sao-paulo-tem-risco-de-desabamentos-e-alagamentos-ate-sexta-feira-segundo-defesa-civil.html,24/10/2024 09h29,"Efeitos da tempestade desta quarta-feira (23) já são visíveis, com cerca de 36 mil imóveis sem energia em 24 municípios atendidos pela Enel; capital paulista foi a mais afetada, com 26.418 pontos sem eletricidade"
"Grande São Paulo volta a registrar fortes chuvas, quedas de árvores e mais de 71 mil imóveis estão sem energia",https://jovempan.com.br/noticias/brasil/sao-paulo-volta-a-registrar-fortes-chuvas-quedas-de-arvores-e-mais-de-71-mil-casas-estao-sem-energia.html,23/10/2024 18h45,"Moradores e comerciantes da capital e região metropolitana temem por um novo apagão, semelhante ao provocado pelo forte temporal do dia 11 de outubro"
Chuva atinge grande parte do Brasil nesta semana,https://jovempan.com.br/programas/jornal-da-manha/chuva-atinge-grande-parte-do-brasil-nesta-semana.html,22/10/2024 08h51,"Chegada de frente fria ao sul do país, prevista para a noite desta terça-feira (22), deve se transformar em um ciclone extratropical ao longo da semana"
Julgamento da tragédia de Mariana no Reino Unido entra no segundo dia,https://jovempan.com.br/programas/jornal-da-manha/julgamento-da-tragedia-de-mariana-no-reino-unido-entra-no-segundo-dia.html,22/10/2024 07h50,"Atingidos buscam indenizações de até R$ 267 bilhões; tragédia, ocorrida em novembro de 2015, resultou na morte de 19 pessoas e causou danos ambientais"
Alerta de chuvas intensas no Rio de Janeiro deixa seis cidades em ‘perigo potencial’,https://jovempan.com.br/noticias/brasil/alerta-de-chuvas-intensas-no-rio-de-janeiro-deixam-seis-cidades-em-perigo-potencial.html,21/10/2024 19h01,"Municípios afetados incluem Angra dos Reis, Itaguaí, Mangaratiba, Paraty, Resende e Rio Claro"
Sudeste tem alerta para chuva nesta segunda,https://jovempan.com.br/programas/jornal-da-manha/sudeste-tem-alerta-para-chuva-nesta-segunda.html,21/10/2024 09h12,"No sul do país, Paraná, Santa Catarina e Rio Grande do Sul, que receberam chuvas volumosas recentemente, devem ter uma diminuição na precipitação, com tempo mais firme"
Tempo em São Paulo se estabiliza com sol e chuvas isoladas até o fim de semana,https://jovempan.com.br/noticias/brasil/tempo-em-sao-paulo-se-estabiliza-com-sol-e-chuvas-isoladas-ate-o-fim-de-semana.html,21/10/2024 06h15,"Semana ficará marcada por precipitações esparsas e sol entre nuvens, com temperatura máxima de 32°C e mínima de 15°C"
"Chuvas voltam a afetar fornecimento de energia, e mais de 80 mil clientes ficam sem luz em SP",https://jovempan.com.br/noticias/brasil/chuvas-voltam-a-afetar-fornecimento-de-energia-e-76-mil-clientes-ficam-sem-luz-em-sp.html,19/10/2024 14h26,"Os pedidos seguem o apagão que atingiu a cidade após o temporal de sexta-feira (11), quando mais de 3 milhões de imóveis ficaram sem luz"
Vale anuncia acordo de R$ 170 bilhões para reparação do desastre de Mariana,https://jovempan.com.br/noticias/brasil/vale-anuncia-acordo-de-r-170-bilhoes-para-reparacao-do-desastre-de-mariana.html,18/10/2024 20h42,"Montante foi calculado para cobrir tanto as obrigações já existentes quanto as futuras, visando atender as comunidades, indivíduos e o meio ambiente que sofreram com o desastre"
Polícia Federal investiga fraudes em verbas de auxílio a vítimas das chuvas no Rio Grande do Sul,https://jovempan.com.br/noticias/brasil/policia-federal-investiga-fraudes-em-verbas-de-auxilio-a-vitimas-das-chuvas-no-rio-grande-do-sul.html,18/10/2024 20h10,"Irregularidades foram realizadas através do aplicativo ‘Caixa Tem’, que é utilizado pela Caixa Econômica para a gestão de pagamentos de serviços sociais"
"Ministro de Minas e Energia pede mobilização da Prefeitura, Aneel e Enel contra chuvas em SP",https://jovempan.com.br/noticias/brasil/ministro-de-minas-e-energia-pede-mobilizacao-da-prefeitura-aneel-e-enel-contra-chuvas-em-sp.html,18/10/2024 16h32,"Após alertas climáticos, Alexandre Silveira solicitou que as equipes atuem de forma conjunta para conter os efeitos do temporal previsto para ocorrer entre esta sexta-feira (18) e domingo (20)"
Coordenador da Defesa Civil traz alertas para chuva e ventos fortes em São Paulo,https://jovempan.com.br/programas/jornal-da-manha/coordenador-da-defesa-civil-traz-alertas-para-chuva-e-ventos-fortes-em-sao-paulo.html,18/10/2024 15h04,"Em entrevista para a Jovem Pan, o coronel Henguel Ricardo Pereira diz que foi criado gabinetes de crise no Palácio dos Bandeirantes, Enel e Smart Sampa para garantir uma resposta ágil"
Enel São Paulo diz que restabeleceu energia após chuvas e cumpriu decisão judicial,https://jovempan.com.br/noticias/brasil/enel-sao-paulo-diz-que-restabeleceu-energia-apos-chuvas-e-cumpriu-decisao-judicial.html,18/10/2024 13h42,"Medida determinava a normalização do serviço em um prazo de 24 horas, sob a ameaça de uma multa de R$ 100 mil por hora em caso de descumprimento"
Defesa Civil solicita que empresas de energia se preparem para tempestade em São Paulo,https://jovempan.com.br/noticias/brasil/defesa-civil-solicita-que-empresas-de-energia-se-preparem-para-tempestade-em-sao-paulo.html,17/10/2024 12h59,Novo alerta para a possibilidade de fortes chuvas fortes com ventos é válido para o período de sexta (18) a domingo (20)
Região Sudeste terá chuva e ventos fortes a partir de sexta,https://jovempan.com.br/programas/jornal-da-manha/regiao-sudeste-tera-chuva-e-ventos-fortes-a-partir-de-sexta.html,16/10/2024 10h09,"No sábado (19), um cavado meteorológico e uma baixa pressão especial trarão tempestades e ventos fortes para a região"
Frente fria trará chuva e vento forte para região Centro-Sul até sexta,https://jovempan.com.br/programas/jornal-da-manha/frente-fria-trara-chuva-e-vento-forte-para-regiao-centro-sul-ate-sexta.html,15/10/2024 11h36,"Combinação do ar quente da Amazônia com o frio pode resultar em tempestades, especialmente no Sudeste"
Previsão de chuva volta a rondar São Paulo e maior parte do Brasil,https://jovempan.com.br/noticias/brasil/previsao-de-chuva-volta-a-rondar-sao-paulo-e-maior-parte-do-brasil.html,14/10/2024 06h04,"No Nordeste, a previsão indica um aumento nas precipitações em algumas áreas, especialmente no Oeste da Bahia e no Sul do Maranhão e do Piauí"
Chuvas deixam sete mortos no Estado de São Paulo,https://jovempan.com.br/noticias/brasil/chuvas-deixam-sete-mortos-no-estado-de-sao-paulo.html,12/10/2024 18h05,"Mais de 1 milhão de pessoas ficaram sem luz; em Brasília, as chuvas foram recebidas com alívio, após um recorde de mais de 165 dias de seca"
Chuva forte no estado de São Paulo derruba muro e mata três pessoas em Bauru,https://jovempan.com.br/noticias/brasil/chuva-forte-no-estado-de-sao-paulo-derruba-muro-e-mata-tres-pessoas-em-bauru.html,11/10/2024 23h56,"Acidentes também foram registrados em Pederneiras, aonde parte de um posto de combustível em construção colapsou e rede elétrica precisou ser cortada"
Chuvas intensas atingirão 17 estados brasileiros até o fim de semana,https://jovempan.com.br/noticias/brasil/chuvas-intensas-atingirao-17-estados-brasileiros-ate-o-fim-de-semana.html,11/10/2024 07h21,"Previsão para o mês de outubro indica que as precipitações devem se intensificar em diversas áreas do Brasil, com acumulados que podem ultrapassar 200mm em algumas localidades do Sul"
Procon-SP emite alerta aos consumidores com viagem marcada para áreas afetadas pelo furacão Milton,https://jovempan.com.br/programas/jornal-da-manha/procon-sp-emite-alerta-aos-consumidores-com-viagem-marcada-para-areas-afetadas-pelo-furacao-milton.html,10/10/2024 10h03,"Orientação é que, antes de se dirigirem ao aeroporto, os passageiros entrem em contato com suas companhias aéreas para verificar a situação dos voos"
Defesa Civil alerta para chuva forte e rajada de vento em São Paulo nesta quinta,https://jovempan.com.br/programas/jornal-da-manha/defesa-civil-alerta-para-chuva-forte-e-rajada-de-vento-em-sao-paulo-nesta-quinta.html,10/10/2024 09h29,"Combinação de fatores meteorológicos, como um sistema de baixa pressão atmosférica e a umidade proveniente da Amazônia, contribui para a instabilidade climática"
Furacão Milton causa cancelamento de voos de companhias aéreas brasileiras,https://jovempan.com.br/noticias/brasil/furacao-milton-causa-cancelamento-de-voos-de-companhias-aereas-brasileiras.html,09/10/2024 17h44,"Para amenizar os transtornos, a companhia aérea anunciou a criação de voos extras para o dia 12 de outubro"
"Após queimadas, brigadistas florestais lutam por regulamentação e melhores condições de trabalho",https://jovempan.com.br/noticias/brasil/apos-queimadas-brigadistas-florestais-lutam-por-regulamentacao-e-melhores-condicoes-de-trabalho.html,08/10/2024 06h05,"Projeto de lei na Câmara dos Deputados propõe a inclusão de assistência médica, psicológica e seguro de vida para os profissionais, em resposta ao aumento da demanda gerada pela crise climática"
Região Centro-Sul terá acumulado de chuva para esta semana,https://jovempan.com.br/programas/jornal-da-manha/regiao-centro-sul-tera-acumulado-de-chuva-para-esta-semana.html,07/10/2024 10h18,"No centro-oeste, as chuvas variam entre 25 e 40 mm, afetando principalmente áreas de Mato Grosso, enquanto Brasília e Goiânia permanecem sem precipitações"
Polícia Federal prende suspeitos de incêndios e queimadas ilegais,https://jovempan.com.br/noticias/brasil/policia-federal-prende-suspeitos-de-incendios-e-queimadas-ilegais.html,02/10/2024 05h51,"Até a semana anterior, PF havia aberto 85 inquéritos, mas não havia realizado detenções; no estado do Pará, três pessoas foram detidas por participação em invasões de terras públicas"
Defesa Civil de São Paulo alerta para risco de queimadas até quarta,https://jovempan.com.br/programas/jornal-da-manha/defesa-civil-de-sao-paulo-alerta-para-risco-de-queimadas-ate-quarta.html,01/10/2024 08h36,"Para combater os incêndios, Estado conta com cerca de 15 mil agentes e 20 aeronaves"
"São Paulo reabre 69 parques, incluindo o Cantareira, após interdição por risco de queimadas",https://jovempan.com.br/noticias/brasil/sao-paulo-reabre-69-parques-incluindo-o-cantareira-apos-interdicao-por-risco-de-queimadas.html,28/09/2024 11h01,"Atividades de ecoturismo só poderão ser feitas desde que não haja risco ao visitante no dia, por isso, é importante consultar o parque antes sobre o funcionamento, caso este seja o objetivo da visita"
"Inmet alerta para tempestades e granizo em São Paulo, Minas Gerais e Rio de Janeiro",https://jovempan.com.br/noticias/brasil/inmet-alerta-para-tempestades-e-granizo-em-sao-paulo-minas-gerais-e-rio-de-janeiro.html,27/09/2024 23h15,"Embora a capital paulista não esteja sob este alerta específico, há um aviso para chuvas intensas na região"
Chuvas intensas no Rio Grande do Sul obrigam mais de 700 pessoas a deixarem suas residências,https://jovempan.com.br/noticias/brasil/chuvas-intensas-no-rio-grande-do-sul-obrigam-mais-de-700-pessoas-a-deixarem-suas-residencias.html,27/09/2024 20h50,"Número de desalojados e desabrigados aumentou drasticamente, quase triplicando em apenas 24 horas, passando de 270 para 716"
BNDES lança linha de crédito para produtores rurais atingidos por enchentes no Sul,https://jovempan.com.br/noticias/economia/bndes-lanca-linha-de-credito-para-produtores-rurais-atingidos-por-enchentes-no-sul.html,27/09/2024 06h22,"Cooperativas e cerealistas devem apresentar uma declaração que comprove a necessidade, comprometendo-se a destinar pelo menos 70% do montante para a quitação de dívidas de produtores"
Furacão Helene se intensifica para categoria 4 e atinge a Flórida,https://jovempan.com.br/noticias/brasil/furacao-helene-se-intensifica-para-categoria-4-e-atinge-a-florida.html,26/09/2024 23h42,"Furacão Helene atinge categoria 4 com ventos de 215 km/h, causando chuvas intensas e cortes de energia na Flórida."
Tempestade no Rio Grande do Sul afeta mais de 16 mil pessoas e provoca situação de emergência,https://jovempan.com.br/noticias/brasil/tempestade-no-rio-grande-do-sul-afeta-mais-de-16-mil-pessoas-e-provoca-situacao-de-emergencia.html,26/09/2024 23h01,"Defesa Civil local informou que, até o momento, 260 indivíduos foram forçados a deixar suas residências, sendo 111 desabrigados e 149 desalojados"
São Paulo registra número recorde de queimadas em 2024,https://jovempan.com.br/noticias/brasil/sao-paulo-registra-numero-recorde-de-queimadas-em-2024.html,23/09/2024 12h21,"Período mais intenso ocorreu entre os dias 22 e 24 de agosto, quando foram registrados 2.621 focos, sendo 1.886 apenas no dia 23"
"‘Se eventos como as queimadas forem recorrentes, será necessário orçamento próprio’, diz Haddad",https://jovempan.com.br/noticias/brasil/se-eventos-como-as-queimadas-forem-recorrentes-sera-necessario-orcamento-proprio-diz-haddad.html,23/09/2024 08h31,"Ministro defendeu ainda a importância de o mundo encontrar uma solução global para o problema, afirmando que ele ‘não tem fronteiras’"
Aneel alerta sobre aumento nas tarifas de energia devido à seca severa no Brasil,https://jovempan.com.br/noticias/brasil/aneel-alerta-sobre-aumento-nas-tarifas-de-energia-devido-a-seca-severa-no-brasil.html,21/09/2024 10h00,"Diretor-geral da empresa, Sandoval Feitosa, destacou que 2023 foi o ano mais quente já registrado e que 2024 pode superar esse recorde"
Distrito Federal enfrenta a pior seca dos últimos 20 Anos,https://jovempan.com.br/noticias/brasil/distrito-federal-enfrenta-a-pior-seca-dos-ultimos-20-anos.html,20/09/2024 23h55,"Inmet emitiu alertas sobre o risco elevado de incêndios florestais, uma consequência direta da seca prolongada"
Marina diz em reunião com governadores que produtores têm ‘prejuízo enorme’ com queimadas,https://jovempan.com.br/noticias/brasil/marina-diz-em-reuniao-com-governadores-que-produtores-tem-prejuizo-enorme-com-queimadas.html,20/09/2024 09h59,"Ministra apresentou dados sobre as queimadas no país, mas disse que os números ainda serão atualizados"
ONS considera volta do horário de verão no Brasil devido à seca e ao aumento do consumo de energia,https://jovempan.com.br/noticias/brasil/ons-considera-volta-do-horario-de-verao-no-brasil-devido-a-seca-e-ao-aumento-do-consumo-de-energia.html,19/09/2024 18h19,"Alexandre Silveira, ministro de Minas e Energia, ressaltou que a reimplementação do horário de verão poderia ajudar especialmente no início da noite, quando a produção de energia solar e eólica tende a cair"
Dino diz que data para fim de processo sobre queimadas depende de cumprimento das decisões do STF,https://jovempan.com.br/noticias/brasil/dino-diz-que-data-para-fim-de-processo-sobre-queimadas-depende-de-cumprimento-das-decisoes-do-stf.html,19/09/2024 12h25,O ministro afirmou que a atuação do Judiciário no tema é ‘um caminho facilitador das articulações institucionais e federativas para cumprimento da decisão do Supremo’
"Sede da COP30, Pará decreta situação de emergência por causa das queimadas",https://jovempan.com.br/noticias/brasil/sede-da-cop30-para-decreta-situacao-de-emergencia-por-causa-das-queimadas.html,18/09/2024 14h12,"Evento promovido pela Organização das Nações Unidas (ONU) será utilizado para debater justamente os incêndios e a seca, entre outros fenômenos climáticos"
Terra Indígena Karipuna de Rondônia tem cenário de incêndio e seca,https://jovempan.com.br/noticias/brasil/terra-indigena-karipuna-de-rondonia-tem-cenario-de-incendio-e-seca.html,18/09/2024 13h44,Indígenas percebem invasores em seu território e entorno pegar fogo
Queimadas na Amazônia: emissões de CO2 aumentam 60% em comparação ao ano anterior,https://jovempan.com.br/noticias/brasil/queimadas-na-amazonia-emissoes-de-co2-aumentam-60-em-comparacao-ao-ano-anterior.html,17/09/2024 14h20,Instituto de Pesquisa Ambiental da Amazônia (Ipam) revelou que 40% das emissões foram originadas da vegetação florestal
"‘Sinto que há sensibilidade de parte do Congresso com situação das queimadas’, diz Marina",https://jovempan.com.br/noticias/brasil/sinto-que-ha-sensibilidade-de-parte-do-congresso-com-situacao-das-queimadas-diz-marina.html,17/09/2024 09h57,Marina Silva disse que o governo federal tem buscado envolver autoridades de órgãos como o Tribunal de Contas da União (TCU) e o Ministério Público Federal (MPF)
Cidades no Brasil estão sem chuvas há mais de cem dias,https://jovempan.com.br/programas/jornal-da-manha/cidades-no-brasil-estao-sem-chuvas-ha-mais-de-cem-dias.html,17/09/2024 08h51,Semana começou com a passagem de uma frente fria sobre áreas das regiões Centro e Sul do Brasil
"Mesmo com reforço de água, Cantareira vive seca de moderada a severa",https://jovempan.com.br/noticias/brasil/mesmo-com-reforco-de-agua-cantareira-vive-seca-de-moderada-a-severa.html,16/09/2024 09h21,"A faixa de alerta começa quando o sistema opera abaixo de 40%; no fim de agosto, o volume útil total era de 57%, enquanto no fechamento de julho estava com 62%"
SUS reforça apoio a estados afetados pela queimadas,https://jovempan.com.br/noticias/brasil/sus-reforca-apoio-a-estados-afetados-pela-queimadas.html,16/09/2024 09h15,"Nesta segunda-feira (16), o presidente se reunirá com a ministra do Meio Ambiente, Marina Silva, para discutir mais ações frente à emergência climática que o país vive"
"Inmet emite alerta de risco de tempestade para os Estados de Santa Catarina, Paraná, São Paulo e Mato Grosso do Sul",https://jovempan.com.br/noticias/brasil/inmet-emite-alerta-de-risco-de-tempestade-para-os-estados-de-santa-catarina-parana-sao-paulo-e-mato-grosso-do-sul.html,14/09/2024 16h57,"Há possibilidade de chuvas de 30 a 60 mm/h, ventos de até 100 km/h e queda de granizo, o que pode causar corte de energia, estragos em plantações, queda de árvores e alagamentos"
Metade dos helicópteros da PM é usada para combate às queimadas no Estado de São Paulo,https://jovempan.com.br/noticias/brasil/metade-dos-helicopteros-da-pm-e-usada-para-combate-as-queimadas-no-estado-de-sao-paulo.html,14/09/2024 14h05,"Desde 8 de agosto até 12 de setembro, foram empregados 14 aeronaves, de um total de 29, em 56 cidades"
Chuva preta atinge municípios de Santa Catarina,https://jovempan.com.br/programas/jornal-da-manha/chuva-preta-atinge-municipios-de-santa-catarina.html,14/09/2024 08h53,"Defesa Civil orienta a população a tomar cuidados especiais, pois fenômeno pode conter substâncias tóxicas e perigosas para a saúde, principalmente respiratórias"
"Por mais efetivo no combate às queimadas, Tarcísio paga extra para bombeiros de folga",https://jovempan.com.br/noticias/brasil/por-mais-efetivo-no-combate-a-queimadas-tarcisio-paga-extra-para-bombeiros-de-folga.html,13/09/2024 10h20,"Governador de São Paulo estuda medidas para ampliar frente de combate; nesta sexta-feira (13), ele se reúne com Marina Silva e Nídia Trindade"
Queimadas no Brasil podem causar ‘chuva preta’ em quatro estados,https://jovempan.com.br/noticias/brasil/queimadas-no-brasil-podem-causar-chuva-preta-em-quatro-estados.html,13/09/2024 06h43,"Desde o dia 11 deste mês, a cidade de São Paulo, por exemplo, tem enfrentado episódios de ‘chuva’ de fuligem, especialmente na Zona Oeste"
"Com queimadas recentes, sudoeste da Amazônia se torna região com maior emissão de gases do mundo",https://jovempan.com.br/noticias/brasil/com-queimadas-recentes-sudoeste-da-amazonia-se-torna-regiao-com-maior-emissao-de-gases-do-mundo.html,13/09/2024 05h35,"Região registra 82 mil focos de incêndio em 2023, com aumento alarmante e impacto significativo no clima e na biodiversidade local"
Agosto foi o mês mais devastador para o clima com metade da área queimada no Brasil em 2024,https://jovempan.com.br/noticias/brasil/agosto-foi-o-mes-mais-devastador-para-o-clima-com-metade-da-area-queimada-no-brasil-em-2024.html,12/09/2024 21h43,"País viveu uma onda de incêndios no último mês, que resultou em uma área queimada de 56.516 km²; há indícios de que queimadas podem se intensificar em setembro"
Crise hídrica atinge cidades do interior paulista com mais de 150 dias sem chuvas,https://jovempan.com.br/noticias/brasil/crise-hidrica-atinge-cidades-do-interior-paulista-com-mais-de-150-dias-sem-chuvas.html,11/09/2024 20h57,"São José do Rio Preto, por exemplo, desde 12 de abril não registrou precipitações relevantes, e entre 1º de janeiro e 11 de outubro, a quantidade de precipitação acumulada foi de apenas 635,5 mm"
Crise hídrica afeta 25 Estados do Brasil que sofrem com seca severas e queimadas,https://jovempan.com.br/noticias/brasil/crise-hidrica-afeta-25-estados-do-brasil-que-sofrem-com-seca-severas-e-queimadas.html,11/09/2024 16h52,"Estiagem afeta diretamente a agricultura e a pecuária, com cerca de 900 mil hectares impactados por queimadas"
Cidades do Rio Grande do Sul registram ‘chuva preta’ por causa de queimadas,https://jovempan.com.br/noticias/brasil/cidades-do-rio-grande-do-sul-registram-chuva-preta-por-causa-de-queimadas.html,11/09/2024 16h37,"A fumaça proveniente de incêndios florestais tem afetado diversas áreas do Rio Grande do Sul, especialmente nas regiões norte e centro-oeste do Estado; uma frente fria se aproxima, o que pode causar temporais"
"‘Não podemos criminalizar o agricultor pela seca que está acontecendo’, diz Carlos Augustin",https://jovempan.com.br/noticias/brasil/nao-podemos-criminalizar-o-agricultor-pela-seca-que-esta-acontecendo-diz-carlos-augustin.html,11/09/2024 11h32,Cinquenta representações diplomáticas estão se reunindo nesta semana em Mato Grosso para o encontro do Grupo de Trabalho da Agricultura do G20
Lula anuncia criação de autoridade climática e implementa medidas para combater seca no Amazonas,https://jovempan.com.br/noticias/brasil/lula-anuncia-criacao-de-autoridade-climatica-e-implementa-medidas-para-combater-seca-no-amazonas.html,11/09/2024 05h55,"A ministra do Meio Ambiente, Marina Silva, enfatizou que as queimadas já devastaram 1,1 milhão de hectares de florestas primárias, situação que pode piorar caso mudanças climáticas sigam de forma agressiva"
Queimadas no Rio de Janeiro atingem maior número desde 2017,https://jovempan.com.br/noticias/brasil/queimadas-no-rio-de-janeiro-atingem-maior-numero-desde-2017.html,10/09/2024 23h07,"Somente em setembro, foram identificados 55 incêndios florestais"
Sistemas de abastecimento do Rio de Janeiro entram em estado de alerta devido à seca,https://jovempan.com.br/noticias/brasil/sistemas-de-abastecimento-do-rio-de-janeiro-entram-em-estado-de-alerta-devido-a-seca.html,10/09/2024 20h17,"Embora o Sistema Imunana-Laranjal esteja operando em sua capacidade total, a ausência de precipitações pode levar a uma redução na captação"
Lula afirma que muitas queimadas são propositais e são feitas em propriedades privadas,https://jovempan.com.br/noticias/brasil/lula-afirma-que-muitas-queimadas-sao-propositais-e-sao-feitas-em-propriedades-privadas.html,10/09/2024 16h02,"Fala foi durante visita na Amazônia, na região de Tefé, nesta terça-feira (10)"
Aulas no Acre são suspensas devido às queimadas que prejudicaram a qualidade do ar,https://jovempan.com.br/noticias/brasil/aulas-no-acre-sao-suspensas-devido-as-queimadas-que-prejudicaram-a-qualidade-do-ar.html,05/09/2024 17h08,"Medida visa preservar a saúde e o bem-estar dos estudantes, professores e demais profissionais da educação"
Seca histórica deixa cidades brasileiras com níveis de umidade comparáveis aos de deserto; mais de mil estão em alerta,https://jovempan.com.br/noticias/brasil/seca-historica-deixa-cidades-brasileiras-com-niveis-de-umidade-comparaveis-aos-de-deserto-mais-de-mil-estao-em-alerta.html,04/09/2024 19h38,"As áreas afetadas registram uma ‘umidade relativa do ar abaixo de 12%’, disse o Inmet em um relatório, que descreveu a situação como de ‘grande perigo’"
"Brasil registra mais de 68 mil focos de queimadas em agosto, pior resultado em 14 anos",https://jovempan.com.br/noticias/brasil/brasil-registra-mais-de-68-mil-focos-de-queimadas-em-agosto-pior-resultado-em-14-anos.html,03/09/2024 06h54,"Ainda segundo o levantamento de dados do Instituto Nacional de Pesquisas Espaciais (Inpe), mais de 80% desses focos ocorreram na Amazônia e no Cerrado"
Falta de chuva segue causando baixa umidade do ar no Brasil,https://jovempan.com.br/programas/jornal-da-manha/falta-de-chuva-segue-causando-baixa-umidade-do-ar-no-brasil.html,29/08/2024 08h30,"Qualidade do ar está em condição de emergência, especialmente do Sul do Mato Grosso ao interior de São Paulo"
Queimada destrói 80% da cana do Instituto Agronômico de Ribeirão Preto,https://jovempan.com.br/noticias/brasil/queimada-destroi-80-da-cana-do-instituto-agronomico-de-ribeirao-preto.html,28/08/2024 18h58,Perda de 120 dos 150 hectares de plantação deve provocar entre um e dois anos de atraso nas pesquisas que estavam em andamento
Tarcísio de Freitas diz que São Paulo avança em medidas preventivas para evitar novas queimadas,https://jovempan.com.br/noticias/brasil/tarcisio-de-freitas-diz-que-sao-paulo-avanca-em-medidas-preventivas-para-evitar-novas-queimadas.html,28/08/2024 15h51,"O governador frisou ainda que, graças à mobilização no Estado, os focos de incêndio, que chegaram a 2,7 mil na quinta, foram totalmente neutralizados na segunda-feira (2), impedindo que os prejuízos fossem maiores"
Pará decreta situação de emergência e proíbe queimadas no Estado,https://jovempan.com.br/noticias/brasil/para-decreta-situacao-de-emergencia-e-proibe-queimadas-no-estado.html,28/08/2024 06h37,"Governo adotou medida após aumento no número de focos de incêndio nos últimos meses; ‘situação de urgência que precisa ser contida’, disse Helder Barbalho, governador do Estado"
Secas e queimadas fazem atendimentos devido à má qualidade do ar aumentar até 60%,https://jovempan.com.br/noticias/brasil/secas-e-queimadas-fazem-atendimentos-devido-a-ma-qualidade-do-ar-aumentar-ate-60.html,26/08/2024 20h20,"Diretora do Departamento de Saúde do Trabalhador do Ministério da Saúde, Agnes Soares, reforça importância de manter a hidratação"
Brasília enfrenta névoa densa por queimadas e seca prolongada,https://jovempan.com.br/noticias/brasil/brasilia-enfrenta-nevoa-densa-por-queimadas-e-seca-prolongada.html,26/08/2024 16h39,Há mais de 120 dias não chove no Distrito Federal; é o segundo dia consecutivo que a capital federal amanhece cinzenta
Queimadas deixam 48 cidades paulistas em estado de alerta máximo,https://jovempan.com.br/noticias/brasil/queimadas-deixam-48-cidades-paulistas-em-estado-de-alerta-maximo.html,26/08/2024 05h34,"Ao todo, mais de 15 mil pessoas estão envolvidas nos trabalhos de combate às chamas e orientação dos cidadãos para eventuais evacuações"
Fumaça de queimadas interrompe rave no interior de São Paulo e mais de 500 pessoas são atendidas,https://jovempan.com.br/noticias/brasil/fumaca-de-queimadas-interrompe-rave-no-interior-de-sao-paulo-e-mais-de-500-pessoas-sao-atendidas.html,25/08/2024 21h51,"Deste grupo, 60 foram encaminhadas ao Hospital Municipal de Altinópolis, e foram socorridas por conta da inalação da fumaça; o local da festa precisou ser evacuado, informou a Defesa Civil"
Lula se reúne com Marina Silva no Ibama para discutir combate às queimadas em SP e suspeita de ação criminosa,https://jovempan.com.br/noticias/brasil/lula-se-reune-com-marina-silva-no-ibama-para-discutir-possivel-acao-criminosa-em-queimadas-em-sao-paulo.html,25/08/2024 17h07,"Autoridades comparam os eventos ao ‘Dia do Fogo’, em que fazendeiros de Novo Progresso (PA) convocaram uma mobilização para queimadas na região em 2019"
"Estado de São Paulo tem maior número de queimadas desde 1998, com mais de 3 mil focos em agosto",https://jovempan.com.br/noticias/brasil/estado-de-sao-paulo-tem-maior-numero-de-queimadas-desde-1998-com-mais-de-3-mil-focos-em-agosto.html,24/08/2024 21h59,"Os 23 dias de agosto somam 3.175 ocorrências, o que é quase o dobro do que foi registrado ao longo dos 12 meses de 2023 (1.666); os números de hoje ainda não foram divulgados"
Queimadas no interior de São Paulo deixam 41 cidades em alerta máximo e afetam fluxo de rodovias,https://jovempan.com.br/noticias/brasil/queimadas-no-interior-de-sao-paulo-deixam-41-cidades-em-alerta-maximo-e-impactam-fluxo-de-rodovias.html,24/08/2024 21h30,"O sábado (24) transcorreu em meio à previsão de estado crítico para fogo no Estado, alertou a empresa de meteorologia MetSul; as áreas de maior risco são Ribeirão Preto, Franca e São José do Rio Preto"
Estado de São Paulo tem 41 cidades com alerta máximo para queimadas,https://jovempan.com.br/noticias/brasil/estado-de-sao-paulo-tem-36-cidades-com-alerta-maximo-para-queimadas.html,24/08/2024 17h16,"O dia de hoje ainda é ‘crítico’ para fogo no Estado, alertou a empresa de meteorologia MetSul; pela manhã, o governador Tarcísio de Freitas sobrevoou as regiões afetadas"
STF mantém regras de investigação sobre acidentes aéreos no Brasil após tragédia em Vinhedo,https://jovempan.com.br/noticias/brasil/stf-mantem-regras-de-investigacao-sobre-acidentes-aereos-no-brasil-apos-tragedia-em-vinhedo.html,14/08/2024 21h23,"Julgamento do processo foi retomado, nesta quarta-feira (14); ministros consideram constitucionais as regras do Código Brasileiro de Aeronáutica que proíbem o uso de provas produzidas pelo Cenipa em processos judiciais"
Nova ferramenta de prevenção a desastres naturais será instalada no Rio Grande do Sul,https://jovempan.com.br/programas/jornal-da-manha/nova-ferramenta-de-prevencao-a-desastres-naturais-sera-instalada-no-rio-grande-do-sul.html,22/07/2024 09h02,"Radar, fabricado na República Tcheca, já chegou ao Brasil, mas passa por um período de calibragem, responsável pela análise das informações"
Busca por armas de fogo no Rio Grande do Sul aumenta durante tragédia,https://jovempan.com.br/programas/jornal-da-manha/busca-por-armas-de-fogo-no-rio-grande-do-sul-aumenta-durante-tragedia.html,22/07/2024 07h29,Especialistas avaliam que problemas de violência durante as enchentes foram os maiores motivos para aquisição de segurança armada individual no Estado
Tragédias brasileiras serão debatidas na OEA nesta sexta,https://jovempan.com.br/programas/jornal-da-manha/tragedias-brasileiras-serao-debatidas-na-oea-nesta-sexta.html,12/07/2024 10h30,"Familiares das vítimas vão levar os casos para a audiência, entre elas estão: incêndio na Boate Kiss e rompimento das barragens de Brumadinho e Mariana"
INPE revela causas da chuva histórica no Rio Grande do Sul,https://jovempan.com.br/noticias/brasil/inpe-revela-causas-da-chuva-historica-no-rio-grande-do-sul-el-nino-e-aquecimento-do-atlantico-entre-os-fatores.html,05/07/2024 15h08,Análise aponta a combinação de sistemas meteorológicos em diferentes escalas e a atuação do El Niño como fatores cruciais
Mortos em enchentes no RS sobem para 180; 32 seguem desaparecidos,https://jovempan.com.br/noticias/brasil/mortos-em-enchentes-no-rs-sobem-para-180-32-seguem-desaparecidos.html,03/07/2024 12h48,"Temporais afetaram 2,3 milhões de pessoas e deixaram 806 feridos, nos 478 municípios atingidos"
Estudo da USP revela que cerrado brasileiro passa por seca sem precedentes nos últimos 700 anos,https://jovempan.com.br/noticias/brasil/estudo-da-usp-revela-que-cerrado-brasileiro-passa-por-seca-sem-precedentes-nos-ultimos-700-anos.html,29/06/2024 10h48,"Aquecimento global na região tem sido mais intenso, com temperaturas acima da média global e isso tem causado um distúrbio hidrológico"
Queimadas no Pantanal em junho superam patamar da maior devastação já registrada,https://jovempan.com.br/noticias/brasil/queimadas-no-pantanal-em-junho-superam-patamar-da-maior-devastacao-ja-registrada.html,19/06/2024 21h56,"Cidade de Corumbá, no Mato Grosso do Sul, concentra a maior parte dos incêndios, no bioma e no País em 2024"
Nível do rio Guaíba volta a subir após chuvas intensas em Porto Alegre,https://jovempan.com.br/programas/jornal-da-manha/nivel-do-rio-guaiba-volta-a-subir-apos-chuvas-intensas-em-porto-alegre.html,19/06/2024 10h04,"Conforme medição das primeiras horas do dia, a cota está em 3,11 metros, causando alagamentos em diversas áreas da capital gaúcha"
"Enchentes no RS causam queda de 25,3% na arrecadação de ICMS",https://jovempan.com.br/noticias/economia/enchentes-no-rs-causam-queda-de-253-na-arrecadacao-de-icms.html,17/06/2024 17h19,"De acordo com um boletim divulgado pela Receita Estadual, a arrecadação prevista era de R$ 6,64 bilhões, porém o valor efetivamente registrado foi de R$ 4,96 bilhões, resultando em um déficit de R$ 1,68 bilhão"
"Parque do Caracol, em Canela (RS), reabre nesta sexta-feira após fechamento por causa das chuvas",https://jovempan.com.br/noticias/brasil/parque-do-caracol-em-canela-rs-reabre-nesta-sexta-feira-apos-fechamento-por-causa-das-chuvas.html,14/06/2024 06h19,"Os ingressos incluem o Bilhete Gaúcho, que custará R$ 37 para nascidos ou residentes no Rio Grande do Sul; moradores locais e de Gramado terão isenção"
Bruno Mars fará show extra no Brasil em prol das vítimas das enchentes no Rio Grande do Sul,https://jovempan.com.br/noticias/brasil/bruno-mars-fara-show-beneficente-em-prol-do-rs.html,13/06/2024 14h44,"Ao todo, cantor fará 15 apresentações no país, em cinco Estados diferentes; montante arrecadado será destinado às pessoas que tiveram perdas nas enchentes"
Homem diz que é verdadeiro dono do cavalo Caramelo e tenta reaver animal após enchentes em Canoas,https://jovempan.com.br/noticias/brasil/homem-diz-que-e-verdadeiro-dono-do-cavalo-caramelo-e-tenta-reaver-animal-apos-enchentes-em-canoas.html,13/06/2024 14h13,Padilha diz que trabalha com compra e venda de sucata e animais e tinha adquirido o Caramelo há 6 meses; ele explicou que precisou deixar a chácara onde os animais estavam quando a área foi inundada
Aeroporto Internacional Salgado Filho passa por limpeza após enchente histórica no RS,https://jovempan.com.br/noticias/brasil/aeroporto-internacional-salgado-filho-passa-por-limpeza-apos-enchente-historica-no-rs.html,12/06/2024 14h14,"Terminal deverá reabrir somente em dezembro, segundo concessionária; pousos e decolagens estão sendo redirecionadas para a Base Area de Canoas"
Defesa Civil alerta para novas chuvas no RS para o final desta semana,https://jovempan.com.br/noticias/brasil/defesa-civil-alerta-para-novas-chuvas-no-rs-para-o-final-desta-semana.html,10/06/2024 09h48,"De acordo com o comunicado, tanto a Defesa Civil quanto a Sala de Situação do estado monitoram o avanço de uma frente fria"
Rio Grande do Sul registra mais uma morte por enchentes; número de vítimas sobe para 173,https://jovempan.com.br/noticias/brasil/rio-grande-do-sul-registra-mais-uma-morte-por-enchentes-numero-de-vitimas-sobe-para-173.html,09/06/2024 16h03,Novo balanço acontece depois de uma semana; nível do Rio Guaíba em Porto Alegre atinge menor marcar já registrada desde o dia 3 e maio
Investigação apura desvios na compra de cestas básicas para vítimas de enchentes no RS,https://jovempan.com.br/noticias/brasil/investigacao-apura-desvios-na-compra-de-cestas-basicas-para-vitimas-de-enchentes-no-rs.html,07/06/2024 17h23,Diligências foram autorizadas pela 4ª Câmara Criminal do Tribunal de Justiça do Estado gaúcho
Estação Rodoviária de Porto Alegre volta a funcionar após ser fechada por causa de tragédia no RS,https://jovempan.com.br/noticias/brasil/estacao-rodoviaria-de-porto-alegre-volta-a-funcionar-apos-ser-fechada-por-causa-de-tragedia-no-rs.html,07/06/2024 16h55,"Retomada dos serviços no endereço oficial atenderá 116 municípios do estado, com cerca de 90 horários diários"
Enchentes no Rio Grande do Sul danificam mais de mil escolas,https://jovempan.com.br/programas/jornal-da-manha/enchentes-no-rio-grande-do-sul-danificam-mais-de-mil-escolas.html,06/06/2024 07h50,"Cerca de 138 bibliotecas tiveram seus acervos completamente destruídos pelas águas; até o momento, 92,8% das escolas afetadas conseguiram retomar as atividades"
"JBS doa toneladas de carne para a produção de 6,5 milhões de marmitas às vítimas das enchentes no RS",https://jovempan.com.br/noticias/brasil/jbs-doa-toneladas-de-carne-para-a-producao-de-65-milhoes-de-marmitas-as-vitimas-das-enchentes-no-rs.html,03/06/2024 21h03,"O primeiro carregamento foi entregue em Canoas, na presença do CEO global da JBS, Gilberto Tomazoni, do presidente da Seara, João Campos, e do ministro Paulo Pimenta"
Estudo aponta aumento de chuvas extremas no Rio Grande do Sul devido às mudanças climáticas,https://jovempan.com.br/noticias/brasil/estudo-aponta-aumento-de-chuvas-extremas-no-rio-grande-do-sul-devido-as-mudancas-climaticas.html,03/06/2024 19h15,Aquecimento global elevou em duas vezes a probabilidade de temporais; El Niño também teve um papel importante no desastre ambiental
Defensoria Pública move ação contra Cobasi por morte de animais em alagamentos no RS,https://jovempan.com.br/noticias/brasil/defensoria-publica-move-acao-contra-cobasi-por-morte-de-animais-em-alagamentos-no-rs.html,01/06/2024 08h50,Indenização é no valor de R$ 50 milhões por danos ambientais à saúde pública e psicológicos à coletividade; 38 animais morreram somente em uma unidade da rede
Parques em São Paulo não abrirão em dias de chuvas e ventos fortes,https://jovempan.com.br/programas/jornal-da-manha/parques-em-sao-paulo-nao-abrirao-em-dias-de-chuvas-e-ventos-fortes.html,29/05/2024 10h43,Nova portaria foi publicada divulgando que os 120 parques públicos da cidade deverão ser fechados; prefeitura indicou que os funcionários precisam assegurar a proteção dos visitantes
Adolescente de 16 anos é investigado por desviar doações para vítimas de enchentes no RS,https://jovempan.com.br/noticias/brasil/adolescente-de-16-anos-e-investigado-por-desviar-doacoes-para-vitimas-de-enchentes-no-rs.html,27/05/2024 19h10,"Jovem usava a internet para aplicar golpes, simulando campanhas de arrecadação de doações, no entanto, o dinheiro acabava em contas vinculadas a ele"
Auxílio Reconstrução para famílias afetadas pelas enchentes no RS já está disponível em site,https://jovempan.com.br/noticias/brasil/auxilio-reconstrucao-para-familias-afetadas-pelas-enchentes-no-rs-ja-esta-disponivel.html,27/05/2024 13h57,"Governo federal disponibiliza R$ 5.100,00 para desalojados e desabrigados em 369 municípios do Rio Grande do Sul; cada família pode ter acesso a apenas um auxílio"
MPRS investiga suposto desvio de doações destinadas às vítimas das enchentes em Eldorado do Sul,https://jovempan.com.br/noticias/brasil/mprs-investiga-suposto-desvio-de-doacoes-destinadas-as-vitimas-das-enchentes-em-eldorado-do-sul.html,27/05/2024 13h52,"A operação foi iniciada após denúncias de desvios de donativos com o intuito de beneficiar possíveis eleitores dos investigados, já que dois deles seriam pré-candidatos nas eleições municipais deste ano"
Ciclone extratropical começa a se formar no Sul do Brasil,https://jovempan.com.br/programas/jornal-da-manha/ciclone-extratropical-comeca-a-se-formar-no-sul-do-brasil.html,27/05/2024 08h47,Fenômeno deve agravar as chuvas e os ventos fortes que assolam o Rio Grande do Sul desde o final de abril
Fiocruz diz que cerca de 3.000 instalações de saúde no Rio Grande do Sul foram afetadas pelas enchentes,https://jovempan.com.br/noticias/brasil/fiocruz-diz-que-cerca-de-3-000-instalacoes-de-saude-no-rio-grande-do-sul-foram-afetadas-pelas-enchentes.html,25/05/2024 22h35,"Levantamento engloba hospitais, postos de saúde, farmácias e clínicas particulares; pesquisador da entidade propõe revisão nos critérios de localização"
Rio Grande do Sul chega a 166 mortos com previsão de frio e mais chuva; nível do Guaíba reduz,https://jovempan.com.br/noticias/brasil/rio-grande-do-sul-chega-a-165-mortos-com-previsao-de-frio-e-mais-chuva-nivel-do-guaiba-reduz.html,25/05/2024 18h57,Bairros de Porto Alegre que haviam secado após as enchentes do início do mês voltaram a ficar inundados; Estado deve ter queda de temperatura entre 3ºC e 5ºC
Leptospirose se alastra após enchentes no Rio Grande do Sul e preocupa autoridades,https://jovempan.com.br/noticias/brasil/leptospirose-se-alastra-apos-enchentes-no-rio-grande-do-sul-e-preocupa-autoridades.html,25/05/2024 06h48,"Quatro pessoas já morreram em decorrência da doença e outros quatro óbitos estão sob investigação; segundo a Secretaria Estadual de Saúde, há 54 casos confirmados e mais de 800 pessoas aguardam o diagnóstico"
"Guaíba volta a ultrapassar 4 metros, e Porto Alegre é tomada por lixo e entulho após alagamentos",https://jovempan.com.br/noticias/brasil/guaiba-volta-a-ultrapassar-4-metros-e-porto-alegre-e-tomada-por-lixo-e-entulho-apos-alagamentos.html,24/05/2024 17h18,"Rio Grande do Sul está em alerta hidrológico e geológico para novos deslizamentos, elevação de rios e avanço das inundações"
"Enchentes devem deixar 46,7 milhões de toneladas de entulho no Rio Grande do Sul",https://jovempan.com.br/programas/jornal-da-manha/enchentes-devem-deixar-467-milhoes-de-toneladas-de-entulho-no-rio-grande-do-sul.html,24/05/2024 10h31,"Estimativa da UFRGS, em parceria com a empresa Mox Debris, aponta que mais de 44% dos imóveis no Estado sofreram impactos dos alagamentos"
Chuva enche bueiros de Porto Alegre e volta a alagar ruas da cidade,https://jovempan.com.br/noticias/brasil/chuva-enche-bueiros-de-porto-alegre-e-volta-a-alagar-ruas-da-cidade.html,23/05/2024 15h38,Trabalho de limpeza precisou ser interrompido em alguns locais; moradores e comerciantes dos bairros Menino Deus e Praia de Belas tiveram que deixar os prédios da região
Chuvas voltam a cair no RS e deixam algumas regiões em alerta; Estado tem 163 mortos e 72 desaparecidos,https://jovempan.com.br/noticias/brasil/chuvas-voltam-a-cair-no-rs-e-deixam-algumas-regioes-em-alerta-estado-tem-163-mortos-e-72-desaparecidos.html,23/05/2024 13h22,"Instituto Nacional de Meteorologia (Inmet) emitiu alerta de perigo nas primeiras horas desta quinta-feira (23) para algumas regiões do Estado, com às previsões de chuvas intensas, ventos fortes e queda de granizo"
Enchentes no Rio Grande do Sul deixam 162 mortos e 806 feridos,https://jovempan.com.br/noticias/brasil/enchentes-no-rio-grande-do-sul-deixam-162-mortos-e-806-feridos.html,22/05/2024 20h34,"Os impactos das chuvas atingiram 467 municípios gaúchos, resultando em 68.345 moradores desabrigados e 581.633 desalojados; segundo a Defesa Civil, 75 pessoas ainda estão desaparecidas"
Nível do Guaíba atinge menor medição desde início das enchentes no RS,https://jovempan.com.br/noticias/brasil/nivel-do-guaiba-atinge-menor-medicao-desde-inicio-das-enchentes-no-rs.html,21/05/2024 21h40,"Lago registrou 4,05m na tarde desta terça-feira, contudo, ainda está mais de um metro acima do seu índice normal"
"Canoas apresenta cenário de lama, lixo e mau cheiro após água da enchente baixar",https://jovempan.com.br/programas/jornal-da-manha/canoas-apresenta-cenario-de-lama-lixo-e-mau-cheiro-apos-agua-da-enchente-baixar.html,21/05/2024 16h49,"Mesmo com a instalação de equipamentos de bombeamento, muitas áreas continuam com água represada, dificultando o retorno dos moradores às suas residências"
Auxílio reconstrução para vítimas das enchentes no Rio Grande do Sul deve começar a ser pago neste mês,https://jovempan.com.br/noticias/brasil/auxilio-reconstrucao-para-vitimas-das-enchentes-no-rio-grande-do-sul-sera-pago-a-partir-de-maio.html,20/05/2024 21h29,Gaúchos listados pelas prefeituras deverão validar as informações no portal Gov.br; Caixa Econômica Federal terá até 48 horas para realizar a transferência
Oito cidades de Santa Catarina decretam estado de emergência após chuvas avançarem no Estado,https://jovempan.com.br/noticias/brasil/oito-cidades-de-santa-catarina-decretam-estado-de-emergencia-apos-chuvas-avancarem-no-estado.html,20/05/2024 18h26,"Estragos causados pelos temporais incluem deslizamentos de terra, alagamentos, casas danificadas e ruas interditadas; de acordo com a Defesa Civil, mais de 900 pessoas tiveram de deixar suas casas"
Chuvas deixam mais de 700 desabrigados em Santa Catarina; 24 cidades são afetadas,https://jovempan.com.br/noticias/brasil/chuvas-deixam-mais-de-700-desabrigados-em-santa-catarina-24-cidades-foram-afetadas.html,20/05/2024 13h00,"Previsão do tempo para o Estado nos próximos dias é de tempo seco, com predomínio de sol"
Eldorado do Sul enfrenta calamidade por enchentes no RS,https://jovempan.com.br/noticias/brasil/eldorado-do-sul-enfrenta-calamidade-por-enchentes-no-rs.html,19/05/2024 08h31,"Com quase 80% da população afetada, moradores da cidade gaúcha lidam com perdas materiais irreparáveis"
"Enchentes no RS: balanço aponta prejuízo de R$ 4,6 bilhões no setor habitacional",https://jovempan.com.br/noticias/brasil/enchentes-no-rs-balanco-aponta-prejuizo-de-r-46-bilhoes-no-setor-habitacional.html,18/05/2024 19h10,"Segundo dados da Confederação Nacional de Municípios (CNM), mais de 105,4 mil casas foram danificadas ou destruídas pela tragédia ambiental no Estado"
Prefeito de São Leopoldo-RS sobre enchentes: ’34 mil casas debaixo d’água aqui’,https://jovempan.com.br/noticias/brasil/prefeito-de-sao-leopoldo-rs-sobre-enchentes-34-mil-casas-debaixo-dagua-aqui.html,18/05/2024 13h46,Reportagem da Jovem Pan contou sobre as dificuldades que o povo gaúcho tem enfrentado diantes das chuvas que assombram o Estado
Sobe para 155 o número de pessoas mortas pelas chuvas no RS,https://jovempan.com.br/noticias/brasil/sobe-para-155-o-numero-de-pessoas-mortas-pelas-chuvas-no-rs.html,18/05/2024 09h24,Saque calamidade está disponível para trabalhadores atingidos pelas enchentes no Estado
Saque calamidade está disponível para trabalhadores atingidos pelas enchentes no RS,https://jovempan.com.br/noticias/brasil/saque-calamidade-esta-disponivel-para-trabalhadores-atingidos-pelas-enchentes-no-rs.html,18/05/2024 07h55,Reportagem da Jovem Pan News fala sobre medidas emergencias que os moradores do sul terão direito de acessar; é permitido que cada trabalhador afetado retire até R$ 6.220 de suas contas do FGTS
Quase 12 mil animais já foram resgatados das enchentes no RS,https://jovempan.com.br/noticias/brasil/quase-12-mil-animais-ja-foram-resgatados-das-enchentes-no-rs.html,16/05/2024 20h08,ONGs e voluntários estão na linha de frente desde o início das chuvas para salvar os bichos
"Gisele Bündchen arrecada R$ 4,5 milhões para vítimas de enchentes no RS",https://jovempan.com.br/entretenimento/famosos/gisele-bundchen-arrecada-r-45-milhoes-para-vitimas-de-enchentes-no-rs.html,16/05/2024 17h29,Gaúcha tem usado suas redes sociais para pedir ajuda ao Estado brasileiro e incentivado as doações para instituições do sul
Sobe para 151 o número de mortos em decorrência das chuvas e enchentes no Rio Grande do Sul,https://jovempan.com.br/noticias/brasil/sobe-para-151-o-numero-de-mortos-em-decorrencia-das-chuvas-e-enchentes-no-rio-grande-do-sul.html,16/05/2024 14h52,"Registro de desaparecidos recuou para 104; temporais já afetaram mais de 2,2 milhões de gaúchos em 458 municípios, o que equivale a 92% de todo o Estado"
Casal mineiro presta auxílio a moradores atingidos pelas enchentes no RS,https://jovempan.com.br/programas/jornal-da-manha/casal-mineiro-presta-auxilio-a-moradores-atingidos-pelas-enchentes-no-rs.html,16/05/2024 10h50,"Elaine e Danilo foram tocados pela situação durante uma visita prévia à região; além de um ambiente acolhedor, o motorhome oferece alimentação e roupas"
Governo federal anuncia que vai comprar casas no RS para quem perdeu tudo nas enchentes,https://jovempan.com.br/noticias/brasil/governo-federal-anuncia-que-vai-comprar-casas-no-rs-para-quem-perdeu-tudo-nas-enchentes.html,15/05/2024 17h12,"Beneficiários serão pessoas que fazem parte do ‘Minha Casa, Minha Vida’ 1 e 2"
"Vítimas da tragédia em Brumadinho autorizam repasse de R$ 2,2 mi ao RS",https://jovempan.com.br/noticias/brasil/vitimas-da-tragedia-em-brumadinho-autorizam-repasse-de-r-22-mi-ao-rs.html,14/05/2024 12h14,Decisão foi informada por meio das redes sociais da Associação dos Familiares de Vítimas e Atingidos pelo Rompimento da Barragem da Mina Córrego do Feijão (Avabrum)
Jovem Pan inicia campanha de doação de rádios a pilha para vítimas das enchentes no RS,https://jovempan.com.br/noticias/brasil/jovem-pan-inicia-campanha-de-doacao-de-radios-a-pilha-para-vitimas-das-enchentes-no-rs.html,14/05/2024 11h48,"Iniciativa visa fornecer um meio de comunicação essencial para essas famílias, permitindo que elas recebam informações vitais sobre locais seguros e orientações importantes"
"Governo suspende prestações do ‘Minha Casa, Minha Vida’ para vítimas das chuvas no RS",https://jovempan.com.br/programas/jornal-da-manha/governo-suspende-prestacoes-do-minha-casa-minha-vida-para-vitimas-das-chuvas-no-rs.html,14/05/2024 09h13,Solicitações de suspensão de cobranças podem ser feitas à Caixa Econômica Federal por telefone
"Chuvas persistem e afetam mais de 2,1 milhões de pessoas, em 446 cidades no RS; chega a 143 número de mortos",https://jovempan.com.br/noticias/brasil/chuvas-persistem-e-afetam-mais-de-21-milhoes-de-pessoas-em-446-cidades-no-rs-chega-a-143-numero-de-mortos.html,12/05/2024 09h56,"Bloqueio atmosférico causado por uma frente estacionária vai continuar provocando instabilidade no tempo, com volumes de 30 a 50 mm de chuva, ao menos até quarta (15); Cemaden considera muito alta a possibilidade de novos alagamentos em várias regiões"
Chuvas no Rio Grande do Sul vão parar? Meteorologista analisa,https://jovempan.com.br/noticias/brasil/chuvas-no-rio-grande-do-sul-vao-parar-meteorologista-analisa.html,11/05/2024 16h29,"Glauco Freitas explica que estado sofre com um bloqueio atmosférico, caracterizado por sistemas frontais estacionados que provocam chuvas contínuas, especialmente na faixa central"
Chuvas afetam mais de 2 milhões de pessoas e atingem quase 90% das cidades gaúchas,https://jovempan.com.br/noticias/brasil/mais-de-90-das-cidades-gauchas-sao-atingidas-por-enchentes-devido-as-chuvas.html,11/05/2024 15h23,"Estado já tem 136 mortos e número de desaparecidos é de 125; forças de segurança, com auxílio de voluntários, conseguiram resgatar 74,1 mil pessoas e mais de 10 mil animais"
Final de semana deve ser de chuvas fortes e frio no Rio Grande do Sul,https://jovempan.com.br/noticias/brasil/final-de-semana-deve-ser-de-chuvas-fortes-e-frio-no-rio-grande-do-sul.html,10/05/2024 16h12,"Hospitais da região estão em estado de alerta, com aumento no número de pacientes devido às vítimas das enchentes; Eduardo Leite fez apelo para que população não tente retornar às suas residências"
Sobe para 126 o número de mortos em decorrência das chuvas no Rio Grande do Sul,https://jovempan.com.br/noticias/brasil/com-queda-brusca-de-temperatura-e-mais-chuvas-rs-chega-a-113-mortos-e-mais-de-337-mil-desabrigados.html,10/05/2024 10h42,"Estado contabiliza quase 2 milhões de pessoas afetadas, 756 feridos e 441 municípios atingidos; previsão de chuva e queda de temperatura preocupam as autoridades"
Maranhão tem 31 cidades em situação de emergência após fortes chuvas,https://jovempan.com.br/noticias/brasil/maranhao-tem-1-031-familias-desabrigadas-devido-as-fortes-chuvas.html,10/05/2024 10h17,Município de Santa Inês é o único em estado de calamidade pública
Enchentes no Rio Grande do Sul: mais de 327 mil desalojados,https://jovempan.com.br/noticias/brasil/enchentes-no-rio-grande-do-sul-mais-de-327-mil-desalojados.html,10/05/2024 06h51,"Número de desalojados no RS mais que dobrou em 24h, atingindo mais de 327 mil pessoas; previsão de chuvas fortes nos próximos dias"
Morador de São Leopoldo se emociona ao falar sobre desastre no RS: ‘Perdi tudo’,https://jovempan.com.br/programas/jornal-da-manha/morador-de-sao-leopoldo-se-emociona-ao-falar-sobre-desastre-no-rs-perdi-tudo.html,09/05/2024 12h32,Daniel Daut falou à reportagem da Jovem Pan News sobre luta para encontrar segurança para sua família nos andares superiores de edifícios próximos
"Sobe para 107 o número de mortos no RS, que tem cerca de 165 mil desalojados devido às chuvas",https://jovempan.com.br/noticias/brasil/sobe-para-107-o-numero-de-mortos-no-rs-que-tem-quase-165-mil-desalojados.html,09/05/2024 10h15,"Em todo o Estado já são 425 os municípios atingidos, afetando 1.476.170 pessoas. Os abrigos atendem 67.542 cidadãos"
"Chuvas no Rio Grande do Sul afetam quase 1,5 milhão de pessoas",https://jovempan.com.br/noticias/brasil/chuvas-no-rio-grande-do-sul-afetam-quase-15-milhao-de-pessoas.html,08/05/2024 22h10,"De acordo com o último boletim da Defesa Civil, cerca de 520,7 mil de indivíduos estão vivendo em áreas que precisaram ser evacuadas devido às enchentes que assolam o Estado e  163,8 mil estão desabrigadas"
Bebê desaparece em enchente durante resgate no RS e mãe usa redes sociais para pedir ajuda,https://jovempan.com.br/noticias/brasil/bebe-desaparece-em-enchente-durante-resgate-no-rs-e-mae-usa-redes-sociais-para-pedir-ajuda.html,08/05/2024 18h02,Família é composta pelo casal Gabrielli e Alisson e os quatro filhos; duas das crianças estão internadas
Quase 400 mil alunos foram afetados com as chuvas do RS,https://jovempan.com.br/noticias/brasil/quase-400-mil-alunos-foram-afetados-com-as-chuvas-do-rs.html,08/05/2024 16h54,"Escolas mais atingidas estão nas regiões de Porto Alegre, São Leopoldo, Estrela, Guaíba, Cachoeira do Sul, Canoas e Gravataí"
Chuvas intensas em Porto Alegre interrompem trabalhos de resgate,https://jovempan.com.br/noticias/brasil/chuvas-intensas-em-porto-alegre-interrompem-trabalhos-de-resgate.html,08/05/2024 16h49,A prefeitura da cidade emitiu um comunicado orientando a suspensão temporária das operações de resgate com barcos devido às condições climáticas adversas; município prevê chuva de até 15 milímetros
FAB resgata vítimas das enchentes no Rio Grande do Sul,https://jovempan.com.br/noticias/brasil/pessoa-em-estado-grave-e-mulher-em-trabalho-de-parto-sao-resgatados-pela-fab-no-rio-grande-do-sul.html,08/05/2024 15h24,Operação Taquari II tem ajudado as vítimas das enchentes e nas doações de suprimentos e produtos básicos
"Ex-BBBs Amanda, Thelminha e Marcela vão para RS ajudar a atender vítimas das enchentes",https://jovempan.com.br/entretenimento/famosos/ex-bbbs-amanda-thelminha-e-marcela-vao-para-rs-ajudar-a-atender-vitimas-das-enchentes.html,08/05/2024 11h47,"Em vídeo compartilhado nas redes sociais, as médicas pedem doações de medicamentos, roupas e suprimentos hospitalares"
Ciclone extratropical na Argentina pode levar ventos fortes e mais chuvas ao Rio Grande do Sul,https://jovempan.com.br/noticias/brasil/ciclone-extratropical-traz-ventos-fortes-e-mais-chuvas-ao-rio-grande-do-sul.html,08/05/2024 08h29,"Chegada do ciclone também deve causar queda acentuada nas temperaturas, o que pode dificultar as buscas por desaparecidos e as ações de resgate"
INSS anuncia antecipação de aposentadoria e outros benefícios para vítimas das enchentes no Rio Grande do Sul,https://jovempan.com.br/noticias/economia/inss-anuncia-antecipacao-de-aposentadoria-e-outros-beneficios-para-vitimas-das-enchentes-no-rio-grande-do-sul.html,07/05/2024 14h37,"Medida prevê a liberação conjunta dos pagamentos referentes aos meses de maio e junho, começando no próximo dia 24; serão contemplados os moradores de municípios declarados em estado de calamidade pública"
"Rio Grande do Sul chega a 95 mortos, 131 desaparecidos e 401 cidades afetadas pelas chuvas intensas",https://jovempan.com.br/noticias/brasil/rs-tem-90-mortos-e-132-desaparecidos-por-conta-dos-temporais-governo-emite-alerta-de-risco-para-municipios-ao-sul-do-estado.html,07/05/2024 10h55,"Estado projeta novas inundações com chegada de frente fria, sobretudo na Serra Gaúcha e no Vale do Taquari; além do caos provocado pelas enchentes, região metropolitana sofre com onda de roubos e saques"
CNA anuncia doação para vítimas das enchentes no Rio Grande do Sul,https://jovempan.com.br/noticias/brasil/cna-anuncia-doacao-para-vitimas-das-enchentes-no-rio-grande-do-sul.html,06/05/2024 14h03,A Confederação da Agricultura e Pecuária do Brasil vai doar R$ 2 milhões para ajudar os afetados pelas chuvas na região; valor será doado para o projeto “Band Abraça o Rio Grande do Sul”
Bancos adotam medidas para ajudar vítimas das chuvas no Rio Grande do Sul,https://jovempan.com.br/noticias/economia/bancos-adotam-medidas-para-ajudar-vitimas-das-chuvas-no-rio-grande-do-sul.html,05/05/2024 22h50,"Itaú, Bradesco, Santander, BTG Pactual, Banco do Brasil e Caixa Econômica Federal liberaram ‘saque calamidade’ do FGTS e auxílio para funcionários e familiares"
Papa Francisco expressa solidariedade às vítimas das enchentes no Rio Grande do Sul,https://jovempan.com.br/noticias/brasil/papa-francisco-expressa-solidariedade-as-vitimas-das-enchentes-no-rio-grande-do-sul.html,05/05/2024 21h25,"Chuvas já afetaram mais de 300 municípios, causando danos e deixando um rastro de destruição"
"Após chuvas no Rio Grande do Sul, governo articula criação de plano nacional de prevenção de tragédias climáticas",https://jovempan.com.br/noticias/brasil/apos-chuvas-no-rio-grande-do-sul-governo-planeja-criacao-de-plano-nacional-de-prevencao-de-tragedias-climaticas.html,05/05/2024 18h35,"Presidente anunciou medidas de socorro para o Estado e revelou que a ministra do Meio Ambiente, Marina Silva, criará estratégias para mitigar danos"
Lula anuncia apoio federal para reconstrução de rodovias no RS após enchentes,https://jovempan.com.br/noticias/brasil/lula-anuncia-apoio-federal-para-reconstrucao-de-rodovias-no-rs-apos-enchentes.html,05/05/2024 15h59,"Durante um pronunciamento após sobrevoar a região metropolitana de Porto Alegre, petista afirmou que o Ministério dos Transportes irá auxiliar na recuperação das estradas estaduais"
Chuvas no RS: FAB usa aeronave não tripulada para auxiliar no resgate,https://jovempan.com.br/noticias/brasil/chuvas-no-rs-fab-usa-aeronave-nao-tripulada-para-auxiliar-no-resgate.html,05/05/2024 15h00,"Comunicação entre o operador e o avião é feita por satélite, o que permite uma maior cobertura; mais de 88 mil moradores estão desalojados"
Prefeita de Poço das Antas dá detalhes sobre situação de cidade atingida pelas chuvas,https://jovempan.com.br/noticias/brasil/prefeita-de-poco-das-antas-da-detalhes-sobre-situacao-de-cidade-atingida-pelas-chuvas.html,05/05/2024 14h41,"Vânia Brackmann concedeu entrevista ao Fast News, falou sobre preocupação com possíveis deslizamentos na cidade e projetou reconstrução da cidade"
STF suspende prazos processuais no Rio Grande do Sul devido às enchentes,https://jovempan.com.br/noticias/brasil/stf-suspende-prazos-processuais-no-rio-grande-do-sul-devido-as-enchentes.html,05/05/2024 07h39,Medida visa assegurar que as partes envolvidas tenham tempo hábil para se reorganizarem diante da situação de emergência vivenciada no Estado
Toda a região metropolitana de Porto Alegre sofre com alagamentos,https://jovempan.com.br/noticias/brasil/toda-a-regiao-metropolitana-de-porto-alegre-sofre-com-alagamentos.html,04/05/2024 20h15,"Consequências se estendem por cidades vizinhas da capital gaúcha como Canoas, Esteio, Eldorado do Sul e Sapucaia"
Tragédia causada pelas chuvas no Rio Grande do Sul já afeta meio milhão de pessoas,https://jovempan.com.br/noticias/brasil/tragedia-causada-pelas-chuvas-no-rio-grande-do-sul-ja-afeta-meio-milhao-de-pessoas.html,04/05/2024 19h45,Estado tem 418 mil pontos sem energia elétrica e cerca de 1 milhão de domicílios sem abastecimento de água; Gramado e Santa Maria são as cidades mais impactadas
Saiba como ajudar as vítimas das chuvas no Rio Grande do Sul,https://jovempan.com.br/noticias/brasil/saiba-como-ajudar-as-vitimas-das-chuvas-no-rio-grande-do-sul.html,03/05/2024 15h49,Autoridades e famosos reforçam campanha de doações de sangue e recursos após devastação causada pelas enchentes no Estado
Rio Grande do Sul já tem 39 mortos devido às intensas chuvas que atingem o Estado,https://jovempan.com.br/noticias/brasil/rio-grande-do-sul-ja-tem-37-mortos-devido-as-intensas-chuvas-que-atingem-o-estado.html,03/05/2024 15h01,"Estado já tem quase 8 mil pessoas em abrigos e outros 23.598 desalojados; CBF adiou partidas envolvendo times gaúchos no Brasileiro, e governo adiou as provas do Concurso Nacional Unificado (CNU)"
Governo adia ‘Enem dos Concursos’ devido às chuvas no Rio Grande do Sul,https://jovempan.com.br/noticias/brasil/governo-adia-enem-dos-concursos-devido-as-chuvas-no-rio-grande-do-sul.html,03/05/2024 14h30,"Ministério da Gestão havia informado que provas seriam mantidas mesmo no Estado, mas mudou de ideia para não prejudicar nenhum candidato; nova data deve ser informada no prazo de suas semanas"
"Chuvas chegam a Santa Catarina, causam estragos e deixam um morto",https://jovempan.com.br/noticias/brasil/chuvas-causam-estragos-e-deixam-morto-em-santa-catarina.html,03/05/2024 14h02,"Fortes chuvas em Santa Catarina deixam um morto, feridos e desabrigados. Tornado também é registrado, causando estragos"
CBF adia jogos de equipes gaúchas devido às fortes chuvas no Rio Grande do Sul,https://jovempan.com.br/noticias/brasil/cbf-adia-jogos-de-equipes-gauchas-devido-as-fortes-chuvas-no-rio-grande-do-sul.html,03/05/2024 13h13,"Medida afeta 12 jogos de diversas competições e divisões do futebol brasileiro; Estado vive situação de emergência, com 31 mortos, 74 desaparecidos e 56 feridos"
União e Estados devem rejeitar acordo de R$ 127 bi de mineradoras envolvidas na tragédia de Mariana,https://jovempan.com.br/noticias/brasil/uniao-e-estados-devem-rejeitar-acordo-de-r-127-bi-de-mineradoras-envolvidas-na-tragedia-de-mariana.html,02/05/2024 23h23,"Expectativa é que os entes públicos deem uma resposta conjunta nesta sexta-feira,(3)"
"Chuva no RS: Rio Guaíba ultrapassa cota de inundação, e água invade o Cais Mauá",https://jovempan.com.br/noticias/brasil/chuva-no-rs-rio-guaiba-ultrapassa-cota-de-inundacao-e-agua-invade-o-cais-maua.html,02/05/2024 18h25,"Defesa Civil orientou moradores de Porto Alegre, Guaíba e Eldorado do Sul, a evacuarem e buscarem abrigos públicos ou locais seguros"
Sobe para 31 o número de mortes devido às fortes chuvas no Rio Grande do Sul,https://jovempan.com.br/noticias/brasil/sobe-para-32-o-numero-de-mortes-devido-as-fortes-chuvas-no-rio-grande-do-sul.html,02/05/2024 11h13,"A Defesa Civil registra 29 mortes e demais foram confirmadas por prefeituras, Corpo de Bombeiros, Polícia Militar e órgãos locais; cerca de 67 mil pessoas foram atingidas pelo desastre ambiental no Rio Grande do Sul"
Eduardo Leite diz que Rio Grande do Sul vive pior tragédia da história e não tem capacidade para fazer todos os resgates,https://jovempan.com.br/noticias/brasil/eduardo-leite-diz-que-rio-grande-do-sul-vive-pior-tragedia-da-historia-e-nao-tem-capacidade-para-fazer-todos-os-resgates.html,01/05/2024 20h05,"Governador pediu socorro para o presidente Luiz Inácio Lula da Silva, dizendo que o Estado vive ‘situação de guerra’; saldo até agora é de 10 mortos, 21 desaparecidos e 11 feridos, além de mais de 3.400 desalojados"
FAB auxilia no resgate de pessoas ilhadas pelas enchentes no Rio Grande do Sul,https://jovempan.com.br/noticias/brasil/fab-auxilia-no-resgate-de-pessoas-ilhadas-pelas-enchentes-no-rio-grande-do-sul.html,01/05/2024 14h38,Dois helicópteros H-60 Black Hawk foram mobilizados para a missão humanitária; temporais no Estado já deixaram dez mortos e 21 desaparecidos
Vice-presidente da Braskem admite culpa da empresa no desastre ambiental de Maceió,https://jovempan.com.br/noticias/brasil/vice-presidente-da-braskem-admite-culpa-da-empresa-no-desastre-ambiental-de-maceio.html,10/04/2024 15h40,"Petroquímica fazia extração de sal-gema na capital alagoana, mas atividade resultou no afundamento do solo e, consequentemente, na evacuação de diversos bairros"
Chuvas em Salvador causam alagamentos e deslizamentos,https://jovempan.com.br/noticias/brasil/chuvas-em-salvador-causam-alagamentos-e-deslizamentos.html,08/04/2024 23h54,"Sirenes foram acionadas em 14 localidades da periferia da cidade, orientando os moradores a deixarem suas casas"
Espírito Santo tem ao menos 20 mil desalojados por causa das chuvas,https://jovempan.com.br/noticias/brasil/espirito-santo-tem-ao-menos-20-mil-desalojados-por-causa-das-chuvas.html,27/03/2024 17h39,Previsão para os próximos dias é de mais temporal; número de mortos chegou a 20
Espírito Santo contabiliza 19 mortos por consequência das chuvas,https://jovempan.com.br/noticias/brasil/espirito-santo-contabiliza-19-mortos-por-consequencia-das-chuvas.html,25/03/2024 18h58,"Estima-se que 7.287 mil pessoas estejam desalojadas, e outras 411 desabrigadas nos municípios de Apiacá, Mimoso do Sul, Vargem Alta e Bom Jesus do Norte"
Sobe para 25 o número de mortos pelas chuvas no Sudeste,https://jovempan.com.br/noticias/brasil/sobe-para-25-o-numero-de-mortos-pelas-chuvas-no-sudeste.html,24/03/2024 23h27,
Governo do Espírito Santo libera R$ 50 milhões para vítimas das chuvas,https://jovempan.com.br/noticias/brasil/governo-do-espirito-santo-libera-r-50-milhoes-para-vitimas-das-chuvas.html,24/03/2024 23h04,"Com 17 mortes confirmadas e milhares de pessoas desalojadas e desabrigadas, a situação nas cidades do sul capixaba é de extrema gravidade"
Chuvas deixam 17 mortes no Espírito Santo,https://jovempan.com.br/noticias/brasil/chuvas-deixam-17-mortes-no-espirito-santo.html,24/03/2024 21h17,"Desalojados no estado são mais de 5,4 mil e desalojados, 255"
Sobe para 24 o número de mortos por chuvas no Rio de Janeiro e Espírito Santo,https://jovempan.com.br/noticias/brasil/sobe-para-20-o-numero-de-mortos-por-chuvas-no-rio-de-janeiro-e-espirito-santo.html,24/03/2024 10h45,"Inmet (Instituto Nacional de Meteorologia) prevê mais chuvas para o Sudeste do Brasil para este domingo, 24"
Chuvas atingem sudeste do Brasil e deixam ao menos 12 mortos,https://jovempan.com.br/noticias/brasil/chuvas-atingem-sudeste-do-brasil-e-deixam-ao-menos-12-mortos.html,23/03/2024 20h31,"Rio de Janeiro e Espírito Santo foram as regiões mais afetadas; estado carioca contabiliza oito vítimas fatais, enquanto o capixaba soma quatro"
Defesa Civil socorre vítimas das chuvas no Rio de Janeiro e Espírito Santo,https://jovempan.com.br/noticias/brasil/defesa-civil-socorre-vitimas-das-chuvas-no-rio-de-janeiro-e-espirito-santo.html,23/03/2024 17h11,"Ao menos nove pessoas já morreram, sendo sete no Rio de Janeiro e nove no Espírito Santo"
"Chuvas desalojam 1,2 mil pessoas no Espírito Santo",https://jovempan.com.br/noticias/brasil/chuvas-desalojam-12-mil-pessoas-no-espirito-santo.html,23/03/2024 13h55,"Em várias cidades do Estado houve deslizamentos, alagamentos e enxurradas;"
Sobe para 8 número de mortos pelas chuvas no Rio; Petrópolis decreta emergência,https://jovempan.com.br/noticias/brasil/sobe-para-7-numero-de-mortos-pelas-chuvas-no-rio-petropolis-decreta-emergencia.html,23/03/2024 11h46,"De acordo com a Defesa Civil de Petrópolis, já foram registrados 75 deslizamentos no município; previsão para este sábado é de mais chuva na Baixada Fluminense"
"Chuva na região serrana do Rio pode ter mesmo volume que causou tragédia em 2011, alerta Cemaden",https://jovempan.com.br/noticias/brasil/chuva-na-regiao-serrana-do-rio-pode-ter-mesmo-volume-que-causou-tragedia-em-2011-alerta-cemaden.html,22/03/2024 19h16,"Neste fim de semana, RJ deve enfrentar temporais com acumulados superiores a 200 milímetros por dia"
Petrópolis está em estado de alerta após chuvas intensas,https://jovempan.com.br/noticias/brasil/petropolis-esta-em-estado-de-alerta-apos-chuvas-intensas.html,22/03/2024 18h29,Sistema de sirenes da cidade foi acionado para alertar a população sobre a situação
"Por risco de tempestades, Parque da Ciência, no Butantan, estará fechado neste sábado",https://jovempan.com.br/noticias/brasil/por-risco-de-tempestades-parque-da-ciencia-no-butantan-estara-fechado-neste-sabado.html,22/03/2024 15h27,"Ingressos que foram previamente adquiridos poderão ser utilizados em data futura, sem prejuízos para os visitantes, segundo o Butantan"
Cidade do Rio decreta ponto facultativo por previsão de chuva forte,https://jovempan.com.br/noticias/brasil/cidade-do-rio-decreta-ponto-facultativo-por-previsao-de-chuva-forte.html,22/03/2024 08h51,Objetivo é reduzir circulação de pessoas na capital
"Chuva provoca estragos, alagamentos e deslizamento de terra no Estado de São Paulo e deixa uma pessoa morta",https://jovempan.com.br/noticias/brasil/chuva-provoca-estragos-alagamentos-e-deslizamento-de-terra-no-estado-de-sao-paulo-e-deixa-uma-pessoa-morta.html,10/03/2024 15h57,Jovem de 20 anos foi levada pela enxurrada na cidade de Brotas; bombeiros encontraram o corpo dela neste domingo
Inmet emite alerta de tempestade para Sul do Brasil e chuvas no Nordeste,https://jovempan.com.br/noticias/brasil/inmet-emite-alerta-de-tempestade-para-sul-do-brasil-e-chuvas-no-nordeste.html,09/03/2024 09h24,"Regiões enfrentam possibilidade de granizo, ventos fortes e riscos de danos; Rio e São Paulo podem ter chuvas fracas"
Inmet alerta para perigo de chuva forte em todo o Brasil nesta sexta-feira,https://jovempan.com.br/noticias/brasil/inmet-alerta-para-perigo-de-chuva-forte-em-todo-o-brasil-nesta-sexta-feira.html,08/03/2024 07h50,"Segundo o instituto, o país deve enfrentar temporais até 11 de março; há risco de corte de energia, queda de galhos de árvores e alagamentos"
Inmet emite alerta de chuvas intensas em todo o Brasil,https://jovempan.com.br/noticias/brasil/inmet-emite-alerta-de-chuvas-intensas-em-todo-o-brasil.html,07/03/2024 11h30,"Aviso aponta risco de corte de energia elétrica, queda de galhos de árvores e alagamentos"
"Chuva alaga ruas de São Paulo, invade estações de trem e metrô e deixa pessoas ilhadas",https://jovempan.com.br/noticias/brasil/chuva-alaga-ruas-de-sao-paulo-invade-estacoes-de-trem-e-metro-e-deixa-pessoas-ilhadas.html,05/03/2024 21h08,"Tempestade causou transtornos nas obras da Linha Laranja do Metrô, deixou estação da Luz sem energia e impediu transferência em alguns terminais; carros ficaram submersos em diversos pontos da cidade"
"Defesa Civil diz que Acre tem ‘probabilidade muito alta’ de enxurradas, alagamentos e inundações",https://jovempan.com.br/noticias/brasil/defesa-civil-diz-que-acre-tem-probabilidade-muito-alta-de-enxurradas-alagamentos-e-inundacoes.html,03/03/2024 10h47,Número de cidades em situação de emergência subiu de 17 para 19; estima-se que cerca de 100 mil pessoas foram afetadas pelas cheias no Estado
Chuva forte em São Paulo causa 13 pontos de alagamento e deixa cidade em estado de atenção,https://jovempan.com.br/noticias/brasil/cge-emite-alerta-para-fortes-chuvas-em-sao-paulo.html,20/02/2024 16h44,"A chuva iniciou pelo período da manhã, de forma isolada e sem concentração em uma região específica"
Mulher morre eletrocutada após usar chapinha e secador conectados na mesma extensão,https://jovempan.com.br/noticias/brasil/mulher-morre-eletrocutada-apos-usar-chapinha-e-secador-conectados-na-mesma-extensao.html,19/02/2024 13h15,Marido encontrou a vítima no chão com um fio de extensão enrolado no corpo
Temporal causa alagamentos em São Paulo e interrompe serviço em linha de trem,https://jovempan.com.br/noticias/brasil/temporal-causa-alagamentos-em-sao-paulo-e-interrompe-servico-em-linha-de-trem.html,18/02/2024 17h35,"Na Avenida Anhaia Melo, a água chegou no para-choque de alguns carros"
Inmet emite alerta de grande perigo para chuvas intensas no Rio de Janeiro e em São Paulo,https://jovempan.com.br/noticias/brasil/inmet-emite-alerta-de-grande-perigo-para-chuvas-intensas-no-rio-de-janeiro-e-em-sao-paulo.html,15/02/2024 15h38,"Vale do Paraíba, sul fluminense e região metropolitana do Rio devem ser as áreas mais afetadas; formação de um ciclone favorece instabilidades e pode ganhar força"
Parte do muro do Cemitério do Araçá cai após forte chuva em São Paulo,https://jovempan.com.br/noticias/brasil/parte-do-muro-do-cemiterio-do-araca-cai-apos-forte-chuva-em-sao-paulo.html,14/02/2024 17h08,A Defesa Civil afirmou que foram registrados 91mm acumulados de chuva nas últimas 12 horas em todo o Estado
Duas crianças morrem durante fortes chuvas na Bahia,https://jovempan.com.br/noticias/brasil/duas-criancas-morrem-durante-fortes-chuvas-na-bahia.html,28/01/2024 12h09,"Incidente ocorreu em Elísio Medrado, no interior do Estado, quando um carro com cinco ocupantes foi arrastado pela correnteza do Rio Paraguaçu"
São Paulo entra em estado de atenção após fortes chuvas que provocaram quedas de árvore e pontos de alagamentos,https://jovempan.com.br/noticias/brasil/sao-paulo-entra-em-estado-de-atencao-apos-fortes-chuvas-que-provocaram-quedas-de-arvore-e-pontos-de-alagamento.html,27/01/2024 22h15,"Após às 18h, o Corpo de Bombeiros havia registrado 26 chamados; não há registro de vítimas até o momento"
"Chuva diminui no litoral paulista, mas fechamento de rodovias prejudica volta para casa",https://jovempan.com.br/programas/jornal-da-manha/chuva-diminui-no-litoral-paulista-mas-fechamento-de-rodovias-prejudica-volta-para-casa.html,27/01/2024 08h11,Mogi-Bertioga e um trecho da Tamoios estão interditados devido a deslizamentos e outros problemas decorrentes dos temporais
Saiba qual a situação das rodovias Mogi-Bertioga e Tamoios após interdição devido a chuvas,https://jovempan.com.br/noticias/brasil/saiba-qual-a-situacao-das-rodovias-mogi-bertioga-e-tamoios-apos-interdicao-devido-a-chuvas.html,26/01/2024 16h13,"Queda de barreira, pedra e risco de deslizamento fizeram com que elas fossem interditadas entre a noite de quarta-feira, 24, e a manhã de quinta-feira, 25"
"Justiça condena Vale, Samarco e BHP a pagar R$ 47,6 bilhões por desastre de Mariana",https://jovempan.com.br/noticias/brasil/justica-condena-vale-samarco-e-bhp-a-pagar-r-476-bilhoes-por-desastre-de-mariana.html,26/01/2024 09h26,Juiz federal substituto Vinicius Cobucci determinou que a quantia vá para um fundo administrado pelo governo federal e seja utilizada em projetos e iniciativas nas áreas impactadas
Rodovia Mogi-Bertioga é interditada após deslizamento de barreira e pedra,https://jovempan.com.br/noticias/brasil/rodovia-mogi-bertioga-e-interditada-apos-deslizamento-de-barreira-e-pedra.html,25/01/2024 12h08,Previsão é que a rodovia só seja liberada na sexta-feira; outras rodovias também foram afetadas pelas chuvas
Defesa Civil de Minas Gerais informa que chuvas vão se estender até o domingo,https://jovempan.com.br/noticias/brasil/defesa-civil-de-minas-gerais-informa-que-chuvas-vao-se-estender-ate-o-domingo.html,24/01/2024 15h27,"Nesta terça, Corpo de Bombeiros atendeu a 162 chamados relacionados a quedas de árvores e desabamentos, além de 40 pedidos de socorro de pessoas ilhadas em regiões de alagamento"
Alerta de chuvas intensas em 21 Estados e no Distrito Federal nesta terça,https://jovempan.com.br/noticias/brasil/alerta-de-chuvas-intensas-em-21-estados-e-no-distrito-federal-nesta-terca.html,23/01/2024 07h47,"Boletim meteorológico do Inmet aponta para a ocorrência de temporais e ‘perigo iminente’ em regiões de São Paulo e Minas Gerais; há riscos de formação de enxurradas, inundações e alagamentos"
Chuva intensa causa alagamentos e bloqueia Avenida Brasil no Rio de Janeiro,https://jovempan.com.br/noticias/brasil/chuva-intensa-causa-alagamentos-e-bloqueia-avenida-brasil-no-rio-de-janeiro.html,21/01/2024 09h44,Prefeito Eduardo Paes fez apelo para que a população evite se deslocar pela cidade durante temporais
"Temporal provoca deslizamentos, queda de árvore e alagamentos no Rio de Janeiro; sirenes são acionadas",https://jovempan.com.br/noticias/brasil/temporal-provoca-deslizamentos-queda-de-arvore-e-alagamentos-no-rio-de-janeiro-sirenes-sao-acionadas.html,21/01/2024 07h46,"Segundo o Centro de Operações da Prefeitura, a capital fluminense entrou no Estágio 3 na madrugada deste domingo, 21, o que indica que ‘uma ou mais ocorrências já impactam o município’"
São Paulo entra em ‘estado de atenção’ após chuvas intensas neste sábado,https://jovempan.com.br/noticias/brasil/sao-paulo-entra-em-estado-de-atencao-apos-chuvas-intensas-neste-sabado.html,20/01/2024 19h36,Previsão é de pancadas de chuva em todas as regiões da capital nas próximas horas
"Temporal em São Paulo causa alagamentos, queda de árvores e prejudica voos",https://jovempan.com.br/noticias/brasil/temporal-em-sao-paulo-causa-alagamentos-queda-de-arvores-e-prejudica-voos.html,19/01/2024 22h34,O Corpo de Bombeiros atendeu ocorrências em diversos pontos da capital e da região metropolitana
Brasil registra aumento de queimadas em 6% em 2023,https://jovempan.com.br/noticias/brasil/brasil-registra-aumento-de-queimadas-em-6-em-2023.html,19/01/2024 20h48,"Uma extensa área de mais de 17,3 milhões de hectares foi devastada pelo fogo no Brasil no ano passado"
Defesa Civil alerta para fortes chuvas em todo o Estado de São Paulo neste final de semana,https://jovempan.com.br/noticias/brasil/defesa-civil-alerta-para-fortes-chuvas-em-todo-o-estado-neste-final-de-semana.html,18/01/2024 21h04,Frente fria pode provocar grande volume de chuvas na Grande São Paulo e no litoral
São Paulo tem alerta para chuva forte e granizo; RS terá ventos de até 100km/h e temporais,https://jovempan.com.br/noticias/brasil/sao-paulo-tem-alerta-para-risco-de-chuva-forte-queda-de-granizo-e-transtornos.html,17/01/2024 08h52,"Frente fria avança pelo país e traz condições climáticas diversas em todas as regiões nesta quarta-feira, 17"
São Paulo entra em alerta de ‘perigo potencial’ para chuva intensa,https://jovempan.com.br/noticias/brasil/sao-paulo-entra-em-alerta-de-perigo-potencial-para-chuva-intensa.html,16/01/2024 12h57,"Acumulado na cidade já chegou a 136,4 mm, representando 53,2% do esperado para o mês; Rio de Janeiro, Região Norte e Sul do Brasil também vão ter instabilidades"
Sobe para 12 o número de mortos por causa das chuvas no RJ; governo antecipa Bolsa Família para famílias afetadas,https://jovempan.com.br/noticias/brasil/sobe-para-12-o-numero-de-mortos-por-causa-das-chuvas-no-rj-governo-antecipa-bolsa-familia-para-familias-afetadas.html,15/01/2024 17h16,"Pagamentos vão ocorrer no dia 18 devido ao estado de calamidade em Belford Roxo, São João de Meriti, Nova Iguaçu e na capital; prefeituras podem solicitar recursos da União para compra de alimentos, água e combustível"
"De volta das férias em Orlando devido às chuvas, Cláudio Castro faz cobrança ao governo federal",https://jovempan.com.br/noticias/brasil/de-volta-das-ferias-em-orlando-devido-as-chuvas-claudio-castro-faz-cobranca-ao-governo-federal.html,15/01/2024 16h16,"Gestor estadual pede que o Palácio do Planalto encontre uma solução para a rodovia BR-040, que ficou alagada após o temporal do fim de semana"
"Com previsão de novos temporais, RJ tem alerta de ‘perigo potencial’ e risco de alagamentos e deslizamentos",https://jovempan.com.br/noticias/brasil/com-previsao-de-novos-temporais-rj-tem-alerta-de-perigo-potencial-e-risco-de-alagamentos-e-deslizamentos.html,15/01/2024 07h28,"Segundo o Inmet e o Cemaden-RJ, a previsão é de mais chuva nesta segunda-feira, 15, podendo chegar a 50 mm no dia"
Cláudio Castro retorna de férias para lidar com crise causada pelas chuvas no Rio,https://jovempan.com.br/noticias/brasil/claudio-castro-retorna-de-ferias-para-lidar-com-crise-causada-pelas-chuvas-no-rio.html,14/01/2024 22h30,Governador do Rio de Janeiro tem uma reunião marcada na segunda-feira com representantes no Centro Integrado de Comando e Controle (CICC)
Eduardo Paes decreta estado de emergência no Rio de Janeiro devido às fortes chuvas,https://jovempan.com.br/noticias/brasil/eduardo-paes-decreta-estado-de-emergencia-no-rio-de-janeiro-devido-as-fortes-chuvas.html,14/01/2024 17h39,Ao menos nove pessoas morreram por causa dos temporais que atingiram diversas regiões da cidade
Grávida entra em trabalho de parto durante enchente no Rio e precisa ser resgatada de bote; veja vídeo,https://jovempan.com.br/noticias/brasil/gravida-entra-em-trabalho-de-parte-durante-enchente-no-rio-e-precisa-ser-resgatada-de-bote-veja-video.html,14/01/2024 16h43,"Mulher foi deslocada para o Hospital Municipal Ronaldo Gazolla que fica em Acari, Zona Norte da cidade"
Eduardo Paes agradece apoio do governo federal diante das fortes chuvas no Rio de Janeiro,https://jovempan.com.br/noticias/brasil/eduardo-paes-agradece-apoio-do-governo-federal-diante-das-fortes-chuvas-no-rio-de-janeiro.html,14/01/2024 15h39,Prefeito carioca reforçou a recomendação para que a população evite deslocamentos e permaneça atenta às informações fornecidas pelo Centro de Operações Rio
Chuvas em São Paulo deixam duas pessoas mortas; menino de seis anos foi levado pela enxurrada,https://jovempan.com.br/noticias/brasil/chuvas-em-sao-paulo-deixam-duas-pessoas-mortas-menino-de-seis-anos-foi-levado-pela-enxurrada.html,13/01/2024 20h32,"Capital paulista recebeu alerta para temporais nos próximos dias, com possibilidade de raios e intensas rajadas de vento"
Idoso morre em deslizamento de terra causado por chuvas em São Bernardo do Campo,https://jovempan.com.br/noticias/brasil/idoso-morre-em-deslizamento-de-terra-causado-por-chuvas-em-sao-bernardo-do-campo.html,13/01/2024 08h37,incidente ocorreu durante a madrugada deste sábado
Litoral de São Paulo tem alerta para fortes chuvas,https://jovempan.com.br/noticias/brasil/litoral-de-sao-paulo-tem-alerta-para-fortes-chuvas.html,12/01/2024 12h12,"Defesa Civil alerta para risco de deslizamentos, desabamentos, alagamentos, enchentes e ocorrências relacionadas a descargas elétricas e vento; mau tempo pode se estender até segunda-feira, 15"
Chuva causa caos em São Paulo pelo quarto dia consecutivo,https://jovempan.com.br/noticias/brasil/chuva-intensa-causa-alagamentos-e-transtornos-em-sao-paulo.html,11/01/2024 19h53,"Cidade saiu do estado de atenção, mas deve voltar a chover durante a madrugada; intensidade dos temporais aumentará a partir desta sexta-feira"
Motorista de caminhão se salva por pouco de cair de ponte destruída por enchente no Rio Grande do Sul; veja vídeo,https://jovempan.com.br/noticias/brasil/motorista-de-caminhao-se-salva-por-pouco-de-caia-de-ponte-destruida-por-enchente-no-rio-grande-do-sul-veja-video.html,11/01/2024 16h28,"Condutor conseguiu frear o veículo a tempo antes que ele despencasse; de acordo com relatos, ele teria ignorado sinais de bloqueio e continuou a dirigir pelo trecho sem parar"
Inmet alerta para chuvas intensas em São Paulo e Mato Grosso do Sul,https://jovempan.com.br/noticias/brasil/inmet-alerta-para-chuvas-intensas-em-sao-paulo-e-mato-grosso-do-sul.html,11/01/2024 15h19,População deve estar atenta aos alertas e recomendações das autoridades
"Chuva forte em São Paulo mata uma pessoa, causa alagamentos e deixa diversos bairros sem energia",https://jovempan.com.br/noticias/brasil/chuva-forte-em-sao-paulo-derruba-92-arvores-e-deixa-cidade-em-estado-de-atencao.html,09/01/2024 18h27,Homem de 62 anos saiu do carro em que estava e foi atingido por um cabo energizado; foi o segundo dia seguido de temporais e vendavais na capital paulista
São Paulo enfrenta novas pancadas de chuva e ventos de até 70km/h nesta terça,https://jovempan.com.br/noticias/brasil/sao-paulo-enfrenta-novas-pancadas-de-chuva-e-ventos-de-ate-70km-h-nesta-terca.html,09/01/2024 12h40,"Previsão aponta possibilidade de queda de galhos e árvores, assim como há risco de alagamentos e enchentes"
Parque do Ibirapuera permanece fechado após chuvas e queda de estrutura metálica,https://jovempan.com.br/noticias/brasil/parque-do-ibirapuera-permanece-fechado-apos-chuvas-e-queda-de-estrutura-metalica.html,09/01/2024 12h08,Quatro pessoas ficaram feridas no incidente e foram encaminhadas ao hospital
Enel restabelece energia de 70% dos clientes afetados pela forte chuva que atingiu São Paulo,https://jovempan.com.br/noticias/brasil/enel-restabelece-energia-de-70-dos-clientes-afetado-pela-forte-chuva-que-atingiu-sao-paulo.html,09/01/2024 10h05,Rajadas de ventos de até 76km/h causaram queda de árvores e galhos danificando trechos da rede elétrica; municípios mais atingidos foram São Paulo e Santo André
São Paulo deve ter temperaturas acima de 30°C nesta semana; chuva e calor atingem maioria das capitais do Brasil,https://jovempan.com.br/noticias/brasil/sao-paulo-deve-ter-temperaturas-acima-de-30c-nesta-semana-chuva-e-calor-atingem-maioria-das-capitais-do-brasil.html,08/01/2024 11h01,"Curitiba apresenta as temperaturas mais baixas, com mínimas entre 16°C e 20°C; tempo chuvoso deve se estender para as próximas semanas"
Distrito Federal se preocupa com casos de leptospirose após chuvas e enchentes,https://jovempan.com.br/noticias/brasil/distrito-federal-se-preocupa-com-casos-de-leptospirose-apos-chuvas-e-enchentes.html,06/01/2024 15h09,Secretaria de Saúde emitiu um alerta epidemiológico na região da Vila Cauhy e em outros pontos mais afetados da capital
Previsão de altas temperaturas e chuvas impactam produção de soja no Brasil,https://jovempan.com.br/noticias/brasil/previsao-de-altas-temperaturas-e-chuvas-impactam-producao-de-soja-no-brasil.html,05/01/2024 20h23,Condição climática esperada pelas próximas semanas é favorável para produção de soja
Inmet emite alerta de chuvas intensas em diversas regiões do Brasil; veja previsão,https://jovempan.com.br/noticias/brasil/inmet-emite-alerta-de-chuvas-intensas-em-diversas-regioes-do-brasil-veja-previsao.html,05/01/2024 13h35,Cidades do nordeste têm registrado altos volumes de chuva nos últimos dias
Chuvas intensas devem causar transtornos no Sul e Sudeste nesta sexta-feira,https://jovempan.com.br/noticias/brasil/chuvas-intensas-devem-causar-transtornos-no-sul-e-sudeste-nesta-sexta-feira.html,04/01/2024 21h05,Regiões vivem alerta de tempestade devido aos ventos úmidos e corredor de umidade associado à ZCAS
São Paulo terá pancadas de chuvas isoladas e rápidas nesta quinta; RJ tem previsão de raios e temporais,https://jovempan.com.br/noticias/brasil/sao-paulo-tera-pancadas-de-chuvas-isoladas-e-rapidas-nesta-quinta-rj-tem-previsao-de-raios-e-temporais.html,04/01/2024 07h32,"Previsão do tempo indica possibilidade de chuva em diversas regiões do Brasil, com destaque para Minas Gerais, Distrito Federal e Bahia"
Regiões Sul e Nordeste devem ter chuva forte nesta quarta-feira,https://jovempan.com.br/noticias/brasil/regioes-sul-e-nordeste-devem-ter-chuva-forte-nesta-quarta-feira.html,02/01/2024 20h49,Tempestade nesta terça-feira deixou ruas de Porto Alegre inundadas; deve fazer calor em algumas áreas como Mato Grosso do Sul e oeste de São Paulo
Janeiro deve ter chuvas e temperaturas acima da média no Brasil,https://jovempan.com.br/programas/jornal-da-manha/janeiro-deve-ter-chuvas-e-temperaturas-acima-da-media-no-brasil.html,01/01/2024 12h23,Regiões do norte e nordeste vão ser as mais afetadas; expectativa é de um verão mais quente do que o de 2023
Bacia Amazônica registra menor volume de chuva em mais de 40 anos,https://jovempan.com.br/noticias/brasil/bacia-amazonica-registra-menor-volume-de-chuva-em-mais-de-40-anos.html,25/12/2023 20h35,Pesquisa do Centro Científico da União Europeia mostra os impactos dessa falta de chuva foram sentidos nos rios e na biodiversidade
Deslizamentos de rochas são registrados na Chapada dos Guimarães na região do Portão do Inferno,https://jovempan.com.br/programas/jornal-da-manha/deslizamentos-de-sao-registrados-na-chapada-dos-guimaraes-na-regiao-do-portao-do-inferno.html,25/12/2023 10h48,Governo de Mato Grosso decretou situação de emergência na área
Defesa Civil de São Paulo alerta para pancadas de chuva na véspera de Natal,https://jovempan.com.br/programas/jornal-da-manha/defesa-civil-de-sao-paulo-alerta-pancadas-de-chuva-na-vespera-de-natal.html,24/12/2023 10h51,"Durante a tarde deste sábado, 23, temporais causaram alagamentos na capital paulista, Região Metropolitana e interior"
Temporal com rajadas de vento provoca alagamentos e quedas de árvores em SP,https://jovempan.com.br/noticias/brasil/temporal-com-rajadas-de-vento-provoca-alagamentos-e-quedas-de-arvores-em-sp.html,23/12/2023 18h34,"Pancadas de chuva devem ocorrer de forma isolada com intensidade moderada a forte em alguns momentos, elevando o potencial para a formação de alagamentos no domingo, 24"
"Defesa Civil de SP alerta para Natal com chuva, rajadas de vento e até queda de granizo",https://jovempan.com.br/noticias/brasil/defesa-civil-de-sp-alerta-para-natal-com-chuva-rajadas-de-vento-e-ate-queda-de-granizo.html,23/12/2023 12h18,Previsão é de oscilação da temperatura entre 20°C e 30°C na capital paulista
"Rio Grande do Sul entra em alerta para tempestades, e ventos podem chegar a 100 km/h",https://jovempan.com.br/noticias/brasil/rio-grande-do-sul-entra-em-alerta-para-tempestades-e-ventos-podem-chegar-a-100-km-h.html,18/12/2023 10h48,"Segundo Inmet, há possibilidade de queda de granizo;estado foi atingido por por fortes chuvas nos últimos meses"
Onda de calor e alertas de chuva atingem regiões do Brasil; veja previsão,https://jovempan.com.br/noticias/brasil/onda-de-calor-e-alertas-de-chuva-atingem-regioes-do-brasil-veja-previsao.html,15/12/2023 08h10,"Temperaturas podem chegar perto dos 40°C em cidades do interior de São Paulo, Rio de Janeiro e Minas Gerais; no Sul, chuva persiste no Rio Grande do Sul e em Santa Catarina"
Governo de Alagoas alerta para desastre em mina da Braskem em Maceió: ‘Risco iminente de colapso’,https://jovempan.com.br/noticias/brasil/governo-de-alagoas-alerta-para-desastre-em-mina-da-braskem-em-maceio-risco-iminente-de-colapso.html,30/11/2023 19h32,"Administração estadual classifica o caso como ‘maior crime ambiental urbano do mundo’; presidente em exercício, Alckmin envia ministros para monitorar a região"
Prédio desaba em Gramado em decorrência das chuvas no Rio Grande do Sul,https://jovempan.com.br/noticias/brasil/predio-desaba-em-gramado-em-decorrencia-das-chuvas-no-rio-grande-do-sul.html,23/11/2023 10h33,Todos os moradores do foram desalojados e não houve registro de feridos; temporais mataram cinco pessoas no Estado e deixaram mais de 24 mil pessoas desalojadas
Chuvas na região Sul do país deixam mais de 20 mil pessoas fora de casa,https://jovempan.com.br/noticias/brasil/chuvas-na-regiao-sul-do-pais-deixam-mais-de-20-mil-pessoas-fora-de-casa.html,21/11/2023 11h50,"Desde 15 de novembro, Rio Grande do Sul registrou vendavais, enxurradas, inundações, soterramentos e uma microexplosão; Santa Catarina está em alerta para novos temporais"
Chuvas deixam mais de 13 mil desalojados no RS; SC é atingida por quinto tornado,https://jovempan.com.br/noticias/brasil/chuvas-deixam-mais-de-13-mil-desalojados-no-rs-sc-e-atingida-por-quinto-tornado.html,20/11/2023 21h04,Pelo menos sete pessoas morreram em decorrências do temporais no Sul do país
Rio Guaíba atinge maior nível desde histórica enchente de 1941 em Porto Alegre,https://jovempan.com.br/noticias/brasil/rio-guaiba-atinge-maior-nivel-desde-historica-enchente-de-1941-em-porto-alegre.html,20/11/2023 17h27,Fortes chuvas que atingem o Rio Grande do Sul desde a última quarta-feira já causaram a morte de pelo menos quatro pessoas e deixaram 2.653 desabrigadas
Chuvas atingem 138 cidades no Rio Grande do Sul e deixam quatro pessoas mortas,https://jovempan.com.br/noticias/brasil/chuvas-atingem-38-cidades-no-rio-grande-do-sul-e-deixa-tres-pessoas-mortas.html,19/11/2023 15h45,"Corpo de homem arrastado dentro de veículo foi localizada a 13 metros de profundidade no Rio da Prata, em Vila Flores; ontem, duas mulheres morreram soterradas"
Tarcísio promete reforçar estruturas contra desastres em São Paulo,https://jovempan.com.br/programas/jornal-da-manha/tarcisio-promete-reforcar-estruturas-contra-desastres-em-sao-paulo.html,19/11/2023 10h05,"Com a previsão de temporais em diferentes municípios, governador destacou que o Estado investirá em ações preventivas"
"Defesa Civil diz que frente fria chega a SP no fim da tarde deste sábado e vai causar chuvas com granizo, raios e ventos fortes",https://jovempan.com.br/programas/jornal-da-manha/defesa-civil-diz-que-frente-fria-chega-a-sp-no-fim-da-tarde-deste-sabado-e-vai-causar-chuvas-com-granizo-raios-e-ventos-fortes.html,18/11/2023 08h24,Temporal deve atingir o Estado por volta das 16h com um acumulado de até 150 mm; ventania pode chegar até 100 km/h
Enel monta plano de ação para enfrentar tempestades em São Paulo no final de semana,https://jovempan.com.br/noticias/brasil/enel-monta-de-plano-acao-para-enfrentar-tempestades-em-sao-paulo-no-final-de-semana.html,17/11/2023 15h10,"Após chuvas que causaram grandes quedas de energia, empresa se prepara para atuar em novas ocorrências no fim de semana; novo canal de comunicação pretende facilitar registro de falta de luz"
"Frente fria chega a São Paulo no final de semana, ameniza onda de calor, mas traz chuva e rajadas de vento",https://jovempan.com.br/noticias/brasil/frente-fria-chega-a-sao-paulo-no-final-de-semana-ameniza-onda-de-calor-mas-traz-pancadas-de-chuva.html,17/11/2023 14h24,"No domingo, 19, mínimas oscilam em torno dos 19°C, enquanto as máximas não devem superar os 25°C; termômetros devem chegar a 11°C na segunda-feira, 20"
"Defesa Civil de SP mostra preocupação com efeitos das chuvas sobre a região metropolitana, o Vale do Ribeira e o litoral",https://jovempan.com.br/programas/jornal-da-manha/defesa-civil-de-sp-mostra-preocupacao-com-efeitos-das-chuvas-sobre-a-regiao-metropolitana-o-vale-do-ribeira-e-o-litoral.html,17/11/2023 10h57,Constantes queda de árvores nos últimos temporais deixa o órgão em alerta; governo do Estado vai anunciar a criação de um gabinete de crise contra os temporais que atingirá o território paulista nos próximos dias
Tarcísio convoca reunião e cria gabinete de crise para chuva do fim de semana,https://jovempan.com.br/noticias/brasil/tarcisio-convoca-reuniao-e-cria-gabinete-de-crise-para-chuva-do-fim-de-semana.html,17/11/2023 07h43,"O governador de São Paulo vai anunciar hoje a criação do grupo, que vai funcionar até domingo"
Defesa Civil de São Paulo alerta para ventos fortes e tempestades,https://jovempan.com.br/noticias/brasil/defesa-civil-de-sao-paulo-alerta-para-ventos-fortes-e-tempestades.html,16/11/2023 12h34,"Estado de atenção para fenômenos climáticos tem validade entre sexta-feira, 17, e domingo, 19"
Bairros de São Paulo amanhecem sem luz após chuva na noite de quarta-feira,https://jovempan.com.br/noticias/brasil/bairros-de-sao-paulo-amanhecem-sem-luz-apos-chuva-na-noite-de-quarta-feira.html,16/11/2023 08h58,"Segundo a Enel, as Zonas Norte, Sul e Oeste da capital foram as mais afetadas pela nova falha; rajadas de vento e tempestades devem atingir o Estado nos próximos dias"
"SP e outras três capitais devem bater recorde na quinta, mas chuvas derrubam temperatura a partir da sexta",https://jovempan.com.br/noticias/brasil/sp-e-outras-tres-capitais-devem-bater-recorde-na-quinta-mas-chuvas-derrubam-temperatura-a-partir-da-sexta.html,15/11/2023 14h46,"Chegada de frente fria ameniza onda de calor extremo que atinge o país desde a primeira semana de novembro; termômetros devem ultrapassar os 40ºC em Teresina, no Piauí"
"Calor extremo causa desconforto nas ruas, provoca tempestades e faz consumo de energia bater recorde histórico",https://jovempan.com.br/noticias/brasil/calor-extremo-causa-desconforto-no-transporte-publico-e-faz-consumo-de-energia-bater-recorde-historico.html,14/11/2023 12h51,Brasileiros sofrem com as altas temperaturas no trajeto para o trabalho ou a escola; Centro-Oeste e Sudeste podem ter problemas com chuva frequente e em grande volume
Inmet alerta para risco de chuvas intensas no Rio Grande do Sul,https://jovempan.com.br/noticias/brasil/inmet-alerta-para-risco-de-chuvas-intensas-no-rio-grande-do-sul.html,12/11/2023 13h23,População deve tomar precauções e buscar abrigo em locais seguros
São Paulo chega a oito mortes decorrentes das chuvas que castigaram o Estado,https://jovempan.com.br/noticias/brasil/sao-paulo-chega-a-oito-mortes-decorrentes-das-chuvas-que-castigaram-o-estado.html,07/11/2023 14h06,"Vítima estava internada após ser atingida por uma árvore, em Ibiúna, mas não resistiu aos ferimentos e morreu"
Bairros de São Paulo completam 6 horas sem luz após chuva; Enel não dá prazo para normalizar situação,https://jovempan.com.br/noticias/brasil/bairros-de-sao-paulo-completam-6-horas-sem-luz-apos-chuva-enel-nao-da-prazo-para-normalizar-situacao.html,03/11/2023 23h05,"Várias regiões estão no ‘escuro’ após a tempestade atingir a capital paulista nesta sexta-feira, 3"
Bienal ficará fechada neste sábado devido a estragos da chuva no Parque Ibirapuera,https://jovempan.com.br/noticias/brasil/bienal-ficara-fechada-neste-sabado-devido-a-estragos-da-chuva-no-parque-ibirapuera.html,03/11/2023 22h33,Organização da mostra de arte diz que visitação será retomada depois do ‘restabelecimento das condições’
Chuvas causam queda de energia no Aeroporto de Congonhas,https://jovempan.com.br/noticias/brasil/chuvas-causam-queda-de-energia-no-aeroporto-de-congonhas.html,03/11/2023 19h02,Jato executivo derrapou em razão da pista molhada e afetou sistema de pousos e decolagens do terminal; não houve feridos
"Fortes chuvas causam elevação de rios em Santa Catarina, e governo decreta estado de calamidade em 4 cidades",https://jovempan.com.br/noticias/brasil/fortes-chuvas-causam-elevacao-de-rios-em-santa-catarina-e-governo-decreta-estado-de-calamidade-em-4-cidades.html,02/11/2023 11h39,"Precipitação fez com que o nível de água dos rios que cortam Jardinópolis, Quilombo e São Domingos se elevassem rapidamente; Laurentino, Rio do Oeste, Rio do Sul e Taió estão em situação de calamidade pública"
Bacia do Amazonas se recupera após pior seca em um século,https://jovempan.com.br/noticias/brasil/bacia-do-amazonas-se-recupera-apos-pior-seca-em-um-seculo.html,02/11/2023 11h19,"Nível do rio Negro subiu 17 centímetros nos últimos dias, interrompendo sequência de quedas que durou mais de 130 dias"
Fortes chuvas deixam mais de 7 mil pessoas desalojadas no Paraná,https://jovempan.com.br/noticias/brasil/fortes-chuvas-deixam-mais-de-7-mil-pessoas-desalojadas-no-parana.html,29/10/2023 08h33,"Temporal afetou principalmente cidades como Nova Laranjeiras e Boa Esperança do Iguaçu, onde provocaram o transbordamento de rios e inundações"
Inmet alerta para perigo de chuvas intensas em várias regiões do Brasil,https://jovempan.com.br/noticias/brasil/inmet-alerta-para-perigo-de-chuvas-intensas-em-varias-regioes-do-brasil.html,28/10/2023 10h50,Formação de nova frente fria deve trazer tempestades e temperaturas mais baixas no Centro-Sul do país neste fim de semana
Ciclone extratropical trará chuva e vento forte para o Sul do Brasil,https://jovempan.com.br/noticias/brasil/ciclone-extratropical-trara-chuva-e-vento-forte-para-o-sul-do-brasil.html,23/10/2023 17h51,Temporais intensos e vendavais são esperados nas regiões Centro-Oeste e Sudeste
Seca causa prejuízos a setores e muda a rotina de trabalhadores no Norte do Brasil,https://jovempan.com.br/programas/jornal-da-manha/seca-causa-prejuizos-a-setores-e-muda-a-rotina-de-trabalhadores-no-norte-do-brasil.html,23/10/2023 10h40,Transportes e turismo sofrem com rios quase sem água no Amazonas
Santa Catarina soma seis mortos e mais de 27 mil desabrigados pelas chuvas,https://jovempan.com.br/noticias/brasil/santa-catarina-soma-seis-mortos-e-mais-de-27-mil-desabrigados-pelas-chuvas.html,18/10/2023 14h39,"Segundo último balanço do governo, mais de 130 municípios estão em situação de emergência; balsa vira durante travessia no Rio Uruguai, deixando uma pessoa desaparecida"
Frente fria deve trazer chuvas intensas para São Paulo,https://jovempan.com.br/noticias/brasil/frente-fria-deve-trazer-chuvas-intensas-para-sao-paulo.html,16/10/2023 19h08,"No Sul do país, segundo previsão da MetSul, há previsão de temporais nos três Estados durante a primeira metade da semana"
Seca no Amazonas faz Rio Negro atingir menor nível em mais de cem anos,https://jovempan.com.br/noticias/brasil/seca-no-amazonas-faz-rio-negro-atingir-menor-nivel-em-mais-de-cem-anos.html,16/10/2023 15h22,"Marca negativa é a pior desde que Instituto Nacional de Pesquisas da Amazônia começou a fazer a medição, há 120 anos"
Oktoberfest é suspensa em Blumenau devido às fortes chuvas que atingem Santa Catarina,https://jovempan.com.br/noticias/brasil/oktoberfest-e-suspensa-em-blumenau-devido-as-fortes-chuvas-que-atingem-santa-catarina.html,12/10/2023 20h08,"Chuva que também atinge o litoral causou a paralisação do evento até a noite de sexta-feira, 13"
Equipe do governo federal visita áreas afetadas por chuvas em Santa Catarina,https://jovempan.com.br/noticias/brasil/equipe-do-governo-federal-visita-areas-afetadas-por-chuvas-em-santa-catarina.html,12/10/2023 17h02,"Liderada pelo ministro da Integração e do Desenvolvimento Regional, Waldez Góes, comitiva sobrevoou as cidades mais impactadas pelos temporais e se reuniu com o governador Jorginho Mello"
Chuvas causam transtornos e atrasam voos nos aeroportos de São Paulo,https://jovempan.com.br/noticias/brasil/chuvas-causam-transtornos-e-atrasam-voos-nos-aeroportos-de-sao-paulo.html,09/10/2023 11h33,"Tanto o Aeroporto de Congonhas, na zona sul da capital, quanto o Aeroporto Internacional de Guarulhos, na região metropolitana, foram afetados"
Seca na região Norte deixa Floresta Amazônica ameaçada e pode ser ‘gota d’água’ para crise climática,https://jovempan.com.br/noticias/brasil/seca-na-regiao-norte-perda-da-floresta-amazonica-pode-ser-a-gota-d-agua-para-crise-climatica.html,08/10/2023 07h00,"Causada pelo El Niño, estiagem favorece incêndios e prejudica ecossistema da região; segundo especialista, fenômeno era previsto, mas aviso não foi aproveitado"
Governo de Santa Catarina coloca 82 cidades em estado de emergência por causa das chuvas,https://jovempan.com.br/noticias/brasil/governo-de-santa-catarina-coloca-82-cidades-em-estado-de-emergencia-por-causa-das-chuvas.html,07/10/2023 18h18,Medida visa garantir atendimento prioritário e a liberação de mantimentos e recursos para os municípios
Oktoberfest Blumenau é suspensa após previsão de chuva; Rio Itajaí-açu deve chegar a 12 metros de altura,https://jovempan.com.br/programas/jornal-da-manha/oktoberfest-blumenau-e-suspensa-apos-previsao-de-chuva-rio-itajai-acu-deve-chegar-a-12-metros-de-altura.html,06/10/2023 10h09,Prefeitura informou que o calendário do evento será estendido por uma semana
Governo antecipa pagamento de benefícios para vítimas da seca no Amazonas,https://jovempan.com.br/programas/jornal-da-manha/governo-antecipa-pagamento-de-beneficios-para-vitimas-da-seca-no-amazonas.html,05/10/2023 07h14,"Em visita à áreas atingidas, o vice-presidente Geraldo Alckmin deu detalhes sobre o auxílio às famílias e agricultores impactados"
São Paulo entra em estado de atenção para alagamentos devido a fortes chuvas,https://jovempan.com.br/noticias/brasil/sao-paulo-entra-em-estado-de-atencao-para-alagamentos-devido-a-fortes-chuvas.html,04/10/2023 18h12,"Previsão para a próxima quinta-feira, 5, é de instabilidade com possibilidade de pancadas durante todo o dia na região metropolitana"
Inmet emite alerta para fortes chuvas no Sul do Brasil; saiba mais,https://jovempan.com.br/noticias/brasil/inmet-emite-alerta-para-fortes-chuvas-no-sul-do-brasil-saiba-mais.html,04/10/2023 11h17,"Paraná, Santa Catarina e Rio Grande do Sul devem registrar chuvas de até 100mm nos próximos dias; região sul de São Paulo também deve sentir efeitos de frente fria que se aproxima"
Governo do Amazonas decreta estado de emergência ambiental após seca em setembro,https://jovempan.com.br/programas/jornal-da-manha/governo-do-amazonas-decreta-estado-de-emergencia-ambiental-apos-seca-em-setembro.html,02/10/2023 07h16,"De acordo com o levantamento do Instituto Nacional de Pesquisas Espaciais (Inpe), foram registrados 6.991 focos de incêndio no mês"
Bombeiros buscam homem que caiu em córrego durante chuvas em São Paulo,https://jovempan.com.br/noticias/brasil/bombeiros-buscam-homem-que-caiu-em-corrego-durante-chuvas-em-sao-paulo.html,29/09/2023 11h31,"Homem caiu em córrego na zona leste na quarta-feira, 27, quando um temporal com chuva de granizo atingir a capital paulista"
"Desastres climáticos causaram prejuízo de R$ 50,5 bilhões ao Brasil em 2023",https://jovempan.com.br/programas/jornal-da-manha/desastres-climaticos-causaram-prejuizo-de-r-505-bilhoes-ao-brasil-em-2023.html,29/09/2023 11h17,"Somente neste ano já foram 3.340 decretos de situação de emergência ou calamidade, além de 5,8 milhões de brasileiros diretamente afetados"
Defesa Civil de SP admite dificuldades e quer mais recursos para ampliar prevenção de desastres,https://jovempan.com.br/programas/jornal-da-manha/defesa-civil-de-sp-admite-dificuldades-e-quer-mais-recursos-para-ampliar-prevencao-de-desastres.html,29/09/2023 10h07,Diretor do órgão apresenta plano de ação de R$ 135 milhões para a compra de novos radares
Seca histórica provoca falta de água e comida no Amazonas,https://jovempan.com.br/programas/jornal-da-manha/seca-historica-provoca-falta-de-agua-e-comida-no-amazonas.html,28/09/2023 09h22,Governo prepara plano emergencial para evitar desabastecimento
São Paulo entra em estado de alerta para alagamentos e queda de granizo,https://jovempan.com.br/noticias/brasil/sao-paulo-entra-em-estado-de-alerta-para-alagamentos-e-queda-de-granizo.html,27/09/2023 16h26,"Capital registrou chuvas intensas na tarde desta quarta-feira, 27; previsão para os próximos dias é de queda de temperatura e precipitação leve"
Primavera começa neste sábado com promessa de altas temperaturas em todo o país e chuvas no Sul,https://jovempan.com.br/noticias/brasil/primavera-comeca-neste-sabado-com-promessa-de-altas-temperaturas-em-todo-o-pais-e-chuvas-no-sul.html,23/09/2023 12h08,"Com o prolongamento da onda de calor que se espalhou pelo país na última semana do inverno, diversas cidades do país deverão registrar temperaturas recorde neste fim de semana"
"Morre Thayron, cachorro que atuou no resgate das vítimas do ciclone no RS",https://jovempan.com.br/noticias/brasil/morre-thayron-cachorro-que-atuou-no-resgate-das-vitimas-do-ciclone-no-rs.html,22/09/2023 23h54,"Corpo de Bombeiros homenageou o cão, que tinha 5 anos, nas redes sociais; fenômeno deixou ao menos 49 mortos no Estado"
Chuvas no RS: Bombeiros encontram corpo de mulher e número de mortes chega a 49,https://jovempan.com.br/noticias/brasil/chuvas-no-rs-bombeiros-encontram-corpo-de-mulher-e-numero-de-mortes-chega-a-49.html,19/09/2023 22h58,"Restos mortais estava na cidade de São Valentim do Sul, interior do Estado"
Briga entre dois homens na Pedra do Telégrafo quase termina em tragédia,https://jovempan.com.br/noticias/brasil/briga-entre-dois-homens-na-pedra-do-telegrafo-viraliza-nas-redes-sociais.html,17/09/2023 21h41,Durante desentendimento um dos rapazes quase despenca do famoso ponto turístico
Chuvas torrenciais causam mais inundações no RS; ciclone se afasta para o oceano,https://jovempan.com.br/noticias/brasil/chuvas-torrenciais-causam-mais-inundacoes-no-rs-ciclone-se-afasta-para-o-oceano.html,14/09/2023 10h44,Chuva acumulada nos últimos dias supera média para o mês na maior parte do Estado
Novo ciclone extratropical se forma na noite desta quarta na costa do RS,https://jovempan.com.br/noticias/brasil/novo-ciclone-extratropical-se-forma-na-noite-desta-quarta-na-costa-do-rs.html,13/09/2023 22h16,Evento climático deve ser mais fraco do que o da semana passada e logo se afastará para o oceano; Estado vive mais um dia de fortes chuvas
Veja como ajudar as vítimas de ciclone no RS,https://jovempan.com.br/noticias/brasil/veja-como-ajudar-as-vitimas-de-ciclone-no-rs.html,12/09/2023 19h07,Cobertores e colchões estão entre os itens de maior necessidade para os afetados pelas inundações
Novo ciclone deve atingir o Rio Grande do Sul; autoridades continuam buscas por desaparecidos,https://jovempan.com.br/noticias/brasil/novo-ciclone-deve-atingir-o-rio-grande-do-sul-autoridades-continuam-buscas-por-desaparecidos.html,11/09/2023 10h46,"Segundo a Metsul Meteorologia, precipitação prevista para o Estado pode causar novas cheias e transbordamentos em rios já afetados"
Sobe para 46 o número de mortos no Rio Grande do Sul após passagem de ciclone,https://jovempan.com.br/noticias/brasil/sobe-para-46-o-numero-de-mortos-no-rio-grande-do-sul-apos-passagem-de-ciclone.html,10/09/2023 21h41,"De acordo com a Defesa Civil do Rio Grande do Sul, 46 pessoas ainda estão desaparecidas"
Alckmin anuncia R$ 741 milhões de recursos federais para cidades afetadas por chuvas no RS,https://jovempan.com.br/noticias/brasil/alckmin-anuncia-r-741-milhoes-de-recursos-federais-para-cidades-afetadas-por-chuvas-no-rs.html,10/09/2023 17h45,"Presidente em exercício e comitiva de oito ministros acompanharam o governador Eduardo Leite na visita ao Vale do Taquari, região mais atingida"
Número de mortes após passagem de ciclone no Rio Grande do Sul chega a 43,https://jovempan.com.br/noticias/brasil/numero-de-mortes-apos-passagem-de-ciclone-no-rio-grande-do-sul-chega-a-43.html,10/09/2023 08h10,"Segundo novo boletim da Defesa Civil do Estado, 46 pessoas seguem desaparecidas, sendo 30 apenas na cidade de Muçum"
Aumenta para 223 o número de feridos pela passagem de ciclone no Sul do país,https://jovempan.com.br/noticias/brasil/aumenta-para-223-o-numero-de-feridos-pela-passagem-de-ciclone-no-sul-do-pais.html,09/09/2023 16h34,"Cidades de Muçum, Lajeado e Arroio do Meio são as que mais têm mortos, feridos e desaparecidos"
Papa Francisco envia carta de solidariedade às vitimas de ciclone no RS,https://jovempan.com.br/noticias/brasil/papa-francisco-envia-carta-de-solidariedade-as-vitimas-de-ciclone-no-rs.html,08/09/2023 22h31,Pontífice pede reconstrução rápida e eficaz dos municípios atingidos e concedeu sua bênção apostólica a todos os atingidos pela enchente
Leite vê ‘boa vontade’ do governo Lula e pede união após tragédia no RS: ‘Não podemos ser vítimas do desalento’,https://jovempan.com.br/noticias/brasil/leite-ve-boa-vontade-do-governo-lula-e-pede-uniao-apos-tragedia-no-rs-nao-podemos-ser-vitimas-do-desalento.html,08/09/2023 21h47,"Em entrevista à Jovem Pan News, o tucano disse que o seu principal pedido à União é que haja ‘facilitação na burocracia’ para acelerar reconstrução das cidades"
Receita Federal disponibiliza R$ 6 milhões em produtos apreendidos para famílias atingidas por ciclone no RS,https://jovempan.com.br/noticias/brasil/receita-federal-disponibiliza-r-6-milhoes-em-produtos-apreendidos-para-familias-atingidas-por-ciclone-no-rs.html,08/09/2023 19h47,Cerca de 30 mil itens são disponibilizadas à Defesa Civil do Estado
Eduardo Leite anuncia R$ 1 bilhão em medidas emergenciais para afetados por ciclone no RS,https://jovempan.com.br/noticias/brasil/governo-do-rs-monta-gabinete-para-reconstrucao-pos-enchente.html,08/09/2023 19h47,Governador também enviará R$ 20 milhões para o restabelecimento dos sistemas de saúde de municípios atingidos; mais de 11 mil pessoas estão desalojadas
Governo federal anuncia auxílio de R$ 800 por pessoa desabrigada por tragédia no Rio Grande do Sul,https://jovempan.com.br/noticias/brasil/governo-federal-anuncia-auxilio-de-r-800-por-pessoa-desabrigada-por-tragedia-no-rio-grande-do-sul.html,08/09/2023 14h34,"União também vai enviar 20 mil cestas de alimentos e kit de medicamentos para 15 mil pessoas; até o momento, Estado registra 41 mortes"
Rio Grande do Sul tem mais chuvas e alertas para inundações; 25 pessoas seguem desaparecidas,https://jovempan.com.br/noticias/brasil/rio-grande-do-sul-tem-alerta-para-mais-chuvas-e-inundacoes-25-pessoas-seguem-desaparecidas.html,08/09/2023 09h07,Escoamento dos rios que transbordaram e novas chuvas ameaçam inundar regiões que não foram afetadas pelo ciclone
Número de mortos pelas chuvas no RS aumenta para 41; 25 estão desaparecidos,https://jovempan.com.br/noticias/brasil/numero-de-mortos-pelas-chuvas-no-rs-aumenta-para-41-25-estao-desaparecidos.html,07/09/2023 19h14,"Governo do Estado subiu o número de municípios afetados de 79 para 83 e pediu prioridade por doações de kits de higiene e itens de limpeza, além de cobertores e colchões"
Sobe para 39 o número de mortos pelas chuvas no RS; 9 seguem desaparecidos,https://jovempan.com.br/noticias/brasil/sobe-para-39-o-numero-de-mortos-pelas-chuvas-no-rs-9-seguem-desaparecidos.html,07/09/2023 11h54,"Até o momento, 79 municípios foram afetados, 2,500 pessoas ficaram desabrigadas e 3.500 desalojadas; no total, foram resgatadas 2.745 vítimas"
Caixa libera saque do FGTS para vítimas do ciclone no RS,https://jovempan.com.br/noticias/economia/caixa-libera-saque-do-fgts-para-vitimas-do-ciclone-no-rs.html,06/09/2023 23h13,"Valor máximo para retirada é de R$ R$ 6.220,00; Estado registrou 36 mortes e mais 2 mil desabrigados"
Mortos em passagem de ciclone no Rio Grande do Sul sobem para 36; SC tem 1 vítima,https://jovempan.com.br/noticias/brasil/mortos-em-passagem-de-ciclone-no-rio-grande-do-sul-sobem-para-31.html,06/09/2023 13h03,"Governador Eduardo Leite (PSDB) confirmou quatro novas mortes, sendo duas em Roca Sales, uma em Lajeado e outra em Estrela; ministros visitam áreas afetadas"
Sobe para 27 número de mortes no RS após passagem de ciclone e inundações,https://jovempan.com.br/noticias/brasil/sobe-para-27-numero-de-mortes-no-rs-apos-passagem-de-ciclone-e-inundacoes.html,06/09/2023 08h33,"Tragédia natural é a maior já registrada no Estado; ministros visitam áreas devastadas com o governador, que pede auxílio de aeronaves das Forças Armadas"
Ministros visitam nesta quarta-feira áreas devastadas por ciclone no RS,https://jovempan.com.br/programas/jornal-da-manha/ministros-visitam-nesta-quarta-feira-areas-devastadas-por-ciclone-no-rs.html,06/09/2023 06h24,"Até o momento, foram confirmadas 21 mortes no Estado em decorrência do fenômeno"
Eduardo Leite afirma que pode haver novas vítimas do ciclone no RS e lamenta: ‘Não tem sido um ano fácil’,https://jovempan.com.br/noticias/brasil/eduardo-leite-afirma-que-pode-haver-novas-vitimas-do-ciclone-no-rs-e-lamenta-nao-tem-sido-um-ano-facil.html,05/09/2023 22h32,Estado contabilizou 21 mortes até o momento e 1.650 desabrigados e 2.984 desalojados
Cabo rompe e mulher morre durante resgate após ciclone extratropical no RS,https://jovempan.com.br/noticias/brasil/cabo-rompe-e-mulher-morre-durante-resgate-apos-ciclone-extratropical-no-rs.html,05/09/2023 18h55,Brigadista que ajudava a içar a vítima foi encontrado e está em estado grave em hospital da região de Lajeado
Rio Grande do Sul chega a 21 mortes em decorrência de ciclone,https://jovempan.com.br/noticias/brasil/numero-de-mortes-apos-chuvas-no-rio-grande-do-sul-sobe-para-21.html,05/09/2023 16h29,"Segundo a Defesa Civil, bombeiros encontraram 15 corpos em Muçum; Santa Catarina registrou um óbito"
Chegada de ciclone extratropical deixa Sul em alerta para temporais e vendavais,https://jovempan.com.br/noticias/brasil/chegada-de-ciclone-extratropical-deixa-sul-em-alerta-para-temporais-e-vendavais.html,04/09/2023 09h34,Formação de frente-fria deve afetar também o Sudeste e deixar clima da região instável antes do feriado de 7 de setembro
Passagem de ciclone traz frente fria à região Sul do Brasil,https://jovempan.com.br/noticias/brasil/passagem-de-ciclone-traz-frente-fira-a-regiao-sul-do-brasil.html,02/09/2023 17h10,"Fenômeno começará a se formar madrugada desta segunda-feira, 4, no oeste do Estado; Defesa Civil alerta para temporais, descargas elétricas, eventual queda de granizo e rajadas de vento"
Chegada de frente fria derruba temperaturas em São Paulo e pode causar fortes chuvas,https://jovempan.com.br/noticias/brasil/chegada-de-frente-fria-derruba-temperaturas-em-sao-paulo-e-pode-causar-fortes-chuvas.html,25/08/2023 10h18,"Após onda de calor fora de época, capital paulista terá fim de semana com mínimas indo de 11º C a 13º C e máximas variando entre 15º C e 18º C"
Governo de SP entrega 10 prédios para famílias vítimas das chuvas em São Sebastião,https://jovempan.com.br/programas/jornal-da-manha/governo-de-sp-entrega-10-predios-para-familias-vitimas-das-chuvas-em-sao-sebastiao.html,19/08/2023 09h47,"Em 6 meses, o Estado disponibilizou mais de R$ 800 milhões para recuperar a região e mais de 700 moradias definitivas começam a ser entregues a partir de outubro"
"Ciclone deve provocar chuva, ventos e granizo no Sul, com reflexos no Sudeste",https://jovempan.com.br/programas/jornal-da-manha/ciclone-deve-provocar-chuva-rajadas-de-vento-e-granizo-no-sul-e-sudeste.html,18/08/2023 09h21,"Frente que passa pelos três Estados sulistas deve atingir São Paulo com chuvas entre a tarde e a noite desta sexta-feira, 18; tempo firme segue em Minas Gerais, Rio de Janeiro e Espírito Santo"
Novo ciclone extratropical deve provocar fortes chuvas no Sul e em SP,https://jovempan.com.br/noticias/brasil/novo-ciclone-extratropical-deve-provocar-fortes-chuvas-no-sul-e-em-sp.html,16/08/2023 10h31,Regiões entre o norte gaúcho e a divisa entre São Paulo e Paraná podem ser atingidas por temporais acompanhados de fortes rajadas de vento
Chuva de meteoros mais popular do mundo tem pico neste final de semana; saiba como ver,https://jovempan.com.br/noticias/brasil/chuva-de-meteoros-mais-popular-do-mundo-tem-pico-neste-final-de-semana-saiba-como-ver.html,12/08/2023 12h11,"Fenômeno favorece os observadores do hemisfério norte; no Brasil, visibilidade será maior nas regiões Norte e Nordeste"
Rio Grande do Sul poderá ter novo ciclone esta semana,https://jovempan.com.br/noticias/brasil/rio-grande-do-sul-podera-ter-novo-ciclone-esta-semana.html,24/07/2023 22h55,Previsão é de chuva e de ventos de até 60 km/h
Santa Catarina registra neve e temperaturas abaixo de zero após ciclone,https://jovempan.com.br/noticias/brasil/santa-catarina-registra-neve-e-temperaturas-abaixo-de-zero-apos-ciclone.html,14/07/2023 18h54,Moradores e turistas presenciaram os flocos de neve em quatro municípios durante a madrugada desta sexta-feira
Passageiros ficam cerca de 10 horas presos em trem no PR durante ciclone,https://jovempan.com.br/noticias/brasil/passageiros-ficam-cerca-de-10-horas-presos-em-trem-no-pr-durante-ciclone.html,14/07/2023 13h13,"Segundo a empresa Serra Verde Express, paralisação foi necessária devido aos galhos e árvores nos trilhos; passeios desta sexta foram cancelados"
"Após ciclone, meteorologista alerta para onda de frio abaixo de 10ºC",https://jovempan.com.br/programas/jornal-da-manha/apos-ciclone-meteorologista-alerta-para-onda-de-frio-abaixo-de-10oc.html,14/07/2023 09h42,"Em entrevista ao Jornal da Manhã, da Jovem Pan News, a meteorologista do Climatempo, Maria Clara Sassaki, deu mais detalhes sobre a passagem do fenômeno pelo Brasil e a respeito do inverno de 2023"
Duas pessoas morrem durante passagem de ciclone extratropical pelo Estado de São Paulo,https://jovempan.com.br/noticias/brasil/duas-pessoas-morrem-durante-passagem-de-ciclone-extratropical-pelo-estado-de-sao-paulo.html,13/07/2023 19h00,"Uma mulher, de 80 anos, morreu após sofrer uma descarga elétrica, em Itanhaém; a outra vítima foi uma jovem, de 24 anos, que morreu após uma queda de um árvore sobre um veículo"
"Ciclone provoca ventos de mais de 120 km/h, inundações e falta de energia para milhares no Sul do país",https://jovempan.com.br/noticias/brasil/ciclone-provoca-ventos-de-mais-de-120-km-h-inundacoes-e-falta-de-energia-para-milhares-no-sul-do-pais.html,13/07/2023 08h40,RS tem 468 mil pontos sem luz; ventos na cidade catarinense de Bom Jesus da Serra chegaram a 127 km/h
"Ciclone coloca Rio Grande do Sul e parte de Santa Catarina em grande perigo, alerta Inmet",https://jovempan.com.br/noticias/brasil/ciclone-coloca-rio-grande-do-sul-e-parte-de-santa-catarina-em-grande-perigo-alerta-inmet.html,13/07/2023 00h01,"CENAD informou no fim desta quarta-feira que três ficaram feridos, 14 estão desalojados e nove desabrigados no Rio Grande do Sul"
Ciclone no Sul pode trazer ventos de até 90 km/h em SP e derrubar a temperatura no Estado,https://jovempan.com.br/noticias/brasil/ciclone-no-sul-pode-trazer-ventos-de-ate-90-km-h-em-sp-e-derrubar-a-temperatura-no-estado.html,12/07/2023 22h20,"Fenômeno deve ocorrer entre quinta-feira, 13, e sexta-feira, 14, quando o frio deve ter mais intensidade"
"Ciclone que atinge o Sul tem expectativa de ventos acima de 100 km/h, alerta capitão da Defesa Civil",https://jovempan.com.br/programas/jornal-da-manha/ciclone-que-atinge-o-sul-tem-expectativa-de-ventos-acima-de-100-km-h-alerta-capitao-da-defesa-civil.html,12/07/2023 11h03,"Fenômeno começara a se formar na madrugada desta quarta-feira, 12, entre o Paraguai e a Argentina, e deverá atingir o Brasil no período da tarde"
"Chuvas em Alagoas e Pernambuco invadem casas, deixam um morto e atingem mais de 25 mil pessoas",https://jovempan.com.br/noticias/brasil/chuvas-em-alagoas-e-pernambuco-invadem-casas-deixam-um-morto-e-atingem-mais-de-25-mil-pessoas.html,10/07/2023 20h36,Uma pessoa faleceu no município de Joaquim Gomes; mais de 21  mil pessoas estão dasalojadas
Pernambuco e Alagoas somam 41 municípios em situação de emergência por chuvas,https://jovempan.com.br/noticias/brasil/pernambuco-e-alagoas-somam-41-municipios-em-situacao-de-emergencia-por-chuvas.html,09/07/2023 15h01,"Número de pessoas afetadas é superior a 24 mil, conforme dados divulgados pela Defesa Civil de cada Estado"
Alagoas decreta emergência em 29 cidades após chuvas; prefeita é criticada por foto em enchente,https://jovempan.com.br/noticias/brasil/alagoas-decreta-emergencia-em-29-cidades-apos-chuvas-prefeita-e-criticada-por-foto-em-enchente.html,08/07/2023 19h36,"De acordo com o último balanço da Defesa Civil, uma pessoa morreu e outras 16.424 foram afetadas pelas chuvas até o momento"
"Nos 15 anos da Lei Seca, Detran-SP registra recorde no número de fiscalizações",https://jovempan.com.br/noticias/brasil/nos-15-anos-da-lei-seca-detran-sp-registra-recorde-no-numero-de-fiscalizacoes.html,06/07/2023 16h56,"Com 25.850 mil veículos abordados, índice cresceu 28% em relação ao mês de maio, de acordo com dados obtidos pelo site da Jovem Pan"
Ciclone se forma no litoral do Sudeste e sobe para o Nordeste; saiba o que pode acontecer,https://jovempan.com.br/noticias/brasil/ciclone-se-forma-no-litoral-do-sudeste-e-sobe-para-o-nordeste-saiba-o-que-pode-acontecer.html,03/07/2023 16h03,"Com deslocamento do sistema rumo ao Norte, São Paulo e Rio de Janeiro podem registrar recorde de frio nesta terça-feira"
Sobe para 13 o número de mortos em decorrência do ciclone que atingiu o Rio Grande do Sul,https://jovempan.com.br/noticias/brasil/sobe-para-13-o-numero-de-mortos-em-decorrencia-do-ciclone-que-atingiu-o-rio-grande-do-sul.html,18/06/2023 13h27,"Pequena cidade gaúcha de Caraá, de apenas 8 mil habitantes, confirmou duas novas vítimas e também concentra as quatro pessoas que ainda estão desaparecidas"
Sobe para 11 o número de mortos por causa do ciclone que atinge o RS; 19 estão desaparecidos,https://jovempan.com.br/noticias/brasil/sobe-para-cinco-o-numero-de-mortos-por-causa-do-ciclone-que-atinge-o-rs-11-seguem-desaparecidos.html,17/06/2023 10h37,"As buscas por sobreviventes e vítimas seguem em andamento e, segundo as autoridades, já são 39 municípios atingidos, com registro de 2.330 desabrigados e 282 desalojados"
Três pessoas morrem e 12 estão desaparecidas após ciclone atingir o Sul do país,https://jovempan.com.br/noticias/brasil/tres-pessoas-morrem-e-12-estao-desaparecidas-apos-ciclone-atingir-o-sul-do-pais.html,16/06/2023 18h24,Fenômeno também causou inundações e deslizamentos; autoridades suspendem aulas
Briga de trânsito acaba em tragédia em área nobre de Fortaleza,https://jovempan.com.br/noticias/brasil/briga-de-transito-acaba-em-tragedia-em-area-nobre-de-fortaleza.html,16/06/2023 15h42,"Segundo a polícia, o motorista do carro foi preso em flagrante suspeito de atropelar e matar a garupa da moto"
Ciclone extratropical: confira por onde vai passar e entenda como se forma,https://jovempan.com.br/noticias/brasil/ciclone-extratropical-confira-por-onde-vai-passar-e-entenda-como-se-forma.html,16/06/2023 11h33,"Fenômeno atinge os Estados do Sul do país desde quarta-feira, 14, e causou estragos no sul catarinense e no norte gaúcho"
Defesa Civil alerta para queda de temperaturas e fortes chuvas após passagem de ciclone em SC,https://jovempan.com.br/noticias/brasil/defesa-civil-alerta-para-queda-de-temperaturas-e-fortes-chuvas-apos-passagem-de-ciclone-em-sc.html,14/06/2023 16h25,Governo do Estado divulgou material com dicas e recomendações para lidar com dias frios e regiões alagadas durante a passagem do fenômeno
"Fortes chuvas voltam a castigar áreas em São Sebastião, litoral norte de São Paulo",https://jovempan.com.br/programas/jornal-da-manha/fortes-chuvas-voltam-a-castigar-areas-em-sao-sebastiao-litoral-norte-de-sao-paulo.html,14/06/2023 07h10,Cidade que foi atingida por fortes temporais em fevereiro registrou deslizamentos de terra e ruas alagadas; previsão é de que esse volume chegue a quase 180 mm de chuva
Defesa Civil emite alerta para fortes chuvas no Litoral Norte de São Paulo,https://jovempan.com.br/noticias/brasil/defesa-civil-emite-alerta-para-fortes-chuvas-no-litoral-norte-de-sao-paulo.html,13/06/2023 17h19,"Na capital, na Região Metropolitana e em Sorocaba, são esperadas chuvas moderadas; órgão pede para que população deixem áreas de risco ao encontrarem sinais de possíveis deslizamentos"
Guaidó participa de audiência na Câmara brasileira e diz que ‘tragédia do povo venezuelano não é narrativa’,https://jovempan.com.br/noticias/brasil/guaido-participa-de-audiencia-na-camara-brasileira-recebe-apoio-de-deputados-e-diz-que-tragedia-do-povo-venezuelano-nao-e-narrativa.html,31/05/2023 19h15,"Opositor do presidente Nicolás Maduro na Venezuela voltou a criticar duramente o mandatário, acusado de implementar uma ditadura no país vizinho"
"Três meses após tragédia, São Sebastião trabalha para recuperar estruturas destruídas pelas chuvas",https://jovempan.com.br/programas/jornal-da-manha/tres-meses-apos-tragedia-sao-sebastiao-trabalha-para-recuperar-estruturas-destruidas-pelas-chuvas.html,19/05/2023 08h57,Cidade no litoral de São Paulo foi atingida por fortes chuvas que provocaram 65 mortes; volume de precipitação foi o maior já registrados no país em 24 horas
Chega a 70 o número de municípios no MA em emergência por causa da chuva,https://jovempan.com.br/noticias/brasil/chega-a-70-o-numero-de-municipios-no-ma-em-emergencia-por-causa-da-chuva.html,15/04/2023 17h15,Mais de 40 mil famílias foram afetadas com 8.434 desabrigados/desalojados e seis mortos
Chuvas fortes deixam 64 cidades no Maranhão em estado de emergência,https://jovempan.com.br/programas/jornal-da-manha/chuvas-fortes-deixam-64-cidades-no-maranhao-em-estado-de-emergencia.html,08/04/2023 07h57,"De acordo com o Corpo de Bombeiros, 35.894 famílias foram afetadas pelas inundações e 7.757 estão desabrigadas e desalojadas"
"Com alerta de chuvas em SP, coronel da Defesa Civil pede ‘atenção especial’ a moradores de áreas de risco",https://jovempan.com.br/programas/jornal-da-manha/com-alerta-de-chuvas-em-sp-coronel-da-defesa-civil-pede-atencao-especial-a-moradores-de-areas-de-risco.html,06/04/2023 10h54,"De acordo com o órgão, há risco de desabamentos, desmoronamentos, deslizamentos, inundações e alagamentos nas áreas mais vulneráveis do leste do Estado"
Corpo de passista arrastado por enchente durante temporal no Rio de Janeiro é encontrado,https://jovempan.com.br/programas/jornal-da-manha/sobe-para-tres-o-numero-de-mortos-por-temporal-da-semana-passada-no-rio-de-janeiro.html,03/04/2023 06h39,Tancredo Augusto da Silva fazia parte da Mangueira e desapareceu na última quinta-feira
"Temporais, vendaval e ressaca marítima: Estado de SP tem risco de desastres naturais no final de semana",https://jovempan.com.br/programas/jornal-da-manha/temporais-vendaval-e-ressaca-maritima-estado-de-sp-tem-risco-de-desastres-naturais-no-final-de-semana.html,01/04/2023 13h23,"Em entrevista ao Jornal da Manhã, da Jovem Pan News, o capitão Felipe Carmelo Torres Zaupa falou sobre as chuvas que devem atingir diversas regiões e o trabalho de prevenção"
Chuva no fim de semana: Defesa Civil alerta para temporais no Estado de São Paulo; veja áreas afetadas,https://jovempan.com.br/noticias/brasil/chuva-no-fim-de-semana-defesa-civil-alerta-para-temporais-no-estado-de-sao-paulo-veja-areas-afetadas.html,31/03/2023 16h14,Órgão pede que população que vive em áreas de risco fique atenta a sinais de deslizamento de terra e deixe suas casas se notarem algo fora do comum
"Ciclone bomba pode atingir Rio de Janeiro e litoral paulista neste fim de semana, aponta Climatempo",https://jovempan.com.br/noticias/brasil/ciclone-bomba-pode-atingir-rio-de-janeiro-e-litoral-paulista-neste-fim-de-semana-aponta-climatempo.html,31/03/2023 15h22,"Fenômeno pode causar fortes temporais e ressaca nos dois estados; ondas podem chegar até 3,5 metros"
Estragos causados pelas chuvas deixam 1.532 municípios em situação de emergência no Brasil,https://jovempan.com.br/noticias/brasil/estragos-causados-pelas-chuvas-deixam-1-532-municipios-em-situacao-de-emergencia-no-brasil.html,27/03/2023 22h53,Governo federal prepara um plano para conter as destruições provocadas pelos temporais
Ministros visitam Rio Branco após estragos causados pelas chuvas,https://jovempan.com.br/noticias/brasil/ministros-visitam-rio-branco-apos-estragos-causados-pelas-chuvas.html,26/03/2023 17h27,"Recursos federais serão destinados para a capital do Acre, que registrou mais de 32 mil pessoas atingidas por enchente e transbordamento de igarapés"
São Paulo usou apenas 4% da verba anual para combate a enchentes e alagamentos até agora,https://jovempan.com.br/programas/jornal-da-manha/sao-paulo-usou-apenas-4-da-verba-para-combate-a-enchentes-e-alagamentos-em-2023-ate-agora.html,26/03/2023 09h10,Somente R$ 23 milhões dos quase R$ 573 milhões empenhados foram usados até o momento
"Chuvas causam enchentes, arrastam casas e deixam região Norte em situação caótica",https://jovempan.com.br/noticias/brasil/chuvas-causam-enchentes-arrastam-casas-e-deixam-regiao-norte-em-situacao-caotica.html,25/03/2023 20h53,"Temporal afetou 32 mil pessoas apenas em Rio Branco, capital do Acre; Estado do Maranhão, no Nordeste, também foi atingido"
"Com apoio do G10 Favelas, vítimas das enchentes em SP recebem marmitas e doações",https://jovempan.com.br/programas/jornal-da-manha/com-apoio-do-g10-favelas-vitimas-das-enchentes-em-sp-recebem-marmitas-e-doacoes.html,15/03/2023 14h45,"Em parceria com o projeto social Mãos de Maria a instituição iniciou, nesta terça-feira, 14, uma campanha para acolher a população da região do Jardim Pantanal"
Chuva deixa pessoas ilhadas e carros submersos em São Paulo; corpo de mulher é encontrado no Tietê,https://jovempan.com.br/noticias/brasil/chuva-volta-a-provocar-alagamentos-e-coloca-toda-a-cidade-de-sp-em-estado-de-alerta.html,13/03/2023 16h26,"Corpo de Bombeiros registrou ao menos 25 chamados para quedas de árvores, 68 de enchentes e três desabamentos; CET contabilizava mais de 615 km de congestionamento por volta das 20h"
Projetos não avançam na Câmara Municipal de São Sebastião e atrasam recuperação após chuvas,https://jovempan.com.br/programas/jornal-da-manha/projetos-nao-avancam-na-camara-municipal-de-sao-sebastiao-e-atrasam-recuperacao-apos-chuvas.html,13/03/2023 11h19,"De acordo com a reportagem da Jovem Pan News, parlamentares alegam que gostariam de um maior detalhamento e informações sobre os projetos e que temem um maior endividamento da cidade"
"Deslizamento de terra em Manaus deixa ao menos oito mortos, incluindo quatro crianças",https://jovempan.com.br/noticias/brasil/deslizamento-de-terra-em-manaus-deixa-ao-menos-oito-mortos-incluindo-quatro-criancas.html,13/03/2023 11h12,"Quatro vítimas pertenciam a uma mesma família; uma pessoa foi resgatada ainda com vida, mas não resistiu aos ferimentos"
Forte chuva paralisa trens da CPTM e alaga avenidas pela cidade de São Paulo,https://jovempan.com.br/noticias/brasil/forte-chuva-paralisa-trens-da-cptm-e-alaga-avenidas-pela-cidade-de-sao-paulo.html,11/03/2023 20h19,Linha 10-turquesa ficou paralisada por mais de uma hora entre as estações São Caetano do Sul e Santo André; bairros da Zona Leste são afetados
"‘Virou uma piscina de 2 metros de altura’, diz Ricardo Nunes sobre enchente em bairro de SP",https://jovempan.com.br/programas/jornal-da-manha/virou-uma-piscina-de-2-metros-de-altura-diz-ricardo-nunes-sobre-enchente-em-bairro-de-sp.html,11/03/2023 13h12,"Acúmulo de água em praça na região de Moema foi causado por obstrução indevida de viela sanitária e interrupção da drenagem; previsão é de novos temporais até a próxima terça-feira, 14"
"Chuva na Grande São Paulo causa enchentes, derruba mais de 80 árvores e provoca deslizamento em Guarulhos",https://jovempan.com.br/noticias/brasil/chuva-na-grande-sao-paulo-causa-enchentes-derruba-mais-de-70-arvores-e-provoca-deslizamento-em-guarulhos.html,10/03/2023 17h04,Corpo de Bombeiros registrou 31 ocorrências de alagamentos; capital enfrentou temporal pelo terceiro dia seguido
Moradores do Brooklin reclamam de alagamentos durante chuvas em São Paulo,https://jovempan.com.br/programas/jornal-da-manha/moradores-do-brooklin-reclamam-de-alagamentos-durante-chuvas-em-sao-paulo.html,10/03/2023 07h53,"Em denúncia enviada à Jovem Pan, morador relata situação e diz que vias ficam ‘intransitáveis’ quando chove no bairro da Zona Sul da capital paulista"
"Chuva em SP: Mulher morre em enchente, e Estado registra desabamentos, queda de árvores e alagamentos",https://jovempan.com.br/noticias/brasil/chuva-deixa-sao-paulo-em-alerta-provoca-desabamentos-queda-de-arvores-e-enchentes.html,08/03/2023 18h20,"Em Mauá, telhado caiu devido o vendaval e deixou duas crianças feridas; CET suspende rodízio municipal de veículos"
Governo prorroga prazo para atingidos por chuva no litoral norte pagarem tributos federais,https://jovempan.com.br/noticias/brasil/governo-prorroga-prazo-para-atingidos-por-chuva-no-litoral-norte-pagarem-tributos-federais.html,07/03/2023 16h46,"Medida vai auxiliar a população nos municípios de Guarujá, Bertioga, São Sebastião, Caraguatatuba, Ilhabela e Ubatuba"
Fundo Social de SP suspende recebimento de doações para vítimas das chuvas no litoral e recruta mais voluntários,https://jovempan.com.br/programas/jornal-da-manha/fundo-social-de-sp-suspende-recebimento-de-doacoes-para-vitimas-das-chuvas-no-litoral-e-recruta-mais-voluntarios.html,02/03/2023 12h13,"Quem deseja se voluntariar para auxiliar na triagem das doações e abastecimento dos caminhões, deve enviar um e-mail para doacoesfussp@sp.gov.br"
Moradores de São Sebastião tentam retomar a normalidade da vida após a tragédia,https://jovempan.com.br/programas/jornal-da-manha/moradores-de-sao-sebastiao-tentam-retomar-a-normalidade-da-vida-apos-a-tragedia.html,02/03/2023 12h07,"Após limpeza das ruas, população conta com doações e ainda teme novos incidentes quando chove"
Tráfego na Rio-Santos será suspenso preventivamente quando houver novos sinais de deslizamentos,https://jovempan.com.br/programas/jornal-da-manha/rodovia-rio-santos-passa-a-ser-interditada-preventivamente-diante-de-riscos-de-deslizamentos.html,01/03/2023 07h20,"Temporais afetam o litoral norte de São Paulo, levando autoridades a se anteciparem a eventos trágicos que podem ocorrer"
Defesa Civil alerta para chuvas fortes no litoral norte de SP até quinta-feira,https://jovempan.com.br/noticias/brasil/defesa-civil-alerta-para-chuvas-fortes-no-litoral-norte-de-sp-ate-quinta-feira.html,28/02/2023 21h58,"Nesta terça-feira, bombeiros ficaram ilhados e Rio-Santos foi interditada por novos deslizamentos"
Novo temporal no litoral norte de SP deixa 34 bombeiros ilhados em local da tragédia,https://jovempan.com.br/noticias/brasil/novo-temporal-no-litoral-norte-de-sp-deixa-34-bombeiros-ilhados-em-local-da-tragedia.html,28/02/2023 18h10,DER informou que um trecho da Rio-Santos foi suspenso temporariamente; Defesa Civil alerta para possíveis novos deslizamentos
Novos deslizamentos em São Sebastião provocam três pontos de interdição na rodovia Rio-Santos,https://jovempan.com.br/noticias/brasil/novos-deslizamentos-em-sao-sebastiao-provocam-tres-pontos-de-interdicao-na-rodovia-rio-santos.html,28/02/2023 07h27,"Previsão do Corpo de Bombeiros é de que o fluxo de veículos seja retomado ainda nesta terça, com trabalhos de desobstrução realizados desde a madrugada"
Chuvas prejudicam trabalhos de equipes de buscas em São Sebastião,https://jovempan.com.br/programas/jornal-da-manha/chuvas-prejudicam-trabalhos-de-equipes-de-buscas-em-sao-sebastiao.html,28/02/2023 06h49,Ao menos uma pessoa segue desaparecida no município Baleia Verde; volta dos temporais preocupam autoridades
Prefeitura de Ubatuba pede para que turistas retornem ao município após chuvas,https://jovempan.com.br/noticias/brasil/prefeitura-de-ubatuba-pede-para-que-turistas-retornem-ao-municipio-apos-chuvas.html,27/02/2023 17h02,"Segundo a administração local, os serviços voltaram a funcionar normalmente na cidade; na semana passada, governador pediu para que população evite o litoral paulista em razão dos estragos causados pelo temporal"
Sobe para 64 o número de mortos pelas chuvas no litoral norte de SP; Bombeiros buscam último desaparecido,https://jovempan.com.br/noticias/brasil/sobe-para-64-o-numero-de-mortos-pelas-chuvas-no-litoral-norte-de-sp-bombeiros-buscam-ultimo-desaparecido.html,26/02/2023 10h45,Total de desabrigados e desalojados caiu para 2.440 após início das ações para realocar a população em espaços seguros
"Após uma semana das chuvas no litoral, governo de SP foca retomada social e econômica das cidades afetadas",https://jovempan.com.br/noticias/brasil/apos-uma-semana-das-chuvas-no-litoral-governo-de-sp-foca-retomada-social-e-economica-das-cidades-afetadas.html,26/02/2023 08h25,"Com seis pessoas ainda desaparecidas, administração pública mantém operações de busca e resgate, mas tenta agilizar ações para abrigar as mais de 4 mil pessoas que ficaram sem suas casas, além de abrir linhas de crédito especiais para empresas"
Alckmin diz que governo estuda usar moradias em Bertioga para realocar vítimas das chuvas,https://jovempan.com.br/noticias/brasil/alckmin-diz-que-governo-estuda-usar-moradias-em-bertioga-para-realocar-vitimas-das-chuvas.html,25/02/2023 13h08,Vice-presidente do Brasil sobrevoou o litoral neste sábado e se reuniu com autoridades locais para discutir ações às pessoas mais afetadas
Papa Francisco presta solidariedade às vítimas das chuvas no litoral norte de São Paulo,https://jovempan.com.br/noticias/brasil/papa-francisco-presta-solidariedade-as-vitimas-das-chuvas-no-litoral-norte-de-sao-paulo.html,25/02/2023 11h20,Vídeo em que o pontífice envia suas orações foi publicado nas redes sociais pela prefeitura de São Sebastião
Caixa Econômica começa a liberar benefícios para vítimas das chuvas no litoral norte de SP,https://jovempan.com.br/programas/jornal-da-manha/caixa-economica-comeca-a-liberar-beneficios-para-vitimas-das-chuvas-no-litoral-norte-de-sp.html,25/02/2023 07h46,"Saque Calamidade do FGTS e antecipação do Auxílio Brasil, que volta a se chamar Bolsa Família, estão dentro do pacote anunciado pela instituição"
"Sexto dia após tragédia em São Sebastião tem temporal, buscas suspensas e fiscalização contra preços abusivos",https://jovempan.com.br/noticias/brasil/temporal-volta-a-atingir-sao-sebastiao-e-provoca-interdicao-total-de-trecho-da-rio-santos.html,24/02/2023 19h03,"Até o momento, há 57 pessoas mortas e outras 4.066 fora de suas casas; agentes da Polícia Civil e do Procon já fiscalizaram 22 estabelecimentos em operação conjunta"
Governo de SP libera mais de R$ 350 milhões em crédito para afetados por chuvas no litoral norte,https://jovempan.com.br/noticias/brasil/governo-de-sp-libera-mais-de-r-350-milhoes-em-credito-para-afetados-por-chuvas-no-litoral-norte.html,23/02/2023 22h08,"Iniciativa beneficia microempreendedores, empresas, municípios e setor de Turismo"
Rio de Janeiro registra aumento de 66% de chuva em relação à média de fevereiro,https://jovempan.com.br/programas/jornal-da-manha/rio-de-janeiro-registra-aumento-de-66-de-chuva-em-relacao-a-media-de-fevereiro.html,23/02/2023 11h53,"Entre os dias 1º e 22, o Alerta Rio, órgão de meteorologia da prefeitura da capital fluminense, registrou 200mm na cidade, o que corresponde a 200 litros por metro quadrado"
"Litoral norte de SP deve sofrer com chuva, granizo e vendaval nesta quinta; número de mortos sobe para 50",https://jovempan.com.br/noticias/brasil/litoral-norte-de-sp-deve-sofrer-com-chuva-granizo-e-vendaval-nesta-quinta-numero-de-mortos-sobe-para-49.html,23/02/2023 10h23,Força-tarefa atua ininterruptamente na região com operações de busca e resgate de desaparecidos
Corretor explica o que fazer com os seguros em caso de desastres naturais como no litoral paulista,https://jovempan.com.br/programas/jornal-da-manha/corretor-explica-o-que-fazer-com-os-seguros-em-caso-de-desastres-naturais-como-no-litoral-paulista.html,23/02/2023 09h25,"Em entrevista ao Jornal da Manhã, da Jovem Pan News, o presidente do Sincor-SP, Boris Ber, explicou como estes serviços podem funcionar em meio aos estragos"
Chuvas devem continuar a atingir o litoral norte de São Paulo até sexta-feira,https://jovempan.com.br/noticias/brasil/chuvas-devem-continuar-a-atingir-o-litoral-norte-de-sao-paulo-ate-sexta-feira.html,22/02/2023 19h27,Previsão climática para a região é de continuidade na precipitação e risco altíssimo para deslizamentos de terra; local foi palco de tragédia nos últimos dias após índices históricos de chuva
São Paulo tem previsão de pancadas fortes de chuva no fim do dia,https://jovempan.com.br/noticias/brasil/sao-paulo-tem-previsao-de-pancadas-fortes-de-chuva-no-fim-do-dia.html,22/02/2023 14h15,"No início da tarde, foi observada chuva leve e lenta na Zona Sul da cidade, mas ainda há potencial para alagamentos, rajadas de vento e transbordamentos de rios e córregos"
Secretário de Desenvolvimento Social de SP fala sobre apoio econômico às vítimas das chuvas no litoral,https://jovempan.com.br/programas/jornal-da-manha/secretario-de-desenvolvimento-social-de-sp-fala-sobre-apoio-economico-as-vitimas-das-chuvas-no-litoral.html,22/02/2023 10h59,"Em entrevista ao Jornal da Manhã, da Jovem Pan News, Gilberto Nascimento falou sobre medidas para auxiliar as vítimas das chuvas; de acordo com o último boletim do governo, são 1.730 desalojados e 766 desabrigados até o momento"
Jovem Pan apoia campanhas de doações para famílias vítimas das chuvas no litoral de SP; saiba como ajudar,https://jovempan.com.br/noticias/brasil/jovem-pan-apoia-campanhas-de-doacoes-para-familias-vitimas-das-chuvas-no-litoral-de-sp-saiba-como-ajudar.html,22/02/2023 07h51,"Cruz Vermelha, Fundo Social de São Paulo e Central Única das Favelas são algumas das instituições atuando na questão; ao todo, 2,5 mil pessoas estão desalojadas ou desabrigadas na região após os deslizamentos de terra e desabamentos de imóveis ocorridos"
Governo Federal anuncia pacote de medidas para ajudar cidades atingidas pelas chuvas em SP,https://jovempan.com.br/programas/jornal-da-manha/governo-federal-anuncia-pacote-de-medidas-para-ajudar-cidades-atingidas-pelas-chuvas-em-sp.html,22/02/2023 07h28,Pelo menos 10 ministérios estão envolvidos na força-tarefa para auxiliar os municípios prejudicados por deslizamentos e alagamentos no litoral norte de São Paulo
Paes alerta para chuvas no Rio em cenário de instabilidade climática: ‘Fiquem atentos’,https://jovempan.com.br/noticias/brasil/paes-alerta-para-chuvas-no-rio-em-cenario-de-instabilidade-climatica-fiquem-atentos.html,22/02/2023 01h10,"Capital fluminense teve tempo limpo durante o feriado do Carnaval, mas precipitação iniciou-se na noite desta terça e colocou o município em estágio de atenção"
Prefeitura de São Sebastião realiza velório coletivo das vítimas das chuvas,https://jovempan.com.br/noticias/brasil/prefeitura-de-sao-sebastiao-realiza-velorio-coletivo-das-vitimas-das-chuvas.html,21/02/2023 12h17,Ao menos 43 pessoas morreram na cidade após desmoronamentos e deslizamentos de terra no último domingo
Jovem Pan apoia campanha da Cruz Vermelha para doações a vítimas das chuvas no litoral de SP; saiba como ajudar,https://jovempan.com.br/noticias/brasil/jovem-pan-apoia-campanha-da-cruz-vermelha-para-doacoes-a-vitimas-das-chuvas-no-litoral-de-sp-saiba-como-ajudar.html,21/02/2023 11h14,"Ao todo, 2,5 mil pessoas estão desalojadas ou desabrigadas na região após os deslizamentos de terra e desabamentos de imóveis ocorridos"
Bolsa Família será antecipado para famílias impactadas pelas chuvas no litoral paulista,https://jovempan.com.br/noticias/brasil/bolsa-familia-sera-antecipado-para-familias-impactadas-pelas-chuvas-no-litoral-paulista.html,20/02/2023 18h55,"Wellington Dias, ministro do Desenvolvimento Social, confirmou a medida que visa beneficiar beneficiários atingidos pelo fenômeno da natureza; ao todo, seis cidades decretaram calamidade pública"
"Após chuvas castigarem a cidade, prefeito de Ilhabela pede para população economizar água",https://jovempan.com.br/noticias/brasil/apos-chuvas-castigarem-a-cidade-prefeito-de-ilhabela-pede-para-populacao-economizar-agua.html,20/02/2023 17h07,Toninho Colucci ressaltou que ações preventivas ajudaram a minimizar os impactos causados pelo fenômeno da natureza; trânsito local e translado de balsas para acesso à ilha forma normalizados
São Sebastião decreta luto de sete dias e cancela Carnaval após tragédia causada pelas chuvas,https://jovempan.com.br/noticias/brasil/sao-sebastiao-decreta-luto-de-sete-dias-e-cancela-carnaval-apos-tragedia-causada-pelas-chuvas.html,20/02/2023 15h56,Cidade litorânea foi fortemente atingida pelo fenômeno da natureza e decretou estado de calamidade no último domingo; 40 pessoas morreram
Saiba como ajudar cidades do litoral de São Paulo afetadas pelas chuvas,https://jovempan.com.br/noticias/brasil/saiba-como-ajudar-cidades-do-litoral-de-sao-paulo-afetadas-pelas-chuvas.html,20/02/2023 14h28,"Prefeituras estão recebendo doações de alimentos não perecíveis, água mineral, roupas limpas, fraldas, produtos de limpeza, entre outros"
Comitiva federal visitará áreas afetadas por fortes chuvas no litoral de SP,https://jovempan.com.br/noticias/brasil/comitiva-federal-visitara-areas-afetadas-por-fortes-chuvas-no-litoral-de-sp.html,19/02/2023 21h09,"Ministro da Integração e do Desenvolvimento Regional, Waldez Góes, secretário nacional de Proteção e Defesa Civil, Wolnei Wolff e o presidente Lula visitarão a região nesta segunda-feira"
Rodovia Mogi-Bertioga é interditada após asfalto ceder devido às chuvas,https://jovempan.com.br/noticias/brasil/rodovia-mogi-bertioga-e-interditada-apos-asfalto-ceder-devido-as-chuvas.html,19/02/2023 13h06,"Segundo o Departamento de Estradas de Rodagem (DER), não há previsão para liberação da pista"
"Defesa Civil alerta para mais chuvas com descargas elétricas, rajadas de vento e granizo no litoral de SP",https://jovempan.com.br/noticias/brasil/defesa-civil-alerta-para-mais-chuvas-com-descargas-eletricas-rajadas-de-vento-e-granizo-no-litoral-de-sp.html,19/02/2023 12h40,"De acordo com o órgão, está prevista uma chuva de 100 mm na Baixada Santista e no litoral Sul"
Tarcísio de Freitas visita áreas afetadas pela chuvas e anuncia ajuda humanitária a São Sebastião,https://jovempan.com.br/noticias/brasil/tarcisio-de-freitas-visita-areas-afetadas-pela-chuvas-e-anuncia-ajuda-humanitaria-a-sao-sebastiao.html,19/02/2023 12h28,"Governador, junto do Coordenador Estadual da Defesa Civil, Coronel Henguel Ricardo Pereira, foram até as áreas mais afetadas do litoral norte paulista"
"Chuvas causam mortes, deslizamentos e levam a estado de calamidade no litoral norte de SP",https://jovempan.com.br/noticias/brasil/chuvas-causam-morte-de-crianca-deslizamentos-e-levam-a-estado-de-calamidade-no-litoral-norte-de-sp.html,19/02/2023 11h55,"Ubatuba, São Sebastião, Ilhabela e Caraguatatuba foram as cidades mais afetadas; trechos da Rodovia Rio-Santos e da Mogi-Bertioga estão interditados"
Prefeitura de São Sebastião decreta calamidade pelas chuvas e cancela Carnaval,https://jovempan.com.br/noticias/brasil/prefeitura-de-sao-sebastiao-decreta-calamidade-pelas-chuvas-e-cancela-carnaval.html,19/02/2023 11h22,Volumes registrados pelos pluviômetros automáticos do Cemaden são excepcionais e recordes para a cidade do litoral paulista
"Chuvas atrapalham blocos, trazem riscos de doenças e colocam motoristas em perigo durante o Carnaval",https://jovempan.com.br/noticias/brasil/chuvas-atrapalham-blocos-trazem-riscos-de-doencas-e-colocam-motoristas-em-perigo-durante-o-carnaval.html,18/02/2023 20h52,"Devido a uma frente fria, feriado será chuvoso em todo o Sudeste; neste sábado, temporal dispersou público nos cortejos de São Paulo"
Carnaval: Chuva forte afugenta foliões em São Paulo e causa alagamentos,https://jovempan.com.br/noticias/brasil/carnaval-chuva-forte-afugenta-folioes-em-sao-paulo-e-causa-alagamentos.html,18/02/2023 16h54,Granizo caiu em algumas regiões da capital paulista; mais chuva é esperada para o domingo
Carnaval 2023: Rosas de Ouro e Tatuapé são destaques da primeira noite de desfiles; Barroca sofre com forte chuva,https://jovempan.com.br/noticias/brasil/carnaval-2023-rosas-de-ouro-e-tatuape-sao-destaques-da-primeira-noite-de-desfiles-barroca-sofre-com-forte-chuva.html,18/02/2023 07h18,Sete escolas se apresentaram no Sambódromo do Anhembi no primeiro dia de desfiles do Grupo Especial; agremiação da zona sul foi a única afetada pelas chuvas
Prefeitura de São Luiz do Paraitinga adia carnaval após chuvas castigarem a cidade,https://jovempan.com.br/noticias/brasil/prefeitura-de-sao-luiz-do-paraitinga-adia-carnaval-apos-chuvas-castigarem-a-cidade.html,15/02/2023 16h22,Cheias causadas pelos temporais deixaram mais de 700 pessoas desalojadas no município do interior de São Paulo
"Um ano após tragédia no RJ, chuvas e alagamentos voltam a afetar Petrópolis",https://jovempan.com.br/programas/jornal-da-manha/um-ano-apos-tragedia-no-rj-chuvas-e-alagamentos-voltam-a-afetar-petropolis.html,15/02/2023 11h15,Sirenes de alerta soaram no município; chuva intensa atingiu vários bairros da cidade e deixou pessoas ilhadas após ruas ficarem alagadas e rios transbordarem
Prefeitura de São Paulo suspende rodízio de veículos após fortes chuvas na capital,https://jovempan.com.br/noticias/brasil/prefeitura-de-sao-paulo-suspende-rodizio-de-veiculos-apos-fortes-chuvas-na-capital.html,07/02/2023 17h27,"Cidade registrou 39 pontos de alagamentos até as 16h na tarde desta terça-feira, 7"
São Paulo registra 42 pontos de enchentes após fortes chuvas,https://jovempan.com.br/noticias/brasil/sao-paulo-registra-34-pontos-de-enchentes-apos-fortes-chuvas.html,07/02/2023 17h16,"Centro de Gerenciamento de Emergências Climáticas informou que houve um pico de 51 locais que sofreram com alagamentos; no momento, 13 pontos são transitáveis e 29 deles estão completamente obstruídos"
"Tarcísio anuncia repasse de R$ 5,4 milhões para obras em locais afetados pelas chuvas em Araraquara",https://jovempan.com.br/programas/jornal-da-manha/tarcisio-anuncia-repasse-de-r-54-milhoes-para-obras-em-locais-afetados-pelas-chuvas-em-araraquara.html,01/02/2023 11h33,"Ainda no oeste paulista, o governador entregou quatro pontes, na cidade de Presidente Prudente, que somam um investimento de R$ 2,4 milhões"
"Maior tragédia-crime ambiental do Brasil, caso Brumadinho ainda não tem punições",https://jovempan.com.br/programas/jornal-da-manha/maior-tragedia-crime-ambiental-do-brasil-caso-brumadinho-ainda-nao-tem-punicoes.html,25/01/2023 07h17,"Após quatro anos, Justiça Federal aceitou denúncias contra empresas e 16 executivos nesta terça; eles vão responder por homicídio qualificado, crimes contra fauna e flora, além de poluição"
MPF envia denúncia da tragédia-crime de Brumadinho para a Justiça Federal,https://jovempan.com.br/programas/jornal-da-manha/mpf-envia-denuncia-da-tragedia-crime-de-brumadinho-para-a-justica-federal.html,24/01/2023 11h33,"Ministra Rosa Weber, presidente do STF, determinou agilidade no processo para evitar que os crimes prescrevam"
Moradores da Zona Oeste de SP denunciam buraco gigante e alagamentos constantes na região,https://jovempan.com.br/programas/jornal-da-manha/moradores-da-zona-oeste-de-sp-denunciam-buraco-gigante-e-alagamentos-constantes-na-regiao.html,18/01/2023 12h32,"Como foi apurado pela reportagem da Jovem Pan News, a situação se agravou por causa das fortes chuvas e a cratera mais parece uma lagoa"
Fortes chuvas em São Paulo ajudam a encher reservatórios,https://jovempan.com.br/programas/jornal-da-manha/fortes-chuvas-em-sao-paulo-ajudam-a-encher-reservatorios.html,16/01/2023 07h57,"Outros sistemas do Estado operam com bons níveis para o mês, o que deve ajudar a garantir o abastecimento durante estações mais secas, como outono e inverno"
"Após fortes chuvas, Defesa Civil entrega equipamentos e viaturas no interior de SP",https://jovempan.com.br/programas/jornal-da-manha/apos-fortes-chuvas-defesa-civil-entrega-equipamentos-e-viaturas-no-interior-de-sp.html,13/01/2023 08h31,"Em Ribeirão Preto, o governador Tarcísio de Freitas (Republicanos) entregou 32 kits de combate a incêndios, 36 motosserras, oito geradores, quatro tendas e 32 viaturas"
Tarcísio de Freitas libera R$ 11 milhões para cidades afetadas por chuvas em SP,https://jovempan.com.br/programas/jornal-da-manha/tarcisio-de-freitas-libera-r-11-milhoes-para-cidades-afetadas-por-chuvas-em-sp.html,11/01/2023 10h36,Convênios foram assinados entre a Defesa Civil e as prefeituras que já formalizaram a situação de emergência
Chuva não para em São Paulo e deve causar novos pontos de alagamentos nesta quarta-feira,https://jovempan.com.br/noticias/brasil/chuva-nao-para-em-sao-paulo-e-deve-causar-novos-pontos-de-alagamentos-nesta-quarta-feira.html,10/01/2023 19h47,Previsão indica pancadas entre a tarde e à noite; temperatura deve subir nos próximos dias
"Chuvas deixam cidades alagadas, destroem casas e danificam estradas no Sudeste",https://jovempan.com.br/noticias/brasil/chuvas-deixam-cidades-alagadas-destroem-casas-e-danificam-estradas-no-sudeste.html,06/01/2023 21h13,"De acordo com o Inmet, chuvas intensas devem seguir no país neste fim de semana"
Defesa Civil de São Paulo alerta para chuvas intensas e risco de deslizamentos,https://jovempan.com.br/noticias/brasil/defesa-civil-de-sao-paulo-alerta-para-chuvas-intensas-e-risco-de-deslizamentos.html,03/01/2023 16h03,"Previsão do tempo aponta que as regiões da Serra da Mantiqueira e do Vale do Ribeira, Itapeva, Baixada Santista e litoral norte serão as mais afetadas"
Temporal provoca alagamento e morte em São Carlos,https://jovempan.com.br/programas/jornal-da-manha/temporal-provoca-alagamento-e-morte-em-sao-carlos.html,29/12/2022 07h34,"Em um dia, choveu aproximadamente 200 mm, o que gerou diversos pontos de alagamento e interdição de vias; prefeitura ainda contabiliza prejuízos"
"São Paulo, Belo Horizonte e outras 15 capitais têm alerta de chuvas fortes nesta quarta",https://jovempan.com.br/noticias/brasil/sao-paulo-belo-horizonte-e-outras-15-capitais-tem-alerta-de-chuvas-fortes-nesta-quarta.html,28/12/2022 09h35,"Até o momento, 42 pessoas morreram em decorrência das chuvas em oito Estados; maior parte do país terá dia com pancadas de chuva, podendo haver raios e granizo em algumas regiões"
Fortes chuvas deixam pelo menos 42 mortos em oito Estados do Brasil,https://jovempan.com.br/noticias/brasil/fortes-chuvas-deixam-pelo-menos-42-mortos-em-oito-estados-do-brasil.html,27/12/2022 21h10,"Inmet alerta para temporais, acompanhadas de rajadas de vento durante a última semana de 2022; em São Paulo, risco permanece até a sexta-feira, 30"
Deslizamentos deixam pelo menos três mortos em Minas Gerais,https://jovempan.com.br/programas/jornal-da-manha/deslizamentos-deixam-pelo-menos-tres-mortos-em-minas-gerais.html,27/12/2022 08h33,"Um garoto de 12 anos ainda está sendo procurado pelas equipes de busca, que já identificaram duas das vítimas fatais; tragédia aconteceu entre a noite do dia 24 e a madrugada do dia 25"
Defesa Civil alerta para chuvas fortes em São Paulo a partir desta terça-feira,https://jovempan.com.br/noticias/brasil/defesa-civil-alerta-para-chuvas-fortes-em-sao-paulo-a-partir-desta-terca-feira.html,26/12/2022 22h28,Regiões de Campinas e Sorocaba podem receber acumulado de 155 mm até sexta-feira
Bombeiros encontram mais uma vítima em deslizamento de terra em Minas Gerais,https://jovempan.com.br/noticias/brasil/bombeiros-encontram-mais-uma-vitima-em-deslizamento-de-terra-em-minas-gerais.html,26/12/2022 14h23,"Duas vítimas fatais já haviam sido encontradas no último domingo, 25; resgatados foram enviados aos hospitais da região"
Deslizamento de terra em Minas Gerais mata duas pessoas,https://jovempan.com.br/noticias/brasil/deslizamento-de-terra-em-minas-gerais-mata-quatro-pessoas.html,25/12/2022 19h45,Entre as vítimas fatais estão três mulheres e um menino de 12 anos
Natal será de chuva em grande parte do país; veja previsão do tempo,https://jovempan.com.br/noticias/brasil/natal-sera-de-chuva-em-grande-parte-do-pais-veja-previsao-do-tempo.html,24/12/2022 20h00,"Sol só será predominante em faixa do Nordeste entre os estados do Ceará, Rio Grande do Norte, Paraíba e Pernambuco"
Chuvas em SC deixam ao menos 2 mortos; Estado entra em alerta para deslizamentos,https://jovempan.com.br/noticias/brasil/chuvas-em-sc-deixam-ao-menos-2-mortos-estado-entra-em-alerta-para-deslizamentos.html,20/12/2022 10h12,"Segundo autoridades, vítimas seriam duas adolescentes de 17 e 15 anos; diversas regiões do norte o Estado estão em alerta máximo para inundações"
STF define que Justiça Federal deve julgar tragédia de Brumadinho,https://jovempan.com.br/programas/jornal-da-manha/stf-define-que-justica-federal-deve-julgar-tragedia-de-brumadinho.html,18/12/2022 09h27,"Corte analisou como será o julgamento dos acusados pelo rompimento da barragem da mina Córrego do Feijão, na região metropolitana de Belo Horizonte, em 25 de janeiro de 2019, que causou a morte de 270 pessoas"
Fortes chuvas alagam centro histórico de Petrópolis,https://jovempan.com.br/programas/jornal-da-manha/fortes-chuvas-alagam-centro-historico-de-petropolis.html,14/12/2022 07h06,Cidade da região serrana do Rio de Janeiro ficou em estado de alerta com o primeiro temporal depois da tragédia que deixou mais de 240 mortos em fevereiro deste ano
Chuva causa transtornos em São Paulo e coloca cidade em estado de atenção,https://jovempan.com.br/noticias/brasil/chuva-causa-transtornos-em-sao-paulo-e-coloca-cidade-em-estado-de-atencao.html,13/12/2022 15h32,"Forte temporal derrubou uma árvore na zona sul da Capital e paralisou a Linha 4 – Amarela do Metrô na manhã desta terça-feira, 13"
Chuva deixa mais de 13 mil pessoas desalojadas em 53 municípios na Bahia,https://jovempan.com.br/noticias/brasil/chuva-deixa-mais-de-13-mil-pessoas-desalojadas-em-53-municipios-na-bahia.html,07/12/2022 00h51,"Outros Estados brasileiros estão em alertas: Espírito Santo, Paraná e São Paulo"
"Barragem se rompe em Colatina, no ES; outras 9 cidades estão sob alto risco de deslizamentos",https://jovempan.com.br/noticias/brasil/barragem-se-rompe-em-colatina-no-es-outras-9-cidades-estao-sob-alto-risco-de-deslizamentos.html,05/12/2022 16h58,"Número de desalojados chega a 3.075 e desabrigados a 889, segunda boletim da Defesa Civil"
Deslizamento na BR-376: Bombeiros encerram buscas por vítimas no Paraná,https://jovempan.com.br/noticias/brasil/deslizamento-na-br-376-bombeiros-encerram-buscas-por-vitimas-no-parana.html,02/12/2022 18h48,"Segundo último boletim, equipes conseguiram acessar ‘todas as áreas’ com possibilidade de sobreviventes e veículos nesta sexta, 2, encerrando operações"
Deslizamento na BR-376: seis pessoas escapam sem precisar de atendimento e nove veículos são retirados da lama,https://jovempan.com.br/noticias/brasil/deslizamento-na-br-376-seis-pessoas-escapam-sem-precisar-de-atendimento-e-nove-veiculos-sao-retirados-da-lama.html,02/12/2022 15h29,Equipes do Corpo de Bombeiros chegam ao quarto dia de buscas na região do desabamento
"Chuvas afetam 32 cidades da Bahia e deixam mais de 3,6 mil desalojados",https://jovempan.com.br/noticias/brasil/chuvas-afetam-32-cidades-da-bahia-e-deixam-mais-de-36-mil-desalojados.html,01/12/2022 17h40,"Climatempo alerta para novos temporais no Estado, com potencial para ‘alagamentos, transbordamentos e deslizamentos’"
"Bombeiros reduzem estimativa de vítimas de deslizamento na BR-376, no Paraná",https://jovempan.com.br/noticias/brasil/bombeiros-reduzem-estimativa-de-vitimas-de-deslizamento-na-br-376-no-parana.html,01/12/2022 14h09,"Inicialmente, equipes trabalhavam com a hipótese de 30 a 50 desaparecidos, mas número foi atualizado para menos de 30 pessoas"
Volume de chuvas pode garantir energia mais barata em 2023,https://jovempan.com.br/programas/jornal-da-manha/volume-de-chuvas-pode-garantir-energia-mais-barata-em-2023.html,01/12/2022 11h25,"Cenário positivo foi traçado à Jovem Pan nesta quarta-feira, 30, pelo diretor-geral da Operador Nacional do Sistema Elétrico (ONS), Luiz Carlos Ciocchi"
Buscas por desaparecidos em deslizamento na BR-376 entram no terceiro dia,https://jovempan.com.br/noticias/brasil/buscas-por-desaparecidos-em-deslizamento-na-br-376-entram-no-terceiro-dia.html,01/12/2022 08h21,Condições climáticas desfavoráveis e risco de novos deslizamentos dificultam a atuação das equipes de busca na região atingida
Deslizamento no Paraná: PRF diz que cabia à concessionária o fechamento da BR-376,https://jovempan.com.br/noticias/brasil/deslizamento-no-parana-prf-diz-que-cabia-a-concessionaria-o-fechamento-da-br-376.html,30/11/2022 15h51,Desabamento de encosta causou a morte de ao menos duas pessoas e o soterramento de 20 veículos
Chuva forte forma cratera em rodovia de Sergipe e deixa um morto,https://jovempan.com.br/noticias/brasil/chuva-forte-forma-cratera-em-rodovia-de-sergipe-e-deixa-um-morto.html,30/11/2022 13h10,Três veículos foram “engolidos” pela cratera e arrastados pela correnteza; trecho da rodovia permanece interditado
Deslizamento na BR-376 no Paraná deixa ao menos 30 desaparecidos; autoridades alertam para risco de novos desabamentos,https://jovempan.com.br/noticias/brasil/autoridades-do-parana-alertam-para-risco-de-novos-deslizamentos-na-br-376.html,30/11/2022 12h18,"Acidente aconteceu na segunda-feira, 28, no km 669 da rodovia; estimativa é que cerca de 20 veículos tenham sido soterrados pela lama"
Corpo é encontrado após deslizamentos em estrada no Paraná; polícia busca desaparecidos,https://jovempan.com.br/noticias/brasil/corpo-e-encontrado-apos-deslizamentos-em-estrada-no-parana-policia-busca-desaparecidos.html,29/11/2022 09h33,Autoridades não revelaram detalhes sobre a vítima e nem quantas pessoas ainda não foram localizadas; deslizamentos provocaram interdição total da BR-376
"Chuvas fortes causam transbordamento de córregos, alagamentos e interrupção de serviços de transporte em São Paulo",https://jovempan.com.br/noticias/brasil/chuvas-fortes-causam-transbordamento-de-corregos-alagamentos-e-interrupcao-dos-servicos-de-transporte-em-sao-paulo.html,28/11/2022 15h18,"Bairro Vila Prudente, na Zona Leste da cidade, enfrenta o cenário mais crítico com quatro pontos intransitáveis; expectativa é de que o temporal continue até terça-feira, 29"
São Paulo tem previsão de chuvas fortes e risco de alagamentos nos próximos dias,https://jovempan.com.br/noticias/brasil/sao-paulo-tem-previsao-de-chuvas-fortes-e-risco-de-alagamentos-nos-proximos-dias.html,23/11/2022 09h03,"Espírito Santo, Minas Gerais e Rio de Janeiro têm previsões semelhantes para os próximos dias; tempestades podem vir acompanhadas de fortes rajadas de ventos"
Fortes chuvas em MG deixam mais de 2.800 desalojados ou desabrigados e 31 cidades em situação de emergência,https://jovempan.com.br/noticias/brasil/fortes-chuvas-em-minas-gerais-deixam-mais-de-2-800-desalojados-ou-desabrigados-31-cidades-estao-em-situacao-de-emergencia.html,17/11/2022 21h14,"Ao menos uma pessoa morreu desde o início do período chuvoso, em 21 de setembro"
Chegada de frente fria deve derrubar temperaturas e causar chuvas pelo Brasil,https://jovempan.com.br/noticias/brasil/chegada-de-frente-fria-deve-derrubar-temperaturas-e-causar-chuvas-pelo-brasil.html,31/10/2022 16h10,"Próximos dias devem ser marcados por fortes chuvas e rajadas de vento em diversas regiões; no Sul, existe a possibilidade de geada e neve"
Temperatura sobe e São Paulo pode registrar chuva de granizo nos próximos dias,https://jovempan.com.br/noticias/brasil/sao-paulo-pode-registrar-chuva-de-granizo-nos-proximos-dias.html,05/10/2022 16h41,"Previsão é de sol, chegando aos 29ºC nesta quinta-feira, 5, podendo ocorrer temporais durante a noite"
Chuva de granizo cria camadas de gelo em rua de cidade mineira,https://jovempan.com.br/noticias/brasil/chuva-de-granizo-cria-camadas-de-gelo-em-rua-de-cidade-mineira.html,04/10/2022 17h43,Moradora fotografou uma enorme placa de gelo que cobria a via; fenômeno foi previsto pelo Instituto Nacional de Meteorologia (Inmet)
Chuva pode causar abstenção nas eleições; confira a previsão do tempo para todo o Brasil,https://jovempan.com.br/noticias/brasil/chuva-pode-causar-abstencao-nas-eleicoes-confira-a-previsao-do-tempo-para-todo-o-brasil.html,30/09/2022 17h01,"Dia da votação deve ser de sol na maior parte do país, mas pode chover em alguns locais do Sudeste, do Norte e do Centro-Oeste"
Polícia identifica corpo levado por enxurrada na tragédia de Petrópolis após seis meses,https://jovempan.com.br/programas/jornal-da-manha/policia-identifica-corpo-levado-por-enxurrada-na-tragedia-de-petropolis.html,02/09/2022 07h45,"Pedro Henrique Braga Gomes, de oito anos de idade, estava em um ônibus que foi arrastado pela correnteza"
Governo de MG entrará na Justiça para tentar agilizar indenizações a vítimas da tragédia de Mariana,https://jovempan.com.br/programas/jornal-da-manha/governo-de-mg-entrara-na-justica-para-tentar-agilizar-indenizacoes-a-vitimas-da-tragedia-de-mariana.html,26/08/2022 06h36,"Ministério Público fala em R$ 155 bilhões em reparações das mineradoras, dos quais apenas R$ 9 bi teriam já teriam sido destinados aos atingidos"
Frio chega a São Paulo e deve causar chuvas e vendavais; confira a previsão do tempo para os próximos dias,https://jovempan.com.br/noticias/brasil/frio-chega-a-sao-paulo-e-deve-causar-chuvas-e-vendavais-confira-a-previsao-do-tempo-para-os-proximos-dias.html,17/08/2022 13h09,Temperatura pode chegar a 8ºC na capital e 2ºC na Serra da Mantiqueira; frente fria vai durar até o final de semana
"Escassez de chuva gera queda de água no Cantareira e nível chega a 36,4%",https://jovempan.com.br/noticias/brasil/escassez-de-chuva-gera-queda-de-agua-no-cantareira-e-nivel-chega-a-364.html,29/07/2022 16h39,Taxa é a menor para o mês de julho dos últimos 7 anos
"Chegada de frente fria encerra ‘veranico’ e deve trazer geadas e chuvas a SP, MS e Estados do Sul",https://jovempan.com.br/noticias/brasil/chegada-de-frente-fria-encerra-veranico-e-deve-trazer-geadas-e-chuvas-a-sp-ms-e-estados-do-sul.html,11/07/2022 09h57,"Frente fria vinda do Uruguai já começará a impactar no clima do Rio Grande do Sul nesta segunda-feira, 11, e deve atingir os demais Estados até quarta-feira, 13"
Secretário nacional da Defesa Civil detalha socorro às vítimas das chuvas em Alagoas,https://jovempan.com.br/programas/jornal-da-manha/secretario-da-defesa-civil-fala-dos-prejuizos-economicos-e-sociais-apos-chuvas-em-alagoas.html,05/07/2022 10h20,51 cidades ainda estão em situação de emergência no Estado e 56 mil pessoas seguem desabrigadas ou desalojadas
Chuvas em Alagoas deixam seis mortos e afetam mais de 56 mil pessoas,https://jovempan.com.br/noticias/brasil/chuvas-em-alagoas-deixam-seis-mortos-e-afetam-mais-de-56-mil-pessoas.html,04/07/2022 15h01,"Governo de Alagoas já decretou situação de emergência em 51 municípios do Estado, entre eles Barra de São Miguel e Maceió; são 8.830 desabrigados e 47.651 desalojados"
"No aniversário da ‘Lei Seca’, Detran-SP registra maior índice de recusa ao teste do bafômetro da história",https://jovempan.com.br/noticias/brasil/no-aniversario-da-lei-seca-detran-sp-registra-maior-indice-de-recusa-ao-teste-do-bafometro-da-historia.html,20/06/2022 17h02,"A ‘Lei Seca’ completou 14 anos no domingo, 19, em meio ao aumento do índice de recusa ao teste do etilômetro (bafômetro) em São Paulo, que alcançou o maior patamar registrado desde 2016"
"A tragédia no caso Dom Phillips e Bruno Pereira, novo reajuste nos preços dos combustíveis e muito mais: confira os destaques da semana",https://jovempan.com.br/noticias/brasil/a-tragedia-no-caso-dom-phillips-e-bruno-pereira-novo-reajuste-nos-precos-dos-combustiveis-e-muito-mais-confira-os-destaques-da-semana.html,18/06/2022 10h21,"‘Ponto Final’, da Jovem Pan News, também fala sobre os principais cotados para compor a chapa do presidente Jair Bolsonaro (PL) para as eleições e o aumento de casos da varíola dos macacos no Brasil"
Governo de PE abre linha de crédito com juros zero para empreendedores afetados pelas chuvas,https://jovempan.com.br/noticias/brasil/governo-de-pe-abre-linha-de-credito-com-juros-zero-para-empreendedores-afetados-pelas-chuvas.html,12/06/2022 13h00,MEI poderá contratar até R$ 6 mil em recurso sem solicitação de garantias para análise de crédito e nem exigência certidões negativas de débito
"Governo de PE sanciona auxílio de R$ 1,5 mil a desabrigados após tragédia por chuvas",https://jovempan.com.br/noticias/brasil/governo-de-pe-dara-r-15-mil-a-desabrigados-e-pensao-vitalicia-a-dependentes-das-vitimas-fatais.html,09/06/2022 12h34,Recurso vai ser distribuído em parcela única; dependentes de vítimas fatais passam a receber pensão vitalícia de um salário mínimo; Estado tem 9.134 pessoas que perderam suas casas e outras 119.523 estão desalojadas
Adolescente morre em Recife após deslizamento de terra; Pernambuco já tem 129 mortos,https://jovempan.com.br/noticias/brasil/adolescente-morre-em-recife-apos-deslizamento-de-terra-estado-ja-tem-129-mortos.html,07/06/2022 10h23,"Quatro municípios registraram acidentes após chuvas da madrugada desta terça-feira; número de desabrigados diminuiu para 9.134 e desalojados subiu para 119.523, segundo a Defesa Civil"
"Em Pernambuco, mais de 71 mil pessoas estão desalojadas ou desabrigadas após chuvas",https://jovempan.com.br/noticias/brasil/em-pernambuco-mais-de-71-mil-pessoas-estao-desalojadas-e-desabrigadas-apos-chuvas.html,05/06/2022 16h47,Número de cidades que decretaram Situação de Emergência aumentou de 34 para 37
Chuva forte causa alagamentos e novo deslizamento no Recife; não há vítimas,https://jovempan.com.br/noticias/brasil/chuva-forte-causa-alagamentos-e-novo-deslizamento-no-recife-nao-ha-vitimas.html,04/06/2022 18h47,Corpo de Bombeiros atendeu deslizamento de barreira no Córrego do Boleiro por volta do meio-dia
Mais de 25% dos óbitos causados pelas chuvas na década ocorreram em 2022,https://jovempan.com.br/noticias/brasil/mais-de-25-dos-obitos-causados-pelas-chuvas-na-decada-ocorreram-em-2022.html,31/05/2022 19h43,"Segundo Confederação Nacional de Municípios, nos últimos dez anos, foram 1.756 vítimas em decorrência dos excessos de chuvas; nos últimos cinco meses, porém, houve um acumulado de 457 mortes"
Sobe para 120 o número de mortos em Pernambuco em decorrência das chuvas,https://jovempan.com.br/noticias/brasil/sobe-para-100-o-numero-de-mortos-em-pernambuco-em-decorrencia-das-chuvas.html,31/05/2022 12h07,"Ao todo, 7.312 pessoas estão desabrigadas e ao menos 4 continuam desaparecidas no Estado; apesar da chuva continuar com intensidade moderada, buscas estão mantidas"
Bombeiros retomam buscas por 26 desaparecidos em PE após pausa por risco de deslizamento,https://jovempan.com.br/noticias/brasil/bombeiros-retomam-buscas-por-26-desaparecidos-em-pe-apos-pausa-por-risco-de-deslizamento.html,31/05/2022 09h19,Corporação afirma que pequenas paralisações no trabalho fazem parte da técnica de busca; previsão é de chuvas moderadas até a próxima sexta-feira
Sobe para 91 o número de mortos por causa das chuvas em Pernambuco,https://jovempan.com.br/noticias/brasil/sobe-para-91-o-numero-de-mortos-por-causa-das-chuvas-em-pernambuco.html,30/05/2022 12h01,Outras 26 pessoas continuam desaparecidas e 6 mil estão desabrigadas; previsão é de que precipitações continuem com intensidade moderada até a próxima sexta-feira
"‘Ondas no leste’ provocaram chuvas no Recife, explica geógrafo",https://jovempan.com.br/programas/jornal-da-manha/ondas-no-leste-provocaram-chuvas-no-recife-explica-geografo.html,30/05/2022 07h13,Fiscalização e obras de infraestrutura são necessárias para evitar inundações e vítimas fatais; fenômeno também ocorreu em 2010 e 2017
Chuvas em Pernambuco: 14 municípios decretam estado de emergência,https://jovempan.com.br/noticias/brasil/chuvas-em-pernambuco-nove-municipios-decretam-estado-de-emergencia.html,29/05/2022 15h39,Temporais que atingem o Estado desde o início da semana causaram a morte de ao menos 56 pessoas
Bolsonaro diz que irá a Recife na segunda para ‘se inteirar da tragédia’,https://jovempan.com.br/noticias/brasil/bolsonaro-diz-que-ira-a-recife-na-segunda-para-se-inteirar-da-tragedia.html,29/05/2022 10h34,"Presidente prometeu liberação de recursos para auxiliar os municípios atingidos pelas fortes chuvas que causaram, até o momento, a morte de 35 pessoas"
Casa desliza por conta das enchentes e é levada pelo rio em Recife; veja vídeo,https://jovempan.com.br/noticias/brasil/casa-desliza-por-conta-das-enchentes-e-e-levada-pelo-rio-em-recife-veja-video.html,28/05/2022 22h09,"Homem grita desesperado: ‘Olha a casa caindo. Ô, senhor do céu. A casa caiu’; ao menos 33 pessoas já morreram por causa das fortes chuvas"
Governo federal aciona Forças Armadas para auxiliar municípios atingidos pelas chuvas em Pernambuco,https://jovempan.com.br/noticias/brasil/governo-federal-aciona-forcas-armadas-para-auxiliar-municipios-atingidos-pelas-chuvas-em-pernambuco.html,28/05/2022 17h26,"De acordo com balanço da Defesa Civil do Estado, ao menos 30 pessoas morreram em razão de deslizamentos de terra"
"Chuva congelada, neve e mínimas históricas: Onda de frio chega ao Brasil com ‘perigo’ no Sul",https://jovempan.com.br/programas/jornal-da-manha/chuva-congelada-neve-e-minimas-historicas-onda-de-frio-chega-ao-brasil-com-perigo-no-sul.html,17/05/2022 09h29,"Em São Paulo, mínima de 6ºC será registrada nesta quarta-feira, 18; produtores rurais de Minas Gerais, Goiás e do Mato Grosso devem sofrer com as baixas temperaturas"
Ciclone com ventos de mais de 100 km/h deve atingir a região Sul a partir desta terça,https://jovempan.com.br/noticias/brasil/ciclone-com-ventos-de-mais-de-100-km-h-deve-atingir-a-regiao-sul-a-partir-desta-terca.html,16/05/2022 20h26,"Órgãos do governo federal fazem recomendações à população de Rio Grande do Sul e Santa Catarina, que devem ser atingidos por vendavais"
"Entenda o que é chuva congelante, raro fenômeno que chega ao Brasil na próxima semana",https://jovempan.com.br/noticias/brasil/entenda-o-que-e-chuva-congelante-raro-fenomeno-que-chega-ao-brasil-na-proxima-semana.html,13/05/2022 16h24,"Massa de ar polar deve chegar ao centro-sul do país e derrubar temperaturas na próxima semana, gerando neve e geadas"
Comissão especial do Senado vota relatório final da tragédia de Petrópolis nesta quinta,https://jovempan.com.br/programas/jornal-da-manha/comissao-especial-do-senado-vota-relatorio-final-da-tragedia-de-petropolis-nesta-quinta.html,12/05/2022 09h14,Documento traz 95 recomendações que podem ajudar a reverter os estragos que aconteceram na cidade e minimizar riscos de novas tragédias
Ciclone em Santa Catarina deixa 22 cidades em estado de emergência,https://jovempan.com.br/noticias/brasil/ciclone-em-santa-catarina-deixa-22-cidades-em-estado-de-emergencia.html,06/05/2022 22h50,"Defesa Civil catarinense confirma três óbitos, 7.100 desalojados e 518 desabrigados; 13 presos conseguem escapar durante transferência"
Bombeiros encontram ossada em Brumadinho após mais de três anos da tragédia,https://jovempan.com.br/noticias/brasil/bombeiros-encontram-ossada-em-brumadinho-apos-mais-de-tres-anos-da-tragedia.html,03/05/2022 15h24,Ainda não é possível afirmar que a localização resultará em nova identificação de vítima; equipes ainda buscam seis desaparecidos
"Chuva forte causa alagamentos, deslizamentos e uma morte na região metropolitana do Rio",https://jovempan.com.br/noticias/brasil/chuva-forte-causa-alagamentos-deslizamentos-e-uma-morte-na-regiao-metropolitana-do-rio.html,30/04/2022 14h31,Pessoa estava em carro que caiu em valão no município de São Gonçalo; outros quatro ocupantes do veículo sofreram ferimentos leves
Número de mortos por enchentes na África do Sul chega a 433; outros 63 estão desaparecidos,https://jovempan.com.br/noticias/brasil/numero-de-mortos-por-enchentes-na-africa-do-sul-chega-a-433-outros-63-estao-desaparecidos.html,17/04/2022 22h42,"Governo estima que 40 mil pessoas tenham sido afetadas pelas inundações, 3.937 casas destruídas e 8.039 foram parcialmente danificadas"
"Em deslizamento no Rio, pedra destrói casa e prende pernas de jovem por 5 horas",https://jovempan.com.br/noticias/brasil/em-deslizamento-no-rio-pedra-destroi-casa-e-prende-pernas-de-jovem-por-5-horas.html,16/04/2022 19h19,"Lucas da Silva era o único dos seis moradores que estava na residência; após o resgate, ele foi levado em estado grave ao hospital"
Justiça dá prazo para prefeitura de São Paulo apresentar novo plano contra enchentes,https://jovempan.com.br/programas/jornal-da-manha/justica-da-prazo-para-prefeitura-de-sao-paulo-apresentar-novo-plano-contra-enchentes.html,07/04/2022 12h05,Decisão atende a um pedido do Ministério Público; em março deste ano a cidade foi castigada pelas fortes chuvas e um jovem morreu ao ser levado pelas águas do rio Aricanduva
Mortos pelas chuvas no Rio de Janeiro chegam a 18,https://jovempan.com.br/noticias/brasil/mortos-pelas-chuvas-em-angra-dos-reis-sobem-para-10.html,04/04/2022 11h20,A cidade de Angra dos Reis foi a mais afetada pelas chuvas e já registra 10 mortos; cinco pessoas seguem desaparecidas em todo o Estado
"Após chuvas, rodovia Rio-Santos apresenta mais de 20 trechos interditados",https://jovempan.com.br/noticias/brasil/apos-chuvas-rodovia-rio-santos-apresenta-mais-de-20-trechos-interditados.html,03/04/2022 20h10,"Bloqueio das vias ocorre de maneira total ou parcial devido a deslizamentos de terra, queda de postes e desmoronamentos nas vias"
Chuvas no Estado do Rio de Janeiro deixam 16 mortos e pelo menos oito desaparecidos,https://jovempan.com.br/noticias/brasil/bombeiros-encontram-mais-tres-corpos-em-angra-dos-reis-e-vitimas-das-chuvas-no-rj-chegam-a-13.html,02/04/2022 17h30,"Cidades ficaram alagadas, e muitos moradores perderam casas, carros, móveis e eletrodomésticos; Angra dos Reis e Paraty foram os municípios mais castigados"
Mãe e seis filhos morrem após deslizamento em Paraty,https://jovempan.com.br/noticias/brasil/mae-e-cinco-filhos-morrem-apos-deslizamento-em-paraty.html,02/04/2022 14h09,Uma criança de 9 anos foi socorrida pelos moradores e sobreviveu; outras sete casas do bairro Ponta Negra sofreram danos
"Fortes chuvas alagam cidades, causam deslizamentos e deixam ao menos 13 mortos no Estado do RJ",https://jovempan.com.br/noticias/brasil/fortes-chuvas-alagam-cidades-causam-deslizamentos-e-deixam-ao-menos-9-mortos-no-estado-do-rj.html,02/04/2022 12h52,"Em Angra dos Reis, morreram uma criança e um adolescente, e 13 pessoas estão desaparecidas; Nova Iguaçu, Paraty e Mesquita também foram drasticamente atingidas"
Deslizamentos em Angra dos Reis deixam pelo menos 11 desaparecidos,https://jovempan.com.br/noticias/brasil/deslizamentos-em-angra-dos-reis-deixam-pelo-menos-11-desaparecidos.html,02/04/2022 09h57,Equipes do Corpo de Bombeiros ainda trabalham na busca por vítimas em Ilha Grande e Ponta Negra
Bombeiros encontram mais uma possível vítima das chuvas em Petrópolis,https://jovempan.com.br/noticias/brasil/bombeiros-encontram-mais-uma-possivel-vitima-das-chuvas-em-petropolis.html,24/03/2022 23h28,Corpo encontrado no Rio Piabanha pode ser de desaparecido do temporal de 15 de fevereiro
Chuvas deixam pelo menos 5 mortos em Petrópolis; 3 estão desaparecidos,https://jovempan.com.br/noticias/brasil/chuvas-deixam-pelo-menos-5-mortos-em-petropolis-3-estao-desaparecidos.html,21/03/2022 13h56,"Defesa Civil mantém alerta para risco alto de deslizamento nesta segunda-feira, 21, e reforça a orientação para que a população busque locais seguros"
Chuva forte em Petrópolis causa alagamentos e Defesa Civil aciona sirenes,https://jovempan.com.br/noticias/brasil/chuva-forte-em-petropolis-causa-alagamentos-e-defesa-civil-aciona-sirenes.html,20/03/2022 16h16,Centro da cidade ficou debaixo d’água; população foi orientada a procurar locais seguros
"Atingida por tragédia, Petrópolis tem aviso de alerta por causa de chuva",https://jovempan.com.br/noticias/brasil/atingida-por-tragedia-petropolis-tem-aviso-de-alerta-por-causa-de-chuva.html,20/03/2022 15h25,Chuva que deve começar a cair durante a tarde pode se prolongar ao longo da noite; 233 pessoas morreram no temporal do dia 15 de fevereiro
Mortos pelas chuvas em Petrópolis chegam a 195; desaparecidos são 69,https://jovempan.com.br/noticias/brasil/mortos-pelas-chuvas-em-petropolis-chegam-a-183-desaparecidos-sao-85.html,22/02/2022 15h38,"Secretaria de Defesa Civil emitiu alerta para o risco de chuvas em diversas áreas do município nesta terça-feira, 22; 32 vítimas são menores de idade"
Tragédia em Petrópolis já causou 181 mortes; previsão é de mais chuvas nesta segunda,https://jovempan.com.br/noticias/brasil/tragedia-em-petropolis-ja-causou-176-mortes-previsao-e-de-mais-chuvas-nesta-segunda.html,21/02/2022 08h25,"Segundo a Polícia Civil, há registros de 126 pessoas que ainda estão desaparecidas"
Mortos pelas chuvas em Petrópolis chegam a 171; 124 já foram identificados,https://jovempan.com.br/noticias/brasil/numero-de-mortos-pelas-chuvas-em-petropolis-sobe-para-171.html,20/02/2022 23h35,Prefeitura da cidade da região serrana do Rio de Janeiro informou que 114 sepultamentos foram feitos até o momento
Defesa Civil aciona sirene e previsão aponta novas chuvas em Petrópolis; 124 vítimas foram identificadas,https://jovempan.com.br/noticias/brasil/defesa-civil-aciona-sirene-e-previsao-aponta-novas-chuvas-em-petropolis-124-vitimas-foram-identificadas.html,20/02/2022 18h50,Monitoramento de equipe técnica indica a possibilidade de ocorrer chuva moderada nas próximas horas
Polícia Civil identifica 124 vítimas das chuvas em Petrópolis; veja a lista,https://jovempan.com.br/noticias/brasil/policia-civil-identifica-124-vitimas-das-chuvas-em-petropolis-veja-a-lista.html,20/02/2022 14h13,"Ao todo, 152 corpos já foram localizados e 165 pessoas permanecem desaparecidas"
Petrópolis: Mais de 200 animais já foram resgatados em áreas de deslizamentos,https://jovempan.com.br/noticias/brasil/petropolis-mais-de-200-animais-ja-foram-resgatados-em-areas-de-deslizamentos.html,20/02/2022 13h28,Animais estão sendo direcionados para lares temporários e clínicas voluntárias
Defesa Civil aciona sirenes em Petrópolis e faz alerta para chuvas fortes; tragédia já deixou 152 mortos,https://jovempan.com.br/noticias/brasil/defesa-civil-aciona-sirenes-em-petropolis-e-faz-alerta-para-chuvas-fortes-tragedia-ja-deixou-139-mortos.html,19/02/2022 16h50,"Para melhorar a comunicação na operação que acontece na cidade, foram instaladas antenas de internet"
Mudanças climáticas devem tornar as tragédias ambientais mais frequentes; entenda,https://jovempan.com.br/programas/jornal-da-manha/mudancas-climaticas-deve-tornar-as-tragedias-ambientais-mais-frequentes-entenda.html,19/02/2022 10h53,"Especialista avalia a relação entre os eventos climáticos e os recentes casos de enchentes, deslizamentos de terra e temporais no Brasil"
Petrópolis inicia 5º dia de buscas com previsão de chuvas; mortes já chegam a 139,https://jovempan.com.br/noticias/brasil/petropolis-inicia-5o-dia-de-buscas-com-previsao-de-chuvas-mortes-ja-chegam-a-136.html,19/02/2022 09h31,"Segundo o Inmet, há riscos de corte de energia elétrica, queda de galhos de árvores, alagamentos e de descargas elétricas; ao menos 19 vítimas já foram sepultadas neste sábado"
Secretaria da Saúde de Petrópolis alerta para doenças após contato com água de enchentes,https://jovempan.com.br/noticias/brasil/secretaria-da-saude-de-petropolis-alerta-para-doencas-apos-contato-com-agua-de-enchentes.html,18/02/2022 23h13,"Tétano, leptospirose e outras enfermidades causam preocupação após tragédia das chuvas na cidade do Rio de Janeiro"
Três pessoas morrem soterradas em deslizamento de terra em Caratinga (MG),https://jovempan.com.br/noticias/brasil/tres-pessoas-morrem-soterradas-em-deslizamento-de-terra-em-caratinga-mg.html,18/02/2022 18h28,"Vizinhos retiraram os corpos enterrados antes do Corpo de Bombeiros chegar ao local, mas família estava sem vida"
"Petrópolis sofre com saques, cenário de guerra e mais chuvas; mortos sobem para 136",https://jovempan.com.br/noticias/brasil/petropolis-sofre-com-saques-cenario-de-guerra-e-mais-chuvas-mortos-sobem-para-129.html,18/02/2022 17h04,"Segundo o Corpo de Bombeiros, 24 pessoas foram resgatadas com vida e 967 estão desabrigadas; total de desaparecidos é de 218"
Vítimas de deslizamentos começam a ser sepultadas em Petrópolis,https://jovempan.com.br/programas/jornal-da-manha/vitimas-de-deslizamentos-comecam-a-ser-sepultadas-em-petropolis.html,18/02/2022 10h43,Cidade ainda trabalha para encontrar vítimas; governo diz ter montado uma força tarefa para identificar as pessoas com mais rapidez
Mortos em Petrópolis chegam a 129 e Defesa Civil alerta para novos deslizamentos,https://jovempan.com.br/noticias/brasil/sirenes-voltam-a-tocar-em-nove-regioes-de-petropolis-numero-de-mortos-ja-chega-a-120.html,18/02/2022 08h08,"Segundo o Inmet, há previsão de chuva superior a 60mm/h ou acima de 100mm/dia, com alagamentos, transbordamento de rios e queda de encostas; ao menos 116 pessoas ainda estão desaparecidas"
"‘Escapei da morte por um minuto’, diz sobrevivente da tragédia de Petrópolis",https://jovempan.com.br/noticias/brasil/escapei-da-morte-por-um-minuto-diz-sobrevivente-da-tragedia-de-petropolis.html,17/02/2022 21h34,"Morador da região do Alto da Serra, Rodrigo Kopke, de 48 anos, decidiu fumar na parte externa da casa segundos antes de seu quarto ser levado pela avalanche de lama: ‘Foi um terror, um filme de terror’"
São Paulo registra alagamentos em dia de fortes chuvas,https://jovempan.com.br/noticias/brasil/sao-paulo-registra-alagamentos-em-dia-de-fortes-chuvas.html,17/02/2022 20h14,Circulação no corredor metropolitano de ônibus ABD foi alterada por causa das inundações
Novo deslizamento provoca evacuação de área em Petrópolis,https://jovempan.com.br/noticias/brasil/novo-deslizamento-provoca-evacuacao-de-area-em-petropolis.html,17/02/2022 18h11,"Moradores foram orientados a deixar suas casas, na rua 24 de Maio, diante de risco de novo desabamento; desabrigados foram encaminhados para pontos de acolhimento montados pela Prefeitura"
"Chuvas voltam a castigar Petrópolis, e Defesa Civil interdita trechos inundados na cidade",https://jovempan.com.br/noticias/brasil/defesa-civil-aciona-sirenes-e-emite-alerta-sobre-chuvas-fortes-em-petropolis-para-as-proximas-horas.html,17/02/2022 17h44,"No início da noite desta quinta-feira, em uma hora, foram registrados mais de 60 milímetros de precipitação; buscas por vítimas foram interrompidas"
Ao menos 50 animais são resgatados após tragédia em Petrópolis,https://jovempan.com.br/noticias/brasil/ao-menos-50-animais-sao-resgatados-apos-tragedia-em-petropilis.html,17/02/2022 16h53,"Fortes chuvas que atingem o município desde a última terça-feira têm causado deslizamentos de terra, inundações e desabamento de casas"
Defesa Civil de Petrópolis emite alerta de fortes chuvas nesta sexta; moradores recebem SMS,https://jovempan.com.br/noticias/brasil/defesa-civil-de-petropolis-emite-alerta-de-fortes-chuvas-nesta-sexta-moradores-recebem-sms.html,17/02/2022 10h49,"Previsão é que temporais continuem no município até o sábado, 19, acompanhados por descargas elétricas e rajadas de vento forte"
"Tragédia em Petrópolis aconteceu por falta de interesse político, afirma pesquisador da USP",https://jovempan.com.br/programas/jornal-da-manha/tragedia-em-petropolis-aconteceu-por-falta-de-interesse-politico-afirma-pesquisador-da-usp.html,17/02/2022 10h12,"Segundo Paulo Artaxo, havia recursos disponíveis para prevenir situações como a que ocorreu, mas não foram utilizados pela prefeitura"
Cláudio Castro: chuva que atingiu Petrópolis foi ‘a pior desde 1932’,https://jovempan.com.br/noticias/brasil/claudio-castro-chuva-que-atingiu-petropolis-foi-a-pior-desde-1932.html,16/02/2022 19h19,Governador do Rio de Janeiro esteve no local e informou que foram registrados 240 milímetros de chuva em apenas duas horas
Cláudio Castro diz que cenário em Petrópolis é de guerra e que sirenes impediram tragédia maior,https://jovempan.com.br/noticias/brasil/claudio-castro-diz-que-cenario-em-petropolis-e-de-guerra-e-que-sirenes-impediram-tragedia-maior.html,16/02/2022 18h46,"Segundo o governador, o Sistema de Alerta e Alarme foi importante para evitar um número maior de óbitos; 78 pessoas morreram"
Saiba como ajudar as vítimas da chuva na Região Serrana do RJ,https://jovempan.com.br/noticias/brasil/saiba-como-ajudar-as-vitimas-da-chuva-na-regiao-serrana-do-rj.html,16/02/2022 17h10,"Diferentes campanhas arrecadam alimentos, água potável, cobertores, itens de higiene e roupas para famílias afetadas"
Tragédia em Petrópolis: Chuva causa deslizamento de terra e arrasta veículos; veja imagens,https://jovempan.com.br/noticias/brasil/tragedia-em-petropolis-chuva-causa-deslizamento-de-terra-e-arrasta-veiculos-veja-imagens.html,16/02/2022 17h07,"Forte temporal deixou ao menos 66 pessoas mortas, entre elas duas crianças; equipes se mobilizam em busca de sobreviventes"
Veja vídeos das enxurradas e dos deslizamentos de terra em Petrópolis,https://jovempan.com.br/noticias/brasil/veja-videos-do-momento-exato-do-deslizamento-de-terra-em-petropolis.html,16/02/2022 14h38,"Com o excesso de água que atingiu a região, casas, carros, ônibus, lojas e árvores foram arrastados, e as vias públicas se transformaram em um rio"
Flávio Bolsonaro lamenta tragédia em Petrópolis e diz que sobrevoará local com o presidente,https://jovempan.com.br/noticias/brasil/flavio-bolsonaro-lamenta-tragedia-em-petropolis-e-diz-que-sobrevoara-local-com-o-presidente.html,16/02/2022 11h51,"Senador se pronunciou sobre a tragédia e afirmou que irá ao local sexta-feira com o presidente, que estará retornando de viagem e vai diretamente para o Rio de Janeiro"
Fortes chuvas em Petrópolis deixam ao menos 38 mortos,https://jovempan.com.br/noticias/brasil/fortes-chuvas-em-petropolis-deixam-ao-menos-seis-mortos-diz-ministro-rogerio-marinho.html,15/02/2022 22h25,Buscas por sobreviventes e corpos prosseguem na cidade da região serrana do Rio de Janeiro; temporal deve continuar ao longo da quarta-feira
Marco Vinholi nega que São Paulo tenha investido menos em obras contra enchentes: ‘Investimento recorde’,https://jovempan.com.br/programas/jornal-da-manha/marco-vinholi-nega-que-sao-paulo-tenha-investido-menos-em-obras-contra-enchentes-investimento-recorde.html,09/02/2022 08h35,"Secretário de Desenvolvimento Regional projeta destinação de R$ 1,2 bilhão neste ano para ações nos municípios; Estado registrou 34 mortos em janeiro em decorrência das chuvas"
"Em 1 mês, São Paulo tem mais mortes por deslizamentos que em todo 2021",https://jovempan.com.br/programas/jornal-da-manha/em-1-mes-sao-paulo-tem-mais-mortes-por-deslizamentos-que-em-todo-2021.html,08/02/2022 08h26,Investimento em prevenção pelo governo estadual foi menor do que a metade do previsto
Defesa Civil emite alerta de fortes chuvas em cidades de São Paulo na próxima semana,https://jovempan.com.br/noticias/brasil/defesa-civil-emite-alerta-de-fortes-chuvas-em-cidades-de-sao-paulo-na-proxima-semana.html,05/02/2022 18h32,"De acordo com o órgão, os temporais podem causar mais alagamentos, inundações, enxurradas e deslizamentos de terra"
Mortes pelas chuvas em SP sobem para 32; mais de 5 mil famílias estão desabrigadas,https://jovempan.com.br/noticias/brasil/numero-de-mortes-pelas-chuvas-em-sp-sobe-para-32-mais-de-5-mil-familias-estao-desabrigadas.html,04/02/2022 15h35,Corpo de Bombeiros localizou mais uma vítima do deslizamento em Franco da Rocha; 2 ainda estão desaparecidos
Mais dois corpos são encontrados em Franco da Rocha; número de mortos após chuvas vai para 29 em SP,https://jovempan.com.br/noticias/brasil/mais-dois-corpos-sao-encontrado-em-franco-da-rocha-numero-de-mortos-vai-para-29-em-sp.html,03/02/2022 08h49,Cidade contabiliza 13 vítimas fatais das tragédias ocorridas no último final de semana; bombeiros ainda trabalham com a possibilidade de encontrar sobreviventes
Governo federal nega pedido de Doria por verba de R$ 470 milhões para cidades atingidas pelas chuvas,https://jovempan.com.br/noticias/brasil/governo-federal-nega-pedido-de-doria-por-verba-de-r-470-milhoes-para-cidades-atingidas-pelas-chuvas.html,01/02/2022 15h52,"Segundo Rogério Marinho, a requisição de recursos foi para obras regulares de contenção, não para execução de ações emergenciais; presidente disse que ‘fará o possível’ para auxiliar os municípios"
Famílias de Embu da Artes tentam recuperar pertences após deslizamentos,https://jovempan.com.br/programas/jornal-da-manha/familias-de-embu-da-artes-tentam-recuperar-pertences-apos-deslizamentos.html,01/02/2022 09h13,Imóveis foram internados pela Defesa Civil no domingo após duas casas serem atingidas; três pessoas da mesma família morreram soterradas
"‘Até zonas que não eram consideradas de risco foram impactadas pelo grande volume de chuvas’, diz Vinholi",https://jovempan.com.br/programas/jornal-da-manha/ate-zonas-que-nao-eram-consideradas-de-risco-foram-impactadas-pelo-grande-volume-de-chuvas-diz-vinholi.html,01/02/2022 08h28,"Segundo o secretário de Desenvolvimento Regional de São Paulo, choveu em 72 horas mais do que era esperado em um mês; governo estadual espera ajuda do governo federal"
Bolsonaro visita áreas afetadas pelas chuvas em São Paulo nesta terça-feira,https://jovempan.com.br/programas/jornal-da-manha/bolsonaro-visita-areas-afetadas-pelas-chuvas-em-sao-paulo-nesta-terca-feira.html,01/02/2022 08h23,"Presidente estará acompanhado do ministro da Cidadania, João Roma; governo federal trabalha para apoiar as cidades prejudicadas com a doação de alimentos e liberação do FGTS"
Sobe para 24 o número de mortos pelas chuvas no Estado de São Paulo,https://jovempan.com.br/noticias/brasil/sobe-para-24-o-numero-de-mortos-pelas-chuvas-no-estado-de-sao-paulo.html,31/01/2022 17h02,Defesa Civil confirmou mais três mortes em Franco da Rocha; corpos ainda estão sendo extraídos dos escombros pelas equipes de resgate
Prefeito de Itapevi decreta estado de emergência devido às chuvas e faz apelo ao governo federal,https://jovempan.com.br/programas/jornal-da-manha/prefeito-de-itapevi-decreta-estado-de-emergencia-devido-as-chuvas-e-faz-apelo-ao-governo-federal.html,31/01/2022 10h12,Igor Soares defende a criação de um programa habitacional tripartite para acabar com as moradias irregulares e evitar novos acidentes; bebê de três meses morreu após deslizamento no município
"Fortes chuvas devem persistir em São Paulo até quarta-feira, afirma meteorologista do Inmet",https://jovempan.com.br/programas/jornal-da-manha/fortes-chuvas-devem-persistir-em-sao-paulo-ate-quarta-feira-afirma-meteorologista-do-inmet.html,31/01/2022 10h09,"Segundo Mamedes Luiz Melo, o Estado já está no limite em relação à média climatológica, já tendo ultrapassado 200 milímetros em vários municípios"
Doria lamenta mortes causadas pelas chuvas em SP e anuncia liberação de R$ 15 milhões para municípios atingidos,https://jovempan.com.br/noticias/brasil/doria-lamenta-mortes-causadas-pelas-chuvas-em-sp-e-anuncia-liberacao-de-r-15-milhoes-para-municipios-atingidos.html,30/01/2022 16h05,"Segundo balanço da gestão estadual, pelo menos 18 pessoas morreram em decorrência dos temporais que atingiram, de forma mais intensa, 11 cidades do Estado"
"Chuvas no Estado de São Paulo causam deslizamentos, alagam cidades e deixam 21 mortos",https://jovempan.com.br/noticias/brasil/chuvas-no-estado-de-sao-paulo-causam-deslizamentos-e-deixam-cidades-alagadas.html,30/01/2022 13h28,"Cidades mais castigadas foram Arujá, Franco da Rocha, Francisco Morato, Embu das Artes, Várzea Paulista, Campo Limpo Paulista, Jaú, Ribeirão Preto, Capivari, Monte Mor e Rafard"
Prefeitura de São Paulo suspende vacinação em parques e farmácias por causa da chuva,https://jovempan.com.br/noticias/brasil/prefeitura-de-sao-paulo-suspende-vacinacao-em-parques-e-farmacias-por-causa-da-chuva.html,30/01/2022 10h17,Imunização será retomada na capital paulista nesta segunda-feira; temporais causaram alagamentos na cidade
Deslizamento de terra deixa três mortos em Embu das Artes,https://jovempan.com.br/noticias/brasil/deslizamento-de-terra-deixa-tres-mortos-em-embu-das-artes.html,30/01/2022 09h30,Outras quatro pessoas que viviam no imóvel conseguiram escapar com a ajuda de vizinhos
Tragédia de Brumadinho completa 3 anos com poucas barragens desativadas e prazo perto do fim,https://jovempan.com.br/noticias/brasil/tragedia-de-brumadinho-completa-3-anos-com-poucas-barragens-desativadas-e-prazo-perto-do-fim.html,25/01/2022 10h00,"Empresas já admitiram que 42 estruturas não serão desativadas no tempo determinado pela lei; Vale, responsável pela maioria das barragens, prevê terminar a descaracterização em 2035"
Governo libera mais R$ 104 milhões para cidades afetadas pelas chuvas na Bahia,https://jovempan.com.br/programas/jornal-da-manha/governo-libera-mais-r-104-milhoes-para-cidades-afetadas-pelas-chuvas-na-bahia.html,20/01/2022 07h51,"Segundo a Defesa Civil, 27 pessoas morreram e 523 ficaram feridas em decorrência das enchentes, que afetaram mais de 130 municípios do Estado"
Sobe para 27 o número de mortos pelas chuvas na Bahia,https://jovempan.com.br/programas/jornal-da-manha/sobe-para-27-o-numero-de-mortos-pelas-chuvas-na-bahia.html,17/01/2022 07h50,Nova vítima é idoso de 72 anos que se afogou na região oeste do Estado; 190 cidades continuam sob decreto de situação de emergência
Deslizamento de terra destrói casarão no centro histórico de Ouro Preto; veja vídeo,https://jovempan.com.br/noticias/brasil/deslizamento-de-terra-destroi-casarao-no-centro-historico-de-ouro-preto.html,13/01/2022 11h00,"Acidente aconteceu nesta quinta-feira, 13, e também atingiu um depósito; segundo a Defesa Civil, a recomendação é que os moradores não passem pela região"
Zema prevê mudanças climáticas e aumento de chuvas em MG no futuro e fala da necessidade de reformas,https://jovempan.com.br/programas/jornal-da-manha/zema-preve-mudancas-climaticas-e-aumento-de-chuvas-em-mg-no-futuro-e-fala-da-necessidade-de-reformas.html,13/01/2022 07h24,"Quase 4 mil pessoas estão desabrigadas e 24,6 mil desalojadas no Estado; 24 morreram desde o início dos temporais em outubro"
"95% dos afetados pelas chuvas em MG devem conseguir voltar para casa, diz governador",https://jovempan.com.br/noticias/brasil/95-dos-afetados-pelas-chuvas-em-mg-devem-conseguir-voltar-para-casa-diz-governador.html,12/01/2022 16h28,Romeu Zema disse que a prioridade é assistência humanitária às famílias e informou que o governo federal enviará recursos ao Estado
Chuvas causam mais 5 mortes em Minas Gerais; total de vítimas chega a 24,https://jovempan.com.br/noticias/brasil/chuvas-causam-mais-5-mortes-em-minas-gerais-total-de-vitimas-chega-a-24.html,12/01/2022 15h03,"De acordo com a Defesa Civil, mais de 3 mil pessoas estão desabrigadas; 341 cidades estão em estado de emergência"
São Paulo entra em estado de atenção para alagamentos nesta terça-feira,https://jovempan.com.br/noticias/brasil/sao-paulo-entra-em-estado-de-atencao-para-alagamentos-nesta-terca-feira.html,11/01/2022 14h33,"Segundo o Centro de Gerenciamento de Emergências, a capital paulista segue com tempo instável nas próximas horas"
Chuva causa dez mortes em 24 horas em MG; mais de 3 mil estão desabrigados,https://jovempan.com.br/noticias/brasil/chuva-causa-dez-mortes-em-24-horas-em-mg-3481-estao-desabrigados.html,11/01/2022 13h47,"Uma das vítimas é uma criança de 10 anos, que morreu soterrada em São Gonçalo do Rio Abaixo na madrugada do dia 10, após o desabamento de um muro"
"Afetado pelas chuvas, Estado de MG vive série de riscos para segurança das pessoas, diz coordenador da Defesa Civil",https://jovempan.com.br/programas/jornal-da-manha/afetado-pelas-chuvas-estado-de-mg-vive-serie-de-riscos-para-seguranca-das-pessoas-diz-coordenador-da-defesa-civil.html,11/01/2022 09h30,"Previsão é que chuvas continuem atingindo a região nesta terça-feira, 11; avaliação é que cenário permanece crítico em 20% dos municípios, com riscos geológicos principalmente na região metropolitana de BH"
Polícia identifica última das 10 vítimas da tragédia de Capitólio,https://jovempan.com.br/noticias/brasil/policia-identifica-8-dos-10-mortos-na-tragedia-de-capitolio-veja-quem-sao.html,10/01/2022 08h59,"Vítimas eram de São Paulo e Minas Gerais, estavam na lancha ‘Jesus’ e se conheciam, segundo delegado"
Romeu Zema decreta luto de 3 dias por vítimas de Capitólio e fortes chuvas,https://jovempan.com.br/noticias/brasil/romeu-zema-decreta-luto-de-3-dias-por-vitimas-de-capitolio-e-fortes-chuvas.html,10/01/2022 06h48,Decreto acontece após o desabamento de um cânion causar a morte de 10 pessoas em Minas Gerais; cidades sofrem consequências dos temporais na região
Polícia identifica 5 dos 10 mortos na tragédia em Capitólio; vítimas são de MG e SP,https://jovempan.com.br/noticias/brasil/policia-identifica-5-dos-10-mortos-na-tragedia-em-capitolio-vitimas-sao-de-mg-e-sp.html,09/01/2022 20h53,"Segundo o delegado, vítimas se conheciam e estavam hospedadas na mesma pousada"
Bombeiros encontram corpos e mortos na tragédia de Capitólio sobem para 10,https://jovempan.com.br/noticias/brasil/bombeiros-encontram-ultimos-desaparecidos-e-numero-de-morto-em-capitolio-sobe-para-dez.html,09/01/2022 15h19,"Polícia Civil acredita que as duas vítimas eram pai e filho; buscas seguem no Lago de Furnas, embora as autoridades suspeitem que não há mais nenhuma pessoa sumida"
Deslizamento de barragem interdita rodovia em Paraty,https://jovempan.com.br/noticias/brasil/deslizamento-de-barragem-interdita-rodovia-em-paraty.html,09/01/2022 12h49,Estrada só será liberada obras de reparo emergenciais; autoridades fluminenses pedem que todos os motoristas busquem rotas alternativas
Marinha abre investigação para apurar causas da tragédia em Capitólio,https://jovempan.com.br/noticias/brasil/marinha-abre-investigacao-para-apurar-causas-da-tragedia-em-capitolio.html,09/01/2022 12h01,"Serão analisadas a segurança da navegação, a habilitação dos barqueiros e a observância das normas e legislações para navegabilidade na região"
"Para especialistas, surtos em navios eram ‘tragédia anunciada’; entenda por que cruzeiros são propícios à Covid-19",https://jovempan.com.br/noticias/brasil/para-especialistas-surtos-em-navios-eram-tragedia-anunciada-entenda-por-que-cruzeiros-sao-propicios-a-covid-19.html,09/01/2022 10h00,Associação Brasileira de Navios de Cruzeiros anunciou suspensão das atividades após dezenas de infectados; médicas dizem que vacinação diminuiu possibilidade de casos graves da doença
"Bolsonaro, autoridades e políticos falam sobre tragédia em Capitólio",https://jovempan.com.br/noticias/brasil/bolsonaro-autoridades-e-politicos-falam-sobre-tragedia-em-capitolio.html,08/01/2022 17h46,"Senadores, deputados e ministros utilizaram as redes sociais para prestarem solidariedade às vítimas da tragédia; até o momento, foram confirmadas cinco mortes"
"Transbordamento em Minas Gerais ocorreu devido às fortes chuvas, explica bombeiro",https://jovempan.com.br/noticias/brasil/transbordamento-em-minas-gerais-ocorreu-devido-as-fortes-chuvas-explica-bombeiro.html,08/01/2022 14h38,"Tenente Pedro Haiara deu entrevista à Jovem Pan News e explicou o que causou o acidente em Nova Lima, na região metropolitana de Minas Gerais"
"Tornado passa por Santa Catarina, causa alagamentos, derruba árvores e arranca telhados",https://jovempan.com.br/noticias/brasil/defesa-civil-confirma-passagem-de-tornado-em-santa-catarina.html,06/01/2022 16h14,"Região atingida foi a do Vale do Itajaí; ventos chegaram a 130 km/h, de acordo com a Defesa Civil"
Governo do Tocantins decreta situação de emergência em decorrência de enchentes,https://jovempan.com.br/noticias/brasil/governo-do-tocantins-decreta-situacao-de-emergencia-em-decorrencia-de-enchentes.html,06/01/2022 11h01,Estado sofre com desastres causados pelas fortes chuvas desde 24 de dezembro de 2021; decreto terá vigência de 90 dias
Mortos pelas chuvas no Estado da Bahia sobem para 26,https://jovempan.com.br/noticias/brasil/mortos-pelas-chuvas-no-estado-da-bahia-sobem-para-26.html,03/01/2022 23h00,"Ao todo há 518 feridos no estado, com 30.915 pessoas desabrigadas e 62.731 desalojadas"
Tocantins chega a 340 pessoas desabrigadas em decorrência de enchentes,https://jovempan.com.br/noticias/brasil/tocantins-chega-a-340-pessoas-desabrigadas-em-decorrencia-de-enchentes.html,03/01/2022 14h45,"De acordo com a Defesa Civil do Estado, 35 municípios foram afetados pelas fortes chuvas; 114 pessoas foram desalojadas"
Saúde envia mais 34 médicos para atender vítimas de enchentes na Bahia,https://jovempan.com.br/noticias/brasil/saude-envia-mais-34-medicos-para-atender-vitimas-de-enchentes-na-bahia.html,03/01/2022 11h43,"Segundo o ministro Marcelo Queiroga, 119 profissionais serão deslocados ao local até o dia 10 de janeiro"
Bombeiros de São Paulo voltam da Bahia e contam como foi o trabalho de auxílio nas enchentes,https://jovempan.com.br/programas/jornal-da-manha/bombeiros-de-sao-paulo-voltam-da-bahia-e-contam-historias-das-enchentes.html,03/01/2022 07h29,"Agentes atuaram em duas frentes, uma mais indireta, de transporte de equipes, e outra mais direta, com ação humanitária, socorro de vítimas isoladas e entrega de alimentos e remédios"
Chuva forte deixa pontos de alagamento na cidade de São Paulo,https://jovempan.com.br/noticias/brasil/chuva-forte-deixa-pontos-de-alagamento-na-cidade-de-sao-paulo.html,02/01/2022 19h13,"Trechos intransitáveis no Centro e na Zona Oeste paralisaram avenidas na tarde deste domingo, 2"
Defesa Civil emite alerta de fortes chuvas para Belo Horizonte,https://jovempan.com.br/noticias/brasil/defesa-civil-emite-alerta-de-fortes-chuvas-para-belo-horizonte.html,01/01/2022 16h30,Capital mineira pode ter fortes chuvas com rajadas de vento e raios; previsão é válida até às 8h de domingo
Bolsonaro libera R$ 700 milhões para atender regiões atingidas pela chuva,https://jovempan.com.br/noticias/brasil/bolsonaro-libera-r-700-milhoes-para-atender-regioes-atingidas-pela-chuva.html,31/12/2021 16h19,Governo editou medida provisória que destina quantia para o Ministério da Cidadania poder prestar assistência a cidades da Bahia e de Minas Gerais
Chuvas atingem cidades do litoral norte de SP e causam alagamentos; veja vídeos,https://jovempan.com.br/noticias/brasil/chuvas-atingem-cidades-do-litoral-norte-de-sp-e-causam-alagamentos-veja-videos.html,30/12/2021 22h13,Cidades como Ilhabela e Caraguatatuba tiveram mais de 100mm de chuva e viram fortes enxurradas se formarem nas ruas
Gilmar Mendes fala sobre desastres na Bahia e diz que agenda deve ser tratada com prioridade,https://jovempan.com.br/programas/jornal-da-manha/gilmar-mendes-fala-sobre-desastres-na-bahia-e-diz-que-agenda-deve-ser-tratada-com-prioridade.html,30/12/2021 08h07,Ministro do STF usou redes sociais para se pronunciar sobre desastre natural que deixou mais de 20 mortos e devastou dezenas de cidades
Sobe para 24 o número de mortos pelas tempestades na Bahia,https://jovempan.com.br/noticias/brasil/sobe-para-24-o-numero-de-mortos-pelas-tempestades-na-bahia.html,29/12/2021 18h58,"Em números atualizados da Defesa Civil, são 37.324 desabrigados, 53.934 desalojados e 434 feridos"
Seis pessoas morreram e mais de 2 mil estão desabrigadas em Minas Gerais pelas fortes chuvas,https://jovempan.com.br/noticias/brasil/seis-pessoas-morreram-e-mais-de-2-mil-estao-desabrigadas-em-minas-gerais-pelas-fortes-chuvas.html,29/12/2021 18h27,O município de Salinas sofreu com o transbordamento do rio e a interdição de quatro pontes que ligam os dois lados da cidade
Bahia tem maior acumulado de chuvas em um único mês dos últimos 32 anos,https://jovempan.com.br/noticias/brasil/bahia-tem-maior-acumulado-de-chuvas-em-um-unico-mes-dos-ultimos-32-anos.html,29/12/2021 12h45,"Itamaraju foi o município mais castigado, com 769,8mm, mais que o quíntuplo da climatologia do município para dezembro"
Sobe para 21 o número de mortos em enchentes na Bahia e mais de 77 mil estão desabrigados,https://jovempan.com.br/noticias/brasil/sobe-para-21-o-numero-de-mortos-em-enchentes-na-bahia-e-mais-de-34-mil-estao-desabrigados.html,28/12/2021 18h42,Pelo menos 136 municípios decretaram situação de emergência; 358 pessoas ficaram feridas
Chuvas causam alagamentos no ABC paulista e prejudicam circulação de trens da CPTM,https://jovempan.com.br/noticias/brasil/chuvas-causam-alagamentos-no-abc-paulista-e-prejudicam-circulacao-de-trens-da-cptm.html,28/12/2021 18h08,Ao menos duas estações de trem da linha 10-Turquesa registraram alagamento; Defesa Civil emitiu alerta
"Fortes chuvas na Bahia devem continuar e podem ocorrer em outros estados, diz especialista",https://jovempan.com.br/programas/jornal-da-manha/fortes-chuvas-na-bahia-devem-continuar-e-podem-ocorrer-em-outros-estados-diz-especialista.html,28/12/2021 09h16,"Em conversa com o ‘Jornal da Manhã’, Maria Clara Sassaki afirmou que Minas Gerais, Piauí, Tocantins, Maranhão e Espírito Santo podem ver fortes chuvas nos próximos dias"
Chuvas deixam cidades isoladas no Piauí após rompimento de estrada,https://jovempan.com.br/noticias/brasil/chuvas-deixam-cidades-isoladas-no-piaui-apos-rompimento-de-estrada.html,27/12/2021 20h49,Parte da PI-247 cedeu na ligação entre Uruçuí e Ribeiro Gonçalves na manhã desta segunda-feira
Mortos por chuvas na Bahia sobem para 20 e mais de 31 mil estão desabrigados,https://jovempan.com.br/noticias/brasil/numero-de-desabrigados-na-bahia-chega-a-31-405-chuva-deixa-100-cidades-em-estado-de-emergencia.html,27/12/2021 19h07,Governo do Estado eleva para 100 o número de cidades em situação de emergência; tempestades devem dar trégua a partir de quarta-feira
Bahia chega a 20 mortos em decorrência das chuvas; mais de 70 cidades estão em situação de emergência,https://jovempan.com.br/noticias/brasil/bahia-chega-a-20-mortos-em-decorrencia-das-chuvas-mais-de-70-cidades-estao-em-situacao-de-emergencia.html,27/12/2021 15h53,"Enchentes afetaram, até agora, 430 mil pessoas e deixaram um rastro de desabrigados e desalojados; governador Rui Costa afirma que esta é a maior tragédia da história do Estado"
Rui Costa classifica enchentes como ‘maior desastre já ocorrido na Bahia’,https://jovempan.com.br/noticias/brasil/rui-costa-classifica-enchentes-como-maior-desastre-ja-ocorrido-na-bahia.html,27/12/2021 11h24,"O governador do Estado afirmou que não há registro de outra tragédia que tenha atingido tantos municípios ao mesmo tempo; 72 cidades foram afetadas, deixando 16 mil pessoas desabrigadas e 18 mortos"
Famosos se mobilizam para ajudar regiões afetadas pelas chuvas na Bahia,https://jovempan.com.br/programas/jornal-da-manha/famosos-se-mobilizam-para-ajudar-regioes-afetadas-pelas-chuvas-na-bahia.html,27/12/2021 10h19,"Com mensagens de apoio, divulgação de pontos de doação e anúncio de atos beneficentes, influencers deram visibilidade para tragédia que deixou milhares de desabrigados"
Famílias de MG e BA afetadas pela chuva vão receber vale-gás a partir desta segunda-feira,https://jovempan.com.br/programas/jornal-da-manha/familias-de-mg-e-ba-afetadas-pela-chuva-vao-receber-vale-gas-a-partir-desta-segunda-feira.html,27/12/2021 07h25,"Para beneficiários de outros estados, valor começa a ser pago no dia 18 de janeiro; previsão é de que primeiro mês de auxílio seja de R$ 52"
"Chuvas na Bahia afetam mais de 430 mil pessoas, deixam 16 mil desabrigados e 18 mortos",https://jovempan.com.br/noticias/brasil/chuvas-na-bahia-afetam-mais-de-431-mil-pessoas-deixam-16-mil-desabrigados-e-18-mortos.html,26/12/2021 22h25,"Governo do Estado eleva para 72 as cidades em situação de emergência, mais de 50 municípios estão debaixo d’água; nova barragem se rompe e a previsão é de mais chuva nos próximos dias"
Governo de São Paulo envia força-tarefa para auxiliar vítimas das chuvas na Bahia,https://jovempan.com.br/noticias/brasil/governo-de-sao-paulo-envia-forca-tarefa-para-auxiliar-vitimas-das-chuvas-na-bahia.html,25/12/2021 20h06,"No total, 66 municípios estão em estado de emergência; Superintendência de Proteção e Defesa Civil do Estado registra 4.185 desabrigados e 17 mortes"
Chuvas voltam a causar inundações na Bahia; governador cria base de apoio em Ilhéus,https://jovempan.com.br/noticias/brasil/chuvas-voltam-a-causar-inundacoes-na-bahia-governador-cria-base-de-apoio-em-ilheus.html,25/12/2021 16h14,"Desde o mês de novembro, Superintendência de Proteção e Defesa Civil do Estado registra 4.185 desabrigados, 11.260 desalojados, 286 feridos e 17 mortes"
Chuva em SP atrasa mais de 70 voos do aeroporto de Guarulhos,https://jovempan.com.br/noticias/brasil/chuva-em-sp-atrasa-mais-de-70-voos-do-aeroporto-de-guarulhos.html,17/12/2021 20h40,Operação foi impactada pela queda de sistema de iluminação do aeroporto após um alagamento na subestação elétrica
Ação de controladora de tráfego aéreo evita tragédia em Congonhas,https://jovempan.com.br/programas/jornal-da-manha/acao-de-controladora-de-trafego-aereo-evita-tragedia-em-congonhas.html,15/12/2021 12h22,Presidente do Fórum Brasileiro para o Desenvolvimento da Aviação Civil destaca que ocorrido prova que voar no país é muito seguro
"Chuvas no sul da Bahia deixam dez mortos e 6,3 mil desabrigados",https://jovempan.com.br/noticias/brasil/chuvas-no-sul-da-bahia-ja-deixaram-dez-mortos-e-63-mil-desabrigados.html,13/12/2021 16h49,51 municípios estão em estado de emergência; governo estadual anuncia gabinete de crise e envia projeto de lei à assembleia estadual que cria linha de crédito para comerciantes
"Chuvas no sul da Bahia afetam 70 mil pessoas e deixam 3,7 mil desabrigados; Bolsonaro sobrevoa a região",https://jovempan.com.br/noticias/brasil/chuvas-no-sul-da-bahia-afetam-70-mil-pessoas-e-deixam-37-mil-desabrigados-bolsonaro-sobrevoa-a-regiao.html,12/12/2021 14h08,"Governos federal e estadual tentam lidar com a destruição na região, que já colocou 20 cidades em situação de emergência, segundo os Bombeiros"
Bolsonaro vai sobrevoar neste domingo regiões afetadas pelas chuvas na Bahia,https://jovempan.com.br/noticias/brasil/bolsonaro-vai-sobrevoar-neste-domingo-regioes-afetadas-pelas-chuvas-na-bahia.html,12/12/2021 08h12,"Presidente irá para o local com os ministros do Desenvolvimento Regional, Rogério Marinho, e da Cidadania, João Roma; ele deve falar com jornalistas em seguida"
Caixa vai liberar FGTS para cidades atingidas pelas chuvas na BA e MG,https://jovempan.com.br/noticias/brasil/caixa-vai-liberar-fgts-para-cidades-atingidas-pelas-chuvas-na-ba-e-mg.html,11/12/2021 16h29,Presidente do Banco garantiu que o valor a ser retirado será até o limite de R$ 6.220
Segundo dia do Enem tem perguntas sobre tragédia de Mariana e Copa do Brasil,https://jovempan.com.br/noticias/brasil/segundo-dia-do-enem-tem-perguntas-sobre-tragedia-de-mariana-e-copa-do-brasil.html,28/11/2021 19h55,"Estudantes realizaram as provas de Matemática e Ciências da Natureza, com 45 questões sobre cada área"
"Em operação contra milícias, Polícia Civil do Rio de Janeiro resgata mulher que seria queimada viva",https://jovempan.com.br/noticias/brasil/em-operacao-contra-milicias-policia-civil-do-rio-de-janeiro-resgata-mulher-que-seria-queimada-viva.html,17/11/2021 00h31,Ação visava sufocar fontes de financiamento de grupos na zona oeste da cidade e na Baixada Fluminense
Governo federal lamenta tragédia e exalta Marília Mendonça: ‘Cantora do mundo’,https://jovempan.com.br/noticias/brasil/governo-federal-lamenta-tragedia-e-exalta-marilia-mendonca-cantora-do-mundo.html,05/11/2021 19h00,Secretaria Especial de Cultura e o secretário Mário Frias lamentaram a perda da cantora nas redes sociais
Chuvas intensas podem atingir nove Estados neste domingo; veja lista,https://jovempan.com.br/noticias/brasil/chuvas-intensas-podem-atingir-nove-estados-neste-domingo-veja-lista.html,17/10/2021 08h03,"Regiões estão zona laranja, com grau de severidade considerado ‘perigoso’ para o Inmet"
Naufrágio após tempestade deixa pelo menos 6 mortos em Mato Grosso do Sul,https://jovempan.com.br/noticias/brasil/naufragio-apos-tempestade-deixa-pelo-menos-6-mortos-em-mato-grosso-do-sul.html,16/10/2021 14h01,Sobrevivente do acidente afirma que sete pessoas ficaram submersas após o barco virar; bombeiros seguem no local com o apoio da Marinha
Nova tempestade de poeira atinge cidades do interior de São Paulo,https://jovempan.com.br/noticias/brasil/nova-tempestade-de-poeira-atinge-cidades-do-interior-de-sao-paulo.html,14/10/2021 17h10,Fenômeno é causado pelo tempo seco e falta de chuvas; tempestade causou queda de energia e transtornos em Ribeirão Preto
Bombeiros encontram corpo após 2 anos e 8 meses da tragédia em Brumadinho: ‘Esperança nos motiva’,https://jovempan.com.br/programas/jornal-da-manha/bombeiros-encontram-corpo-apos-2-anos-e-8-meses-da-tragedia-em-brumadinho-esperanca-nos-motiva.html,03/10/2021 10h05,Expectativa é que restos mortais localizados sejam de uma das nove vítimas ainda desaparecidas
Entenda o que causou a tempestade de poeira no interior de São Paulo e qual a chance de acontecer de novo,https://jovempan.com.br/noticias/brasil/entenda-o-que-causou-a-tempestade-de-poeira-no-interior-de-sao-paulo.html,27/09/2021 16h28,Meteorologista explica que o que levantou a poeira foi uma frente de rajada de vento; chance de o fenômeno ocorrer novamente nos próximos meses em São Paulo é pequena
"Após tempestade de areia, Sabesp pede que população de Franca não desperdice água na limpeza",https://jovempan.com.br/noticias/brasil/apos-tempestade-de-areia-sabesp-pede-que-populacao-de-franca-nao-desperdice-agua-na-limpeza.html,27/09/2021 14h10,"Companhia ressaltou que o município passa por um período de estiagem, com rodízio no abastecimento"
Chuva ajuda a apagar incêndio na Chapada dos Veadeiros,https://jovempan.com.br/programas/jornal-da-manha/chuva-ajuda-a-apagar-incendio-na-chapada-dos-veadeiros.html,26/09/2021 09h39,Chamas duravam duas semanas na região; polícia acredita em motivação criminal
"Agravado pelas queimadas, tempo seco castiga moradores de São Paulo",https://jovempan.com.br/programas/jornal-da-manha/agravado-pelas-queimadas-tempo-seco-castiga-moradores-de-sao-paulo.html,26/08/2021 10h07,"Pela primeira vez em 22 anos, a capital paulista atingiu o nível péssimo de qualidade do ar nesta semana; incêndio no Parque Estadual do Juquery, em Franco da Rocha, contribuiu para o cenário"
Estudo aponta que área queimada no Brasil aumentou 10 vezes em 35 anos,https://jovempan.com.br/programas/jornal-da-manha/estudo-aponta-que-area-queimada-no-brasil-aumentou-10-vezes-em-35-anos.html,16/08/2021 06h38,"Levantamento do projeto Mapbiomas mostra que quase 20% do território nacional já foi atingido pelo fogo, entre locais de floresta, de campo, pasto e com produção agrícola"
MG garante que está monitorando os efeitos de deslizamento de terra em mineradora do Estado,https://jovempan.com.br/programas/jornal-da-manha/mg-garante-que-esta-monitorando-os-efeitos-de-deslizamento-de-terra-em-mineradora-do-estado.html,10/08/2021 07h18,"Obra da mineradora Itaminas, localizada na Mina do Engenho Seco, deslizou nesta segunda, 9"
Sá Leitão fala em ‘tragédia anunciada’ e coloca Estado e Prefeitura à disposição para assumir Cinemateca,https://jovempan.com.br/programas/jornal-da-manha/sa-leitao-fala-em-tragedia-anunciada-e-coloca-estado-e-prefeitura-a-disposicao-para-assumir-cinemateca.html,30/07/2021 10h58,"Secretário estadual de Cultura afirmou que a negligência começou em 2019, quando o contrato com a organização social responsável pela gestão foi rompido"
"Melhora da economia deve agravar situação de reservatórios na seca, diz ONS",https://jovempan.com.br/programas/jornal-da-manha/melhora-da-economia-deve-agravar-situacao-de-reservatorios-na-seca-diz-ons.html,23/07/2021 06h17,"Segundo o Operador Nacional do Sistema Elétrico, o impacto maior deve ser maior nos subsistemas Sul e Nordeste, com as reservas chegando quase ao limite em novembro"
Especialistas alertam que Pantanal pode sofrer pior seca dos últimos anos,https://jovempan.com.br/programas/jornal-da-manha/especialistas-alertam-que-pantanal-pode-sofrer-pior-seca-dos-ultimos-anos.html,18/07/2021 11h56,"Quase 700 focos de fogo ativo na região pantaneira na bacia do Rio Paraguai, mais importante bacia do bioma, foram registrados desde o início do ano"
Governo de Mato Grosso do Sul avalia decretar emergência por queimadas,https://jovempan.com.br/programas/jornal-da-manha/governo-de-mato-grosso-do-sul-avalia-decretar-emergencia-por-queimadas.html,13/07/2021 06h44,"Falta de chuvas e a baixa umidade do ar são os principais responsáveis pela propagação das chamas; julho, agosto e setembro devem registrar um volume de precipitação até 50% menor do que a média histórica"
"Com escassez de chuvas para os próximos anos no Brasil, crise hídrica preocupa",https://jovempan.com.br/programas/jornal-da-manha/com-escassez-de-chuvas-para-os-proximos-anos-no-brasil-crise-hidrica-preocupa.html,12/07/2021 11h17,"Especialistas apontam que os reservatórios brasileiros podem não dar conta da demanda já em 2021; segundo o Ministério de Minas e Energia, o país enfrenta o período mais seco dos últimos 91 anos"
Amazônia registra o maior número de queimadas desde 2007,https://jovempan.com.br/programas/jornal-da-manha/amazonia-registra-o-maior-numero-de-queimadas-desde-2007.html,02/07/2021 10h03,"Em junho deste ano, foram 2.308 focos de calor na região, um recorde para os últimos 14 anos"
Mulher trans queimada viva no Recife tem braço amputado; prefeito diz que crime ‘não pode ser tolerado’,https://jovempan.com.br/noticias/brasil/mulher-trans-queimada-viva-no-recife-tem-braco-amputado-prefeito-diz-que-crime-nao-pode-ser-tolerado.html,27/06/2021 17h10,"Roberta encontra-se na sala de recuperação, mas o estado de saúde é considerado grave; João Campos afirmou que vai ‘cobrar a investigação’ do caso"
"Lei Seca completa 13 anos, e multas nas rodovias federais caem 64%",https://jovempan.com.br/programas/jornal-da-manha/lei-seca-completa-13-anos-e-multas-nas-rodovias-federais-caem-64.html,20/06/2021 13h00,Especialista alerta que próximo passo para garantir segurança no trânsito é aprimorar fiscalização para uso de psicoativos
Tragédia de Mariana: Juristas e ONGs pedem afastamento do juiz Mário de Paula,https://jovempan.com.br/programas/jornal-da-manha/tragedia-de-mariana-juristas-e-ongs-pedem-afastamento-do-juiz-mario-de-paula.html,29/04/2021 06h15,"Autoridades apontam que ‘nenhum reassentamento foi construído e não houve responsabilização criminal dos envolvidos’; caso completa seis anos em novembro, ainda sem solução"
"Fortes chuvas causam alagamentos, prejuízos ao trânsito e acidente em São Paulo; veja imagens",https://jovempan.com.br/noticias/brasil/fortes-chuvas-causam-alagamentos-prejuizos-ao-transito-e-acidente-em-sao-paulo.html,19/03/2021 18h44,"Com exceção da Zona Sul, todas as regiões da capital entraram em estado de atenção na tarde desta sexta-feira, 19"
"Chuva causa pontos de alagamento, mas deve dar trégua nos próximos dias",https://jovempan.com.br/noticias/brasil/apos-chuvas-cge-encerra-estado-de-atencao-em-sao-paulo.html,02/03/2021 18h35,"Durante a chuva, foram registrados quatro pontos de alagamento na cidade, sendo que, após atualização feita por volta das 18h, nenhum deles ainda estava ativo"
Corpo de criança é resgatado e número de mortos após chuvas em Minas Gerais sobe para 6,https://jovempan.com.br/noticias/brasil/corpo-de-crianca-e-resgatado-e-numero-de-mortos-apos-chuvas-em-minas-gerais-sobe-para-6.html,22/02/2021 15h42,Menino foi o último dos quatro moradores de casa na cidade de Santa Maria de Itabira a ser retirado dos escombros; previsão é de que chuva continue no estado
"‘Há 17 anos não víamos um evento como esse’, afirma prefeito de Rio Branco sobre enchentes no Acre",https://jovempan.com.br/noticias/brasil/ha-17-anos-nao-viamos-um-evento-como-esse-afirma-prefeito-de-rio-branco-sobre-crise-no-acre.html,22/02/2021 11h53,"Além da pandemia de Covid-19, estado também enfrenta surto de dengue e crise migratória; segundo Tião Bocalom, o governo federal tem sido solícito em relação aos problemas da cidade"
Previsão do tempo: Carnaval será de chuva e frio na região Sudeste,https://jovempan.com.br/noticias/brasil/carnaval-sera-de-chuva-e-frio-na-regiao-sudeste.html,12/02/2021 16h37,"Acumulados significativos de precipitações atingirão principalmente Minas Gerais e Espírito Santo, diz o INMET"
Chuvas fortes causam alagamentos em SP e cidade entra em estado de atenção,https://jovempan.com.br/noticias/brasil/chuvas-fortes-causam-alagamentos-em-sp-e-cidade-entra-em-estado-de-atencao.html,11/02/2021 15h21,"Segundo a Prefeitura, novas áreas de chuva que atuam no interior seguem em direção à capital"
Chuvas em São Paulo deixam quatro pontos de alagamento intransitáveis,https://jovempan.com.br/noticias/brasil/chuvas-em-sao-paulo-deixam-quatro-pontos-de-alagamento-intransitaveis.html,10/01/2021 17h05,"Todas as áreas da capital paulista ficaram em estado de atenção durante a tarde, mas próximas horas não devem ter novas pancadas de chuva"
"Em época de chuvas, moradores temem novos deslizamentos de terra em São Paulo",https://jovempan.com.br/programas/jornal-da-manha/em-epoca-de-chuvas-moradores-temem-novos-deslizamentos-de-terra-em-sao-paulo.html,07/01/2021 11h02,"Segundo a Defesa Civil, a capital paulista tem 481 áreas de risco, sendo a Zona Sul uma das regiões mais atingidas"
Chuva causa deslizamento de terra e deixa mortos em Embu das Artes,https://jovempan.com.br/noticias/brasil/chuva-causa-deslizamento-de-terra-e-deixa-mortos-em-embu-das-artes.html,30/12/2020 11h38,"Entre as vítimas estão uma mulher de 25 anos e os três filhos — 5 anos, 7 anos e oito meses; Defesa Civil alerta para fortes volumes de chuva nos próximos dias"
Temporal provoca alagamentos e deixa carros submersos no Morumbi,https://jovempan.com.br/programas/jornal-da-manha/temporal-provoca-alagamentos-e-deixa-carros-submersos-no-morumbi.html,30/12/2020 07h47,Corpo de Bombeiros recebeu 53 chamados para enchentes e 28 para queda de árvores
Samarco retoma atividades em Mariana cinco anos após desastre ambiental,https://jovempan.com.br/noticias/brasil/samarco-retoma-atividades-em-mariana-cinco-anos-apos-desastre-ambiental.html,25/12/2020 13h40,Retorno ocorre antes de os moradores atingidos pela tragédia serem realocados para local próximo do rompimento da barragem; até hoje ninguém foi responsabilizado pelo ocorrido
Rodrigo Maia diz que ministro Eduardo Pazuello ‘é um desastre’,https://jovempan.com.br/programas/jornal-da-manha/rodrigo-maia-diz-que-ministro-eduardo-pazuello-e-um-desastre.html,17/12/2020 09h08,Presidente da Câmara questionou capacidade de logística do militar para a área de Saúde
